## SLURM PROLOG ###############################################################
##    Job ID : 401076
##  Job Name : ah_stage_d_fchpa_corrective_train
##  Nodelist : gpu2260
##      CPUs : 1
##  Mem/Node : 32768 MB
## Directory : /oscar/home/smdesai/antigravity_poker/anitgravity-txhm
##   Job Started : Tue Feb 17 11:11:26 AM EST 2026
###############################################################################
Job: ah_stage_d_fchpa_corrective_train (401076)
Node: gpu2260
Date: Tue Feb 17 11:11:26 AM EST 2026
Submit dir: /oscar/home/smdesai/antigravity_poker/anitgravity-txhm
-------------------
Running Stage D corrective continuation training:
  config=quadro_stage_d_fchpa_evfirst_longrun_30k_guarded
  strict_abstraction=true
  wandb_group=stage_d_longrun_30k
Optional module pokerkit_wrapper was not importable: No module named 'pokerkit'
Loaded Config: quadro_stage_d_fchpa_evfirst_longrun_30k_guarded
Config(GAME_NAME='universal_poker', ENV_PRESET='hunl_fchpa', BETTING_ABSTRACTION='fchpa', STRICT_ABSTRACTION=True, PLAYERS=2, STACK_SIZE=20000, SMALL_BLIND=50, BIG_BLIND=100, MAX_ACTION_HISTORY=64, NUM_ACTORS=1, FULLGAME_CURRICULUM_ENABLE=True, FULLGAME_CURRICULUM_PHASE1_END=0.3, FULLGAME_CURRICULUM_PHASE2_END=0.7, FULLGAME_CURRICULUM_MAX_RAISE_POT_MULT_P1=1.0, FULLGAME_CURRICULUM_MAX_RAISE_POT_MULT_P2=2.5, EMBEDDING_DIM=64, HIDDEN_DIM=256, NUM_LAYERS_CARD=3, NUM_LAYERS_ACTION=2, DROPOUT=0.1, USE_LAYERNORM=True, USE_RESIDUAL=True, SCALAR_DIM=11, ALGO='ppo_ksp', CFR_ITERATIONS=30000, ROLLOUT_EPISODES=384, SELF_PLAY_GAMES=20, PPO_EPOCHS=2, PPO_MINIBATCH_SIZE=256, PPO_CLIP_EPS=0.2, PPO_GAMMA=0.995, PPO_GAE_LAMBDA=0.95, PPO_VALUE_COEF=0.35, PPO_ENTROPY_COEF=0.003, PPO_TARGET_KL=0.008, PPO_ADV_CLIP=5.0, PPO_ADAPTIVE_KL_ENABLE=True, PPO_ADAPTIVE_KL_HIGH=2.0, PPO_ADAPTIVE_KL_LOW=0.5, PPO_ADAPTIVE_LR_DECAY=0.5, PPO_ADAPTIVE_LR_GROWTH=1.05, VALUE_LOSS_TYPE='huber', VALUE_HUBER_DELTA=10.0, VALUE_TARGET_SCALE=20.0, EXPLAINED_VAR_VAR_FLOOR=0.0001, SKIP_NONFINITE_GRAD=True, SCHEDULE_RELATIVE_TO_RESUME=True, MIN_ROLLOUT_TRANSITIONS=1024, SELF_PLAY_TEMPERATURE_START=1.02, SELF_PLAY_TEMPERATURE_END=1.0, SELF_PLAY_TEMPERATURE_DECAY_FRAC=0.35, PPO_ENTROPY_COEF_START=0.0038, PPO_ENTROPY_COEF_END=0.0023, PPO_ENTROPY_DECAY_FRAC=0.4, LEAGUE_RANDOM_OPPONENT_PROB=0.0, LEAGUE_OPPONENT_PROB=0.75, RANDOM_OPPONENT_PROB=0.1, EXPLOIT_OPPONENT_PROB=0.15, EXPLOIT_OPPONENT_SET='always_call,pot_pressure,sticky_call,passive_caller', STYLE_TARGET_PROFILE_PATH='', STYLE_TARGET_USE_SOLVER_PROFILE=False, STYLE_REG_ENABLE=False, STYLE_REG_COEF_START=0.0, STYLE_REG_COEF_END=0.0, STYLE_REG_DECAY_FRAC=0.6, STYLE_POT_HINGE_COEF=0.5, K_BEST=20, LEAGUE_INIT_RATING=1200.0, LEAGUE_K_FACTOR=24.0, PFSP_BETA=1.1, SNAPSHOT_INTERVAL=20, LR=6e-05, WEIGHT_DECAY=1e-05, BATCH_SIZE=256, BUFFER_SIZE=500000, GRAD_CLIP=0.5, GRAD_ACCUM_STEPS=1, AMP=False, LR_SCHEDULER='none', EVAL_FREQ=500, EVAL_EPISODES=300, EVAL_BASELINE_ALGO='mccfr_external_sampling', EVAL_BASELINE_ITERS=2000, EVAL_BASELINE_SEEDS=3, EVAL_BASELINE_CACHE_MODE='process', EVAL_BASELINE_LABEL='MCCFR-ES', EVAL_CFR_ITERATIONS=2000, EVAL_REQUIRE_BEHAVIOR_EXTENDED=True, EVAL_AGGRESSION_GATE_ENABLE=True, EVAL_MIN_PRE_FLOP_RAISE_TOTAL_FREQ=0.08, EVAL_ENVELOPE_ENABLE=True, EVAL_MIN_PRE_FLOP_FOLD_FREQ=0.35, EVAL_MAX_PRE_FLOP_FOLD_FREQ=0.55, EVAL_MIN_PRE_FLOP_CALL_CHECK_FREQ=0.4, EVAL_MAX_PRE_FLOP_ALLIN_FREQ=0.05, EVAL_MIN_PRE_FLOP_ENTROPY_BITS=1.1, EVAL_MAX_PRE_FLOP_ENTROPY_BITS=1.8, EVAL_POT_MIX_GATE_ENABLE=True, EVAL_POT_MIX_MIN_ABS=0.01, EVAL_POT_MIX_TARGET_FRACTION=0.6, EVAL_EXPLOIT_WEIGHT=0.2, EVAL_EXPLOIT_CLIP_BB100=500.0, EVAL_ENABLE_RANDOM=True, EVAL_ENABLE_CFR=True, EVAL_ENABLE_NASH_CONV=False, BEHAVIOR_GATE_ENABLE=True, BEHAVIOR_GATE_MAX_FOLD_FREQ=0.78, BEHAVIOR_GATE_MAX_ALLIN_FREQ=0.03, BEHAVIOR_GATE_MIN_PRE_FLOP_ENTROPY_BITS=0.75, BEHAVIOR_GATE_MIN_CALL_CHECK_FREQ=0.47, BEHAVIOR_GATE_MIN_HALF_POT_FREQ=0.01, BB_SIZE=100.0, CHECKPOINT_FREQ=50, MAX_CHECKPOINTS=1, CHECKPOINT_SINGLE_FILE=True, CHECKPOINT_SAVE_OPTIMIZER=False, CHECKPOINT_SAVE_SCHEDULER=False, CHECKPOINT_SAVE_LEAGUE=False, CHECKPOINT_SAVE_EXTRA=False, CHECKPOINT_SAVE_BEST_EVAL=True, CHECKPOINT_BEST_EVAL_PATH='checkpoints/best_eval_stage_d_longrun_30k.pt', LOG_INTERVAL=5, RUN_DIR='.', RESUME_FROM='checkpoints/snapshots/interview_ready/interview_ready_1.pt', RUN_ID='', CONFIG_NAME='quadro_stage_d_fchpa_evfirst_longrun_30k_guarded', ARCHIVE_ROOT='artifacts/runs', WANDB_PROJECT='alpha-holdem-poker', WANDB_ENTITY='', WANDB_RUN_NAME='', WANDB_TAGS='', WANDB_REQUIRE_ONLINE=True, WANDB_MODE='online', OFFLINE_LOGGING=True, SEED=42, DEVICE='cuda')
Starting training: start_step=21000, target_iterations=30000, device=cuda, run_id=20260217_161142
[iter=21005] rollout_mean_bb=12.6872 policy_loss=0.044967 value_loss=1.385450
[iter=21010] rollout_mean_bb=14.0854 policy_loss=-0.031524 value_loss=1.033235
[iter=21015] rollout_mean_bb=9.2701 policy_loss=-0.025140 value_loss=1.182530
[iter=21020] rollout_mean_bb=14.5971 policy_loss=-0.032105 value_loss=1.346449
[iter=21025] rollout_mean_bb=5.6639 policy_loss=-0.017970 value_loss=1.229977
[iter=21030] rollout_mean_bb=10.8231 policy_loss=0.000598 value_loss=1.469600
[iter=21035] rollout_mean_bb=17.8202 policy_loss=0.004254 value_loss=1.331786
[iter=21040] rollout_mean_bb=10.9777 policy_loss=-0.047712 value_loss=1.450050
[iter=21045] rollout_mean_bb=10.9963 policy_loss=0.002384 value_loss=1.282810
[iter=21050] rollout_mean_bb=8.0484 policy_loss=0.003415 value_loss=1.238578
[iter=21055] rollout_mean_bb=11.7968 policy_loss=-0.005240 value_loss=1.545386
[iter=21060] rollout_mean_bb=11.5385 policy_loss=0.035725 value_loss=1.447166
[iter=21065] rollout_mean_bb=15.7644 policy_loss=-0.008419 value_loss=1.040185
[iter=21070] rollout_mean_bb=-0.5808 policy_loss=-0.033775 value_loss=1.526788
[iter=21075] rollout_mean_bb=8.2707 policy_loss=0.007738 value_loss=1.094830
[iter=21080] rollout_mean_bb=7.8223 policy_loss=0.003525 value_loss=1.126262
[iter=21085] rollout_mean_bb=7.6324 policy_loss=0.181568 value_loss=1.532135
[iter=21090] rollout_mean_bb=4.2065 policy_loss=0.010752 value_loss=1.191946
[iter=21095] rollout_mean_bb=10.3224 policy_loss=0.076319 value_loss=1.295748
[iter=21100] rollout_mean_bb=6.3542 policy_loss=-0.087060 value_loss=0.962345
[iter=21105] rollout_mean_bb=2.1631 policy_loss=-0.000736 value_loss=1.357782
[iter=21110] rollout_mean_bb=9.9313 policy_loss=-0.022506 value_loss=1.185802
[iter=21115] rollout_mean_bb=11.4941 policy_loss=-0.356957 value_loss=1.768399
[iter=21120] rollout_mean_bb=6.3905 policy_loss=0.002430 value_loss=1.199624
[iter=21125] rollout_mean_bb=2.4425 policy_loss=0.162353 value_loss=1.616397
[iter=21130] rollout_mean_bb=8.4458 policy_loss=-0.006965 value_loss=1.043211
[iter=21135] rollout_mean_bb=10.2121 policy_loss=-0.007873 value_loss=1.037375
[iter=21140] rollout_mean_bb=6.1829 policy_loss=0.012679 value_loss=1.535719
[iter=21145] rollout_mean_bb=4.6523 policy_loss=0.010411 value_loss=1.179798
[iter=21150] rollout_mean_bb=11.8391 policy_loss=0.006179 value_loss=1.318833
[iter=21155] rollout_mean_bb=14.0280 policy_loss=-0.005606 value_loss=1.191658
[iter=21160] rollout_mean_bb=7.5000 policy_loss=0.005846 value_loss=1.344324
[iter=21165] rollout_mean_bb=10.4538 policy_loss=0.035763 value_loss=1.321198
[iter=21170] rollout_mean_bb=8.8672 policy_loss=0.001153 value_loss=1.139162
[iter=21175] rollout_mean_bb=11.4795 policy_loss=0.000301 value_loss=1.152825
[iter=21180] rollout_mean_bb=16.0000 policy_loss=-0.025317 value_loss=1.296941
[iter=21185] rollout_mean_bb=2.4757 policy_loss=0.007078 value_loss=1.612283
[iter=21190] rollout_mean_bb=10.2382 policy_loss=0.001337 value_loss=1.365383
[iter=21195] rollout_mean_bb=9.9515 policy_loss=-0.013601 value_loss=1.189226
[iter=21200] rollout_mean_bb=15.6415 policy_loss=0.255662 value_loss=1.856047
[iter=21205] rollout_mean_bb=4.8517 policy_loss=-0.024102 value_loss=1.217907
[iter=21210] rollout_mean_bb=11.9846 policy_loss=0.000144 value_loss=1.269564
[iter=21215] rollout_mean_bb=6.6041 policy_loss=0.096501 value_loss=1.433071
[iter=21220] rollout_mean_bb=12.2699 policy_loss=-0.014309 value_loss=1.496014
[iter=21225] rollout_mean_bb=8.1158 policy_loss=0.027351 value_loss=1.483079
[iter=21230] rollout_mean_bb=14.3047 policy_loss=-0.000518 value_loss=1.010884
[iter=21235] rollout_mean_bb=9.1776 policy_loss=0.056865 value_loss=1.134260
[iter=21240] rollout_mean_bb=8.3409 policy_loss=0.098998 value_loss=1.051679
[iter=21245] rollout_mean_bb=-2.2758 policy_loss=0.001593 value_loss=1.006924
[iter=21250] rollout_mean_bb=5.7067 policy_loss=0.096511 value_loss=1.280472
[iter=21255] rollout_mean_bb=9.9511 policy_loss=-0.082979 value_loss=1.375063
[iter=21260] rollout_mean_bb=10.3387 policy_loss=0.032550 value_loss=1.451430
[iter=21265] rollout_mean_bb=10.6578 policy_loss=-0.000291 value_loss=1.119516
[iter=21270] rollout_mean_bb=6.7607 policy_loss=0.196415 value_loss=1.758331
[iter=21275] rollout_mean_bb=7.9279 policy_loss=0.007457 value_loss=1.196997
[iter=21280] rollout_mean_bb=10.1759 policy_loss=-0.011310 value_loss=1.104238
[iter=21285] rollout_mean_bb=7.3110 policy_loss=-0.034255 value_loss=0.920097
[iter=21290] rollout_mean_bb=10.0649 policy_loss=0.039645 value_loss=1.080440
[iter=21295] rollout_mean_bb=8.2428 policy_loss=0.008255 value_loss=1.061429
[iter=21300] rollout_mean_bb=8.3984 policy_loss=0.004243 value_loss=1.144027
[iter=21305] rollout_mean_bb=13.6388 policy_loss=0.010174 value_loss=1.226297
[iter=21310] rollout_mean_bb=7.3022 policy_loss=0.001730 value_loss=1.344002
[iter=21315] rollout_mean_bb=13.9981 policy_loss=-0.055238 value_loss=1.378456
[iter=21320] rollout_mean_bb=7.4155 policy_loss=0.002292 value_loss=1.172877
[iter=21325] rollout_mean_bb=7.7580 policy_loss=-0.010167 value_loss=0.931938
[iter=21330] rollout_mean_bb=7.0754 policy_loss=0.217245 value_loss=1.719696
[iter=21335] rollout_mean_bb=13.0869 policy_loss=-0.058217 value_loss=1.462005
[iter=21340] rollout_mean_bb=12.5923 policy_loss=0.007173 value_loss=1.305841
[iter=21345] rollout_mean_bb=10.7214 policy_loss=-0.022477 value_loss=1.005334
[iter=21350] rollout_mean_bb=13.6676 policy_loss=-0.009257 value_loss=1.375429
[iter=21355] rollout_mean_bb=0.8486 policy_loss=0.011514 value_loss=1.409505
[iter=21360] rollout_mean_bb=10.4134 policy_loss=0.003564 value_loss=1.407246
[iter=21365] rollout_mean_bb=10.3933 policy_loss=0.004053 value_loss=1.464017
[iter=21370] rollout_mean_bb=10.3189 policy_loss=0.046578 value_loss=1.443069
[iter=21375] rollout_mean_bb=10.8292 policy_loss=0.001970 value_loss=1.329879
[iter=21380] rollout_mean_bb=6.7380 policy_loss=0.002853 value_loss=1.279203
[iter=21385] rollout_mean_bb=8.4865 policy_loss=0.002746 value_loss=1.379010
[iter=21390] rollout_mean_bb=7.8133 policy_loss=-0.015662 value_loss=1.228547
[iter=21395] rollout_mean_bb=5.0059 policy_loss=-0.028455 value_loss=1.269483
[iter=21400] rollout_mean_bb=7.7368 policy_loss=0.000639 value_loss=1.378651
[iter=21405] rollout_mean_bb=2.5140 policy_loss=0.034603 value_loss=0.771027
[iter=21410] rollout_mean_bb=2.6667 policy_loss=0.015599 value_loss=0.809615
[iter=21415] rollout_mean_bb=6.6167 policy_loss=0.000550 value_loss=0.889061
[iter=21420] rollout_mean_bb=4.9381 policy_loss=0.001164 value_loss=0.943291
[iter=21425] rollout_mean_bb=4.3750 policy_loss=-0.048088 value_loss=0.821970
[iter=21430] rollout_mean_bb=2.5067 policy_loss=0.063841 value_loss=1.088027
[iter=21435] rollout_mean_bb=3.3894 policy_loss=0.005847 value_loss=0.648038
[iter=21440] rollout_mean_bb=6.9882 policy_loss=0.002050 value_loss=0.861093
[iter=21445] rollout_mean_bb=2.9991 policy_loss=0.065946 value_loss=0.825222
[iter=21450] rollout_mean_bb=-1.8166 policy_loss=-0.018998 value_loss=0.719427
[iter=21455] rollout_mean_bb=2.3818 policy_loss=0.000174 value_loss=0.791644
[iter=21460] rollout_mean_bb=3.6312 policy_loss=0.076583 value_loss=1.025564
[iter=21465] rollout_mean_bb=3.2793 policy_loss=-0.112477 value_loss=1.012445
[iter=21470] rollout_mean_bb=3.7378 policy_loss=0.002143 value_loss=0.737279
[iter=21475] rollout_mean_bb=-0.0560 policy_loss=0.000231 value_loss=0.825831
[iter=21480] rollout_mean_bb=-0.1652 policy_loss=0.006785 value_loss=0.848974
[iter=21485] rollout_mean_bb=1.4973 policy_loss=0.015050 value_loss=0.911678
[iter=21490] rollout_mean_bb=-0.5158 policy_loss=0.030487 value_loss=0.866116
[iter=21495] rollout_mean_bb=0.3182 policy_loss=0.000203 value_loss=0.843218
[iter=21500] rollout_mean_bb=7.5451 policy_loss=-0.002043 value_loss=0.762124
[iter=21505] rollout_mean_bb=3.2979 policy_loss=0.021393 value_loss=0.729789
[iter=21510] rollout_mean_bb=1.8701 policy_loss=-0.004062 value_loss=0.656655
[iter=21515] rollout_mean_bb=3.1842 policy_loss=0.013380 value_loss=0.703931
[iter=21520] rollout_mean_bb=4.4752 policy_loss=-0.005555 value_loss=0.788704
[iter=21525] rollout_mean_bb=7.7250 policy_loss=-0.039394 value_loss=0.718734
[iter=21530] rollout_mean_bb=2.5998 policy_loss=-0.009511 value_loss=0.800477
[iter=21535] rollout_mean_bb=4.8785 policy_loss=-0.001326 value_loss=0.659015
[iter=21540] rollout_mean_bb=3.9454 policy_loss=-0.005866 value_loss=0.616096
[iter=21545] rollout_mean_bb=5.2033 policy_loss=-0.009563 value_loss=0.849091
[iter=21550] rollout_mean_bb=0.9266 policy_loss=-0.154000 value_loss=0.953722
[iter=21555] rollout_mean_bb=2.9469 policy_loss=-0.013777 value_loss=0.537052
[iter=21560] rollout_mean_bb=0.2560 policy_loss=-0.194691 value_loss=0.932155
[iter=21565] rollout_mean_bb=1.8153 policy_loss=0.030636 value_loss=0.866894
[iter=21570] rollout_mean_bb=2.5172 policy_loss=-0.073604 value_loss=0.778117
[iter=21575] rollout_mean_bb=-0.9186 policy_loss=-0.004090 value_loss=0.765866
[iter=21580] rollout_mean_bb=-1.0094 policy_loss=0.082704 value_loss=0.830606
[iter=21585] rollout_mean_bb=-1.9472 policy_loss=0.049129 value_loss=0.787537
[iter=21590] rollout_mean_bb=-0.3266 policy_loss=-0.219394 value_loss=1.128248
[iter=21595] rollout_mean_bb=0.9085 policy_loss=-0.139004 value_loss=0.922119
[iter=21600] rollout_mean_bb=3.6645 policy_loss=-0.006174 value_loss=0.589185
[iter=21605] rollout_mean_bb=6.0465 policy_loss=0.002405 value_loss=0.846079
[iter=21610] rollout_mean_bb=5.5817 policy_loss=0.005500 value_loss=0.694473
[iter=21615] rollout_mean_bb=0.4823 policy_loss=-0.033526 value_loss=0.541403
[iter=21620] rollout_mean_bb=3.8600 policy_loss=0.412648 value_loss=1.457740
[iter=21625] rollout_mean_bb=4.2557 policy_loss=0.003587 value_loss=0.783550
[iter=21630] rollout_mean_bb=4.4921 policy_loss=-0.022581 value_loss=0.492241
[iter=21635] rollout_mean_bb=4.0018 policy_loss=0.018140 value_loss=0.762591
[iter=21640] rollout_mean_bb=1.6117 policy_loss=-0.007712 value_loss=0.652884
[iter=21645] rollout_mean_bb=5.5474 policy_loss=-0.037648 value_loss=0.498879
[iter=21650] rollout_mean_bb=0.6844 policy_loss=0.009566 value_loss=0.596739
[iter=21655] rollout_mean_bb=0.0916 policy_loss=0.023493 value_loss=0.943222
[iter=21660] rollout_mean_bb=3.5982 policy_loss=-0.002191 value_loss=0.749591
[iter=21665] rollout_mean_bb=7.2741 policy_loss=0.001639 value_loss=0.770932
[iter=21670] rollout_mean_bb=2.4894 policy_loss=0.001168 value_loss=0.551939
[iter=21675] rollout_mean_bb=2.6477 policy_loss=0.000538 value_loss=0.634254
[iter=21680] rollout_mean_bb=-0.1513 policy_loss=-0.000552 value_loss=0.842256
[iter=21685] rollout_mean_bb=1.3077 policy_loss=0.037995 value_loss=0.843032
[iter=21690] rollout_mean_bb=-1.1297 policy_loss=-0.031189 value_loss=0.605279
[iter=21695] rollout_mean_bb=0.5426 policy_loss=0.003763 value_loss=0.796417
[iter=21700] rollout_mean_bb=-1.8664 policy_loss=0.001832 value_loss=0.753414
[iter=21705] rollout_mean_bb=0.8573 policy_loss=0.003800 value_loss=0.963579
[iter=21710] rollout_mean_bb=5.7531 policy_loss=-0.019879 value_loss=0.812137
[iter=21715] rollout_mean_bb=4.0600 policy_loss=-0.004189 value_loss=0.522049
[iter=21720] rollout_mean_bb=6.7621 policy_loss=-0.016669 value_loss=0.653327
[iter=21725] rollout_mean_bb=4.8495 policy_loss=-0.012109 value_loss=0.660915
[iter=21730] rollout_mean_bb=2.0766 policy_loss=0.007051 value_loss=0.713344
[iter=21735] rollout_mean_bb=2.5869 policy_loss=0.003695 value_loss=0.848939
[iter=21740] rollout_mean_bb=3.6661 policy_loss=0.008169 value_loss=0.670389
[iter=21745] rollout_mean_bb=1.7372 policy_loss=0.002900 value_loss=0.773067
[iter=21750] rollout_mean_bb=5.1988 policy_loss=0.001491 value_loss=0.510813
[iter=21755] rollout_mean_bb=4.2918 policy_loss=0.001405 value_loss=0.665666
[iter=21760] rollout_mean_bb=-0.1056 policy_loss=-0.023298 value_loss=0.464187
[iter=21765] rollout_mean_bb=6.2788 policy_loss=-0.005673 value_loss=0.793677
[iter=21770] rollout_mean_bb=1.7748 policy_loss=0.019432 value_loss=0.716246
[iter=21775] rollout_mean_bb=0.2297 policy_loss=-0.000917 value_loss=0.836277
[iter=21780] rollout_mean_bb=2.3967 policy_loss=-0.022254 value_loss=0.492291
[iter=21785] rollout_mean_bb=3.8174 policy_loss=0.003010 value_loss=0.803264
[iter=21790] rollout_mean_bb=5.8175 policy_loss=-0.006968 value_loss=0.577584
[iter=21795] rollout_mean_bb=3.5307 policy_loss=-0.026724 value_loss=0.623544
[iter=21800] rollout_mean_bb=1.8706 policy_loss=-0.011721 value_loss=0.705781
[iter=21805] rollout_mean_bb=6.2986 policy_loss=-0.002366 value_loss=0.728597
[iter=21810] rollout_mean_bb=3.9218 policy_loss=-0.044413 value_loss=0.959797
[iter=21815] rollout_mean_bb=2.4964 policy_loss=0.037909 value_loss=0.763432
[iter=21820] rollout_mean_bb=3.2450 policy_loss=0.021076 value_loss=0.668232
[iter=21825] rollout_mean_bb=3.3760 policy_loss=-0.001386 value_loss=0.705360
[iter=21830] rollout_mean_bb=10.2991 policy_loss=0.008557 value_loss=0.750412
[iter=21835] rollout_mean_bb=-0.3346 policy_loss=0.004770 value_loss=0.825885
[iter=21840] rollout_mean_bb=3.1145 policy_loss=0.001556 value_loss=0.634078
[iter=21845] rollout_mean_bb=2.1239 policy_loss=0.006664 value_loss=0.745248
[iter=21850] rollout_mean_bb=-0.1128 policy_loss=-0.028998 value_loss=0.666388
[iter=21855] rollout_mean_bb=-1.9008 policy_loss=-0.008561 value_loss=0.873749
[iter=21860] rollout_mean_bb=3.4697 policy_loss=-0.024861 value_loss=0.673820
[iter=21865] rollout_mean_bb=2.3686 policy_loss=0.189061 value_loss=1.084854
[iter=21870] rollout_mean_bb=0.5856 policy_loss=0.084384 value_loss=0.708541
[iter=21875] rollout_mean_bb=-0.6533 policy_loss=0.002879 value_loss=0.745944
[iter=21880] rollout_mean_bb=4.4164 policy_loss=0.014428 value_loss=0.818399
[iter=21885] rollout_mean_bb=3.7034 policy_loss=-0.013120 value_loss=0.706143
[iter=21890] rollout_mean_bb=3.6103 policy_loss=-0.004235 value_loss=0.740199
[iter=21895] rollout_mean_bb=2.7495 policy_loss=0.015442 value_loss=0.750711
[iter=21900] rollout_mean_bb=5.8584 policy_loss=0.004654 value_loss=0.816001
[iter=21905] rollout_mean_bb=-0.3439 policy_loss=-0.022242 value_loss=0.749410
[iter=21910] rollout_mean_bb=2.1866 policy_loss=-0.005840 value_loss=0.791697
[iter=21915] rollout_mean_bb=2.2346 policy_loss=0.004790 value_loss=0.752120
[iter=21920] rollout_mean_bb=1.7615 policy_loss=-0.003712 value_loss=0.467804
[iter=21925] rollout_mean_bb=6.2533 policy_loss=0.016255 value_loss=0.600803
[iter=21930] rollout_mean_bb=-0.2636 policy_loss=0.006932 value_loss=0.940369
[iter=21935] rollout_mean_bb=1.8064 policy_loss=-0.003719 value_loss=0.540604
[iter=21940] rollout_mean_bb=-0.5127 policy_loss=-0.017846 value_loss=0.667419
[iter=21945] rollout_mean_bb=4.6060 policy_loss=0.000607 value_loss=0.655331
[iter=21950] rollout_mean_bb=4.5522 policy_loss=-0.001013 value_loss=0.729339
[iter=21955] rollout_mean_bb=2.2304 policy_loss=-0.006311 value_loss=0.879588
[iter=21960] rollout_mean_bb=3.3733 policy_loss=-0.013134 value_loss=0.625902
[iter=21965] rollout_mean_bb=-3.8677 policy_loss=-0.017251 value_loss=0.620117
[iter=21970] rollout_mean_bb=-5.2401 policy_loss=-0.030397 value_loss=0.644592
[iter=21975] rollout_mean_bb=-4.3746 policy_loss=0.152470 value_loss=1.185236
[iter=21980] rollout_mean_bb=2.7074 policy_loss=-0.014738 value_loss=0.756908
[iter=21985] rollout_mean_bb=0.7013 policy_loss=0.079673 value_loss=0.872038
[iter=21990] rollout_mean_bb=1.0677 policy_loss=-0.015787 value_loss=0.590407
[iter=21995] rollout_mean_bb=2.4057 policy_loss=-0.007410 value_loss=0.499950
[iter=22000] rollout_mean_bb=-1.6684 policy_loss=0.003088 value_loss=0.733081
[iter=22005] rollout_mean_bb=2.9827 policy_loss=-0.004329 value_loss=0.579105
[iter=22010] rollout_mean_bb=0.7302 policy_loss=-0.006490 value_loss=0.645797
[iter=22015] rollout_mean_bb=0.7987 policy_loss=-0.275343 value_loss=0.868455
[iter=22020] rollout_mean_bb=0.7685 policy_loss=0.006610 value_loss=0.777182
[iter=22025] rollout_mean_bb=7.5112 policy_loss=-0.001674 value_loss=0.723317
[iter=22030] rollout_mean_bb=-0.1434 policy_loss=0.003879 value_loss=0.848176
[iter=22035] rollout_mean_bb=1.7270 policy_loss=-0.012923 value_loss=0.504349
[iter=22040] rollout_mean_bb=9.5000 policy_loss=0.004195 value_loss=0.888823
[iter=22045] rollout_mean_bb=5.7768 policy_loss=-0.001957 value_loss=0.763208
[iter=22050] rollout_mean_bb=-1.1714 policy_loss=0.001265 value_loss=0.760990
[iter=22055] rollout_mean_bb=1.6278 policy_loss=0.028943 value_loss=0.989886
[iter=22060] rollout_mean_bb=4.6646 policy_loss=0.011073 value_loss=0.893561
[iter=22065] rollout_mean_bb=3.0183 policy_loss=-0.078727 value_loss=0.751848
[iter=22070] rollout_mean_bb=2.7571 policy_loss=-0.000178 value_loss=0.678405
[iter=22075] rollout_mean_bb=8.5993 policy_loss=0.131827 value_loss=0.832085
[iter=22080] rollout_mean_bb=6.2482 policy_loss=0.023214 value_loss=0.818640
[iter=22085] rollout_mean_bb=0.1577 policy_loss=0.014437 value_loss=0.806330
[iter=22090] rollout_mean_bb=2.4646 policy_loss=0.010743 value_loss=0.764298
[iter=22095] rollout_mean_bb=0.9589 policy_loss=-0.013930 value_loss=0.702155
[iter=22100] rollout_mean_bb=4.5952 policy_loss=-0.002534 value_loss=0.623689
[iter=22105] rollout_mean_bb=1.5376 policy_loss=0.005821 value_loss=0.755501
[iter=22110] rollout_mean_bb=2.6647 policy_loss=0.088707 value_loss=0.683028
[iter=22115] rollout_mean_bb=2.0213 policy_loss=-0.174192 value_loss=0.922938
[iter=22120] rollout_mean_bb=0.4875 policy_loss=0.000430 value_loss=0.888178
[iter=22125] rollout_mean_bb=1.5233 policy_loss=-0.026088 value_loss=0.791385
[iter=22130] rollout_mean_bb=1.5211 policy_loss=-0.020771 value_loss=0.727093
[iter=22135] rollout_mean_bb=3.3166 policy_loss=-0.010177 value_loss=0.555053
[iter=22140] rollout_mean_bb=2.2595 policy_loss=0.002281 value_loss=0.808130
[iter=22145] rollout_mean_bb=3.1304 policy_loss=0.012613 value_loss=0.830159
[iter=22150] rollout_mean_bb=-3.3908 policy_loss=-0.015417 value_loss=0.690590
[iter=22155] rollout_mean_bb=3.8807 policy_loss=-0.105717 value_loss=0.388088
[iter=22160] rollout_mean_bb=0.7513 policy_loss=0.106970 value_loss=0.814932
[iter=22165] rollout_mean_bb=5.0036 policy_loss=-0.000242 value_loss=0.631740
[iter=22170] rollout_mean_bb=-0.1515 policy_loss=-0.028204 value_loss=0.977137
[iter=22175] rollout_mean_bb=0.1983 policy_loss=-0.013306 value_loss=0.641635
[iter=22180] rollout_mean_bb=2.5432 policy_loss=-0.003843 value_loss=0.641526
[iter=22185] rollout_mean_bb=0.8913 policy_loss=0.012391 value_loss=0.720459
[iter=22190] rollout_mean_bb=4.2751 policy_loss=-0.020110 value_loss=0.767069
[iter=22195] rollout_mean_bb=-0.0455 policy_loss=0.203445 value_loss=1.194948
[iter=22200] rollout_mean_bb=-2.1953 policy_loss=-0.000148 value_loss=0.684888
[iter=22205] rollout_mean_bb=3.3885 policy_loss=0.213381 value_loss=0.858458
[iter=22210] rollout_mean_bb=0.1121 policy_loss=-0.024666 value_loss=0.660890
[iter=22215] rollout_mean_bb=2.1521 policy_loss=-0.001516 value_loss=0.664903
[iter=22220] rollout_mean_bb=4.8737 policy_loss=-0.001775 value_loss=0.486353
[iter=22225] rollout_mean_bb=2.6535 policy_loss=0.004552 value_loss=0.611362
[iter=22230] rollout_mean_bb=0.5024 policy_loss=-0.004187 value_loss=0.706739
[iter=22235] rollout_mean_bb=3.2705 policy_loss=0.011575 value_loss=0.695482
[iter=22240] rollout_mean_bb=3.6165 policy_loss=0.000733 value_loss=0.694100
[iter=22245] rollout_mean_bb=2.5539 policy_loss=0.003011 value_loss=0.674837
[iter=22250] rollout_mean_bb=2.8164 policy_loss=0.003128 value_loss=0.733416
[iter=22255] rollout_mean_bb=-0.2238 policy_loss=0.683204 value_loss=1.718837
[iter=22260] rollout_mean_bb=6.8697 policy_loss=-0.007152 value_loss=0.533191
[iter=22265] rollout_mean_bb=3.1731 policy_loss=-0.007099 value_loss=0.766798
[iter=22270] rollout_mean_bb=-1.5922 policy_loss=0.003372 value_loss=0.807271
[iter=22275] rollout_mean_bb=1.1853 policy_loss=-0.007840 value_loss=0.726932
[iter=22280] rollout_mean_bb=4.0647 policy_loss=-0.005205 value_loss=0.571240
[iter=22285] rollout_mean_bb=5.1314 policy_loss=0.064403 value_loss=0.577217
[iter=22290] rollout_mean_bb=1.8076 policy_loss=0.028847 value_loss=0.831266
[iter=22295] rollout_mean_bb=2.1033 policy_loss=0.007150 value_loss=0.810857
[iter=22300] rollout_mean_bb=5.6731 policy_loss=-0.000543 value_loss=0.606735
[iter=22305] rollout_mean_bb=1.2072 policy_loss=0.000632 value_loss=0.723800
[iter=22310] rollout_mean_bb=3.9923 policy_loss=-0.007832 value_loss=0.722639
[iter=22315] rollout_mean_bb=5.1673 policy_loss=0.001304 value_loss=0.723063
[iter=22320] rollout_mean_bb=0.5323 policy_loss=0.009594 value_loss=0.582345
[iter=22325] rollout_mean_bb=5.4685 policy_loss=-0.009661 value_loss=0.452883
[iter=22330] rollout_mean_bb=0.9631 policy_loss=-0.014429 value_loss=0.505463
[iter=22335] rollout_mean_bb=3.5018 policy_loss=-0.091670 value_loss=0.589712
[iter=22340] rollout_mean_bb=0.6708 policy_loss=-0.035421 value_loss=0.619810
[iter=22345] rollout_mean_bb=1.1290 policy_loss=0.004514 value_loss=0.681451
[iter=22350] rollout_mean_bb=4.5169 policy_loss=-0.003440 value_loss=0.750995
[iter=22355] rollout_mean_bb=5.3282 policy_loss=-0.126187 value_loss=0.601643
[iter=22360] rollout_mean_bb=1.9603 policy_loss=-0.038448 value_loss=0.745367
[iter=22365] rollout_mean_bb=1.2581 policy_loss=-0.033484 value_loss=0.621953
[iter=22370] rollout_mean_bb=-2.4915 policy_loss=0.021526 value_loss=0.678725
[iter=22375] rollout_mean_bb=0.9917 policy_loss=0.085263 value_loss=0.988139
[iter=22380] rollout_mean_bb=4.4122 policy_loss=-0.003185 value_loss=0.642179
[iter=22385] rollout_mean_bb=-0.1724 policy_loss=-0.013493 value_loss=0.678973
[iter=22390] rollout_mean_bb=-1.7436 policy_loss=0.194307 value_loss=1.018635
[iter=22395] rollout_mean_bb=3.2986 policy_loss=-0.007183 value_loss=0.494541
[iter=22400] rollout_mean_bb=4.4481 policy_loss=-0.000172 value_loss=0.718080
[iter=22405] rollout_mean_bb=2.6494 policy_loss=-0.072840 value_loss=0.779028
[iter=22410] rollout_mean_bb=3.9825 policy_loss=-0.000900 value_loss=0.524346
[iter=22415] rollout_mean_bb=-2.8973 policy_loss=-0.021377 value_loss=0.838579
[iter=22420] rollout_mean_bb=0.8829 policy_loss=0.004978 value_loss=0.589194
[iter=22425] rollout_mean_bb=3.4130 policy_loss=-0.000636 value_loss=0.581425
[iter=22430] rollout_mean_bb=-0.0428 policy_loss=0.003012 value_loss=0.843442
[iter=22435] rollout_mean_bb=2.5406 policy_loss=0.021338 value_loss=0.714605
[iter=22440] rollout_mean_bb=5.3024 policy_loss=-0.004587 value_loss=0.493107
[iter=22445] rollout_mean_bb=3.2103 policy_loss=-0.014465 value_loss=0.670655
[iter=22450] rollout_mean_bb=3.0489 policy_loss=-0.011325 value_loss=0.510942
[iter=22455] rollout_mean_bb=3.2993 policy_loss=0.011010 value_loss=0.671546
[iter=22460] rollout_mean_bb=2.9808 policy_loss=-0.001790 value_loss=0.665330
[iter=22465] rollout_mean_bb=3.9092 policy_loss=0.046618 value_loss=0.587667
[iter=22470] rollout_mean_bb=3.3155 policy_loss=0.000032 value_loss=0.640346
[iter=22475] rollout_mean_bb=0.9185 policy_loss=0.032327 value_loss=0.434316
[iter=22480] rollout_mean_bb=0.5590 policy_loss=-0.180881 value_loss=0.582832
[iter=22485] rollout_mean_bb=3.1782 policy_loss=-0.019593 value_loss=0.790547
[iter=22490] rollout_mean_bb=1.6936 policy_loss=-0.000259 value_loss=0.528188
[iter=22495] rollout_mean_bb=0.6528 policy_loss=-0.035208 value_loss=0.545069
[iter=22500] rollout_mean_bb=4.3965 policy_loss=-0.024411 value_loss=0.698709
[iter=22505] rollout_mean_bb=4.0892 policy_loss=0.027614 value_loss=0.606435
[iter=22510] rollout_mean_bb=3.8578 policy_loss=-0.005865 value_loss=0.497315
[iter=22515] rollout_mean_bb=0.9069 policy_loss=0.005709 value_loss=0.805292
[iter=22520] rollout_mean_bb=1.2144 policy_loss=-0.032327 value_loss=0.759556
[iter=22525] rollout_mean_bb=4.2356 policy_loss=-0.000093 value_loss=0.676414
[iter=22530] rollout_mean_bb=-1.0524 policy_loss=0.007402 value_loss=0.574683
[iter=22535] rollout_mean_bb=4.2574 policy_loss=0.045665 value_loss=0.751379
[iter=22540] rollout_mean_bb=1.8470 policy_loss=0.001256 value_loss=0.581968
[iter=22545] rollout_mean_bb=3.0265 policy_loss=0.001995 value_loss=0.581518
[iter=22550] rollout_mean_bb=0.2552 policy_loss=-0.001551 value_loss=0.607358
[iter=22555] rollout_mean_bb=5.2668 policy_loss=-0.001150 value_loss=0.588631
[iter=22560] rollout_mean_bb=2.3726 policy_loss=-0.010837 value_loss=0.439708
[iter=22565] rollout_mean_bb=2.8573 policy_loss=0.006533 value_loss=0.685060
[iter=22570] rollout_mean_bb=2.1424 policy_loss=-0.020150 value_loss=0.590010
[iter=22575] rollout_mean_bb=3.1425 policy_loss=0.003665 value_loss=0.729978
[iter=22580] rollout_mean_bb=-0.1124 policy_loss=-0.020807 value_loss=0.536119
[iter=22585] rollout_mean_bb=-0.5889 policy_loss=0.000307 value_loss=0.616701
[iter=22590] rollout_mean_bb=-0.7685 policy_loss=-0.014530 value_loss=0.730878
[iter=22595] rollout_mean_bb=1.2496 policy_loss=-0.011215 value_loss=0.582355
[iter=22600] rollout_mean_bb=0.9528 policy_loss=0.220985 value_loss=0.922302
[iter=22605] rollout_mean_bb=-0.6701 policy_loss=0.007601 value_loss=0.717654
[iter=22610] rollout_mean_bb=0.1374 policy_loss=0.000483 value_loss=0.654890
[iter=22615] rollout_mean_bb=3.5865 policy_loss=0.002179 value_loss=0.385664
[iter=22620] rollout_mean_bb=1.6435 policy_loss=-0.029838 value_loss=0.614495
[iter=22625] rollout_mean_bb=2.1601 policy_loss=0.030381 value_loss=0.474829
[iter=22630] rollout_mean_bb=1.7460 policy_loss=0.095850 value_loss=0.681020
[iter=22635] rollout_mean_bb=6.0164 policy_loss=0.018219 value_loss=0.747728
[iter=22640] rollout_mean_bb=3.5870 policy_loss=-0.001255 value_loss=0.648738
[iter=22645] rollout_mean_bb=-4.2587 policy_loss=0.003403 value_loss=0.615318
[iter=22650] rollout_mean_bb=2.2359 policy_loss=-0.021420 value_loss=0.505425
[iter=22655] rollout_mean_bb=-2.5112 policy_loss=-0.030524 value_loss=0.494504
[iter=22660] rollout_mean_bb=4.3102 policy_loss=0.005700 value_loss=0.466071
[iter=22665] rollout_mean_bb=3.4806 policy_loss=-0.007287 value_loss=0.519570
[iter=22670] rollout_mean_bb=0.7739 policy_loss=0.082989 value_loss=0.789598
[iter=22675] rollout_mean_bb=1.7799 policy_loss=0.008522 value_loss=0.552086
[iter=22680] rollout_mean_bb=4.1562 policy_loss=-0.006443 value_loss=0.375503
[iter=22685] rollout_mean_bb=-1.3068 policy_loss=-0.024928 value_loss=0.494587
[iter=22690] rollout_mean_bb=2.9312 policy_loss=-0.003911 value_loss=0.571219
[iter=22695] rollout_mean_bb=0.1553 policy_loss=-0.000673 value_loss=0.772893
[iter=22700] rollout_mean_bb=6.7844 policy_loss=0.011539 value_loss=0.592006
[iter=22705] rollout_mean_bb=0.4983 policy_loss=-0.002289 value_loss=0.583370
[iter=22710] rollout_mean_bb=1.2692 policy_loss=0.001860 value_loss=0.674856
[iter=22715] rollout_mean_bb=0.5634 policy_loss=0.011085 value_loss=0.529929
[iter=22720] rollout_mean_bb=3.9312 policy_loss=0.001741 value_loss=0.763040
[iter=22725] rollout_mean_bb=-1.7320 policy_loss=0.152532 value_loss=0.713918
[iter=22730] rollout_mean_bb=1.4735 policy_loss=-0.007993 value_loss=0.608477
[iter=22735] rollout_mean_bb=2.3135 policy_loss=-0.025102 value_loss=0.616667
[iter=22740] rollout_mean_bb=0.6527 policy_loss=-0.015274 value_loss=0.536986
[iter=22745] rollout_mean_bb=1.4249 policy_loss=-0.013645 value_loss=0.597423
[iter=22750] rollout_mean_bb=-2.3851 policy_loss=-0.072999 value_loss=0.645387
[iter=22755] rollout_mean_bb=2.3328 policy_loss=-0.097506 value_loss=0.619636
[iter=22760] rollout_mean_bb=4.6581 policy_loss=0.007866 value_loss=0.471070
[iter=22765] rollout_mean_bb=1.2754 policy_loss=-0.000320 value_loss=0.643771
[iter=22770] rollout_mean_bb=1.0186 policy_loss=-0.013074 value_loss=0.800273
[iter=22775] rollout_mean_bb=3.0582 policy_loss=-0.006736 value_loss=0.640057
[iter=22780] rollout_mean_bb=0.2488 policy_loss=0.000950 value_loss=0.627278
[iter=22785] rollout_mean_bb=5.7979 policy_loss=-0.001550 value_loss=0.572544
[iter=22790] rollout_mean_bb=3.7905 policy_loss=-0.015000 value_loss=0.451659
[iter=22795] rollout_mean_bb=3.4151 policy_loss=0.016023 value_loss=0.659283
[iter=22800] rollout_mean_bb=1.1337 policy_loss=0.007220 value_loss=0.797316
[iter=22805] rollout_mean_bb=-0.3480 policy_loss=-0.002304 value_loss=0.598615
[iter=22810] rollout_mean_bb=-0.6142 policy_loss=-0.018979 value_loss=0.456155
[iter=22815] rollout_mean_bb=1.8606 policy_loss=-0.021118 value_loss=0.387078
[iter=22820] rollout_mean_bb=0.7795 policy_loss=-0.019609 value_loss=0.546447
[iter=22825] rollout_mean_bb=4.5745 policy_loss=-0.082880 value_loss=0.512232
[iter=22830] rollout_mean_bb=-0.4458 policy_loss=-0.080283 value_loss=0.587896
[iter=22835] rollout_mean_bb=4.0008 policy_loss=0.010526 value_loss=0.578142
[iter=22840] rollout_mean_bb=1.3669 policy_loss=0.026377 value_loss=0.544935
[iter=22845] rollout_mean_bb=1.3762 policy_loss=0.017109 value_loss=0.587890
[iter=22850] rollout_mean_bb=2.4047 policy_loss=0.015480 value_loss=0.455669
[iter=22855] rollout_mean_bb=3.4143 policy_loss=-0.001082 value_loss=0.605804
[iter=22860] rollout_mean_bb=0.9792 policy_loss=-0.018966 value_loss=0.428510
[iter=22865] rollout_mean_bb=0.5979 policy_loss=0.007151 value_loss=0.614586
[iter=22870] rollout_mean_bb=4.1451 policy_loss=-0.019546 value_loss=0.616119
[iter=22875] rollout_mean_bb=3.8803 policy_loss=0.001076 value_loss=0.632184
[iter=22880] rollout_mean_bb=3.6173 policy_loss=-0.014393 value_loss=0.466733
[iter=22885] rollout_mean_bb=1.6796 policy_loss=0.038473 value_loss=0.813103
[iter=22890] rollout_mean_bb=-0.1540 policy_loss=0.017084 value_loss=0.819169
[iter=22895] rollout_mean_bb=0.5049 policy_loss=0.003162 value_loss=0.697806
[iter=22900] rollout_mean_bb=1.3308 policy_loss=-0.003326 value_loss=0.556987
[iter=22905] rollout_mean_bb=2.9960 policy_loss=-0.006332 value_loss=0.637091
[iter=22910] rollout_mean_bb=3.6826 policy_loss=0.100562 value_loss=0.845255
[iter=22915] rollout_mean_bb=0.1202 policy_loss=-0.008319 value_loss=0.468373
[iter=22920] rollout_mean_bb=4.1774 policy_loss=-0.020748 value_loss=0.378688
[iter=22925] rollout_mean_bb=2.3612 policy_loss=-0.024749 value_loss=0.450273
[iter=22930] rollout_mean_bb=1.1624 policy_loss=-0.085724 value_loss=0.503018
[iter=22935] rollout_mean_bb=0.2492 policy_loss=0.152944 value_loss=0.717649
[iter=22940] rollout_mean_bb=5.8632 policy_loss=0.021236 value_loss=0.629054
[iter=22945] rollout_mean_bb=0.2546 policy_loss=-0.047090 value_loss=0.665947
[iter=22950] rollout_mean_bb=3.0686 policy_loss=0.003236 value_loss=0.597751
[iter=22955] rollout_mean_bb=2.1324 policy_loss=0.016130 value_loss=0.574246
[iter=22960] rollout_mean_bb=1.9058 policy_loss=-0.011459 value_loss=0.490067
[iter=22965] rollout_mean_bb=0.9439 policy_loss=-0.088657 value_loss=0.757767
[iter=22970] rollout_mean_bb=-2.0170 policy_loss=0.005041 value_loss=0.639331
[iter=22975] rollout_mean_bb=3.0995 policy_loss=0.001283 value_loss=0.503926
[iter=22980] rollout_mean_bb=2.1302 policy_loss=-0.000870 value_loss=0.524029
[iter=22985] rollout_mean_bb=-0.2491 policy_loss=-0.138952 value_loss=0.557989
[iter=22990] rollout_mean_bb=3.7386 policy_loss=-0.010774 value_loss=0.612422
[iter=22995] rollout_mean_bb=-2.0241 policy_loss=0.000984 value_loss=0.759396
[iter=23000] rollout_mean_bb=-1.1590 policy_loss=-0.026279 value_loss=0.492700
[iter=23005] rollout_mean_bb=5.7492 policy_loss=-0.068550 value_loss=0.604754
[iter=23010] rollout_mean_bb=3.3133 policy_loss=-0.008755 value_loss=0.496935
[iter=23015] rollout_mean_bb=1.8995 policy_loss=-0.019341 value_loss=0.510612
[iter=23020] rollout_mean_bb=4.0326 policy_loss=-0.042042 value_loss=0.402066
[iter=23025] rollout_mean_bb=1.7463 policy_loss=0.006985 value_loss=0.653672
[iter=23030] rollout_mean_bb=-0.4834 policy_loss=0.008032 value_loss=0.594744
[iter=23035] rollout_mean_bb=-2.1345 policy_loss=-0.002884 value_loss=0.659668
[iter=23040] rollout_mean_bb=-0.9664 policy_loss=0.024198 value_loss=0.636231
[iter=23045] rollout_mean_bb=1.3377 policy_loss=0.027938 value_loss=0.356836
[iter=23050] rollout_mean_bb=4.8955 policy_loss=-0.052809 value_loss=0.640926
[iter=23055] rollout_mean_bb=-0.1506 policy_loss=0.264921 value_loss=1.094703
[iter=23060] rollout_mean_bb=0.7915 policy_loss=0.002522 value_loss=0.559573
[iter=23065] rollout_mean_bb=4.9434 policy_loss=-0.005844 value_loss=0.530417
[iter=23070] rollout_mean_bb=0.6455 policy_loss=-0.000128 value_loss=0.539407
[iter=23075] rollout_mean_bb=1.1778 policy_loss=-0.004608 value_loss=0.528306
[iter=23080] rollout_mean_bb=3.2640 policy_loss=-0.023328 value_loss=0.607274
[iter=23085] rollout_mean_bb=1.0163 policy_loss=-0.003498 value_loss=0.688370
[iter=23090] rollout_mean_bb=2.6364 policy_loss=-0.007817 value_loss=0.453682
[iter=23095] rollout_mean_bb=2.8217 policy_loss=0.012527 value_loss=0.559915
[iter=23100] rollout_mean_bb=1.6391 policy_loss=0.000685 value_loss=0.563645
[iter=23105] rollout_mean_bb=4.8765 policy_loss=-0.009612 value_loss=0.608126
[iter=23110] rollout_mean_bb=6.1201 policy_loss=-0.002520 value_loss=0.509034
[iter=23115] rollout_mean_bb=2.4534 policy_loss=-0.014837 value_loss=0.342248
[iter=23120] rollout_mean_bb=1.2170 policy_loss=0.396752 value_loss=1.148117
[iter=23125] rollout_mean_bb=4.3139 policy_loss=-0.001605 value_loss=0.524224
[iter=23130] rollout_mean_bb=1.8527 policy_loss=0.007577 value_loss=0.646193
[iter=23135] rollout_mean_bb=3.1667 policy_loss=-0.006911 value_loss=0.497075
[iter=23140] rollout_mean_bb=2.2054 policy_loss=0.004659 value_loss=0.511552
[iter=23145] rollout_mean_bb=-0.8657 policy_loss=0.002827 value_loss=0.679634
[iter=23150] rollout_mean_bb=0.1256 policy_loss=-0.005701 value_loss=0.642466
[iter=23155] rollout_mean_bb=2.6408 policy_loss=-0.007217 value_loss=0.566814
[iter=23160] rollout_mean_bb=2.1625 policy_loss=-0.000436 value_loss=0.599705
[iter=23165] rollout_mean_bb=-0.3550 policy_loss=-0.029112 value_loss=0.461045
[iter=23170] rollout_mean_bb=4.1406 policy_loss=-0.033223 value_loss=0.584068
[iter=23175] rollout_mean_bb=4.6390 policy_loss=-0.007789 value_loss=0.472643
[iter=23180] rollout_mean_bb=1.8742 policy_loss=-0.000058 value_loss=0.746988
[iter=23185] rollout_mean_bb=0.4732 policy_loss=-0.015512 value_loss=0.540121
[iter=23190] rollout_mean_bb=4.8443 policy_loss=0.004210 value_loss=0.372005
[iter=23195] rollout_mean_bb=3.3409 policy_loss=-0.002600 value_loss=0.439978
[iter=23200] rollout_mean_bb=1.4230 policy_loss=0.002978 value_loss=0.647177
[iter=23205] rollout_mean_bb=1.7748 policy_loss=-0.006162 value_loss=0.489710
[iter=23210] rollout_mean_bb=0.6475 policy_loss=0.027536 value_loss=0.780213
[iter=23215] rollout_mean_bb=4.2398 policy_loss=0.000999 value_loss=0.667619
[iter=23220] rollout_mean_bb=3.7367 policy_loss=-0.049135 value_loss=0.690294
[iter=23225] rollout_mean_bb=3.0183 policy_loss=0.001450 value_loss=0.674597
[iter=23230] rollout_mean_bb=1.4143 policy_loss=-0.002951 value_loss=0.544210
[iter=23235] rollout_mean_bb=2.3091 policy_loss=0.126094 value_loss=0.674691
[iter=23240] rollout_mean_bb=-0.1319 policy_loss=-0.023084 value_loss=0.579587
[iter=23245] rollout_mean_bb=4.0524 policy_loss=-0.000375 value_loss=0.622581
[iter=23250] rollout_mean_bb=-0.3540 policy_loss=-0.033965 value_loss=0.684300
[iter=23255] rollout_mean_bb=3.1507 policy_loss=0.043189 value_loss=0.683847
[iter=23260] rollout_mean_bb=4.6181 policy_loss=-0.001659 value_loss=0.668575
[iter=23265] rollout_mean_bb=-0.1680 policy_loss=-0.003268 value_loss=0.597963
[iter=23270] rollout_mean_bb=3.5152 policy_loss=-0.006213 value_loss=0.484100
[iter=23275] rollout_mean_bb=2.0861 policy_loss=-0.000278 value_loss=0.483675
[iter=23280] rollout_mean_bb=0.3665 policy_loss=0.007111 value_loss=0.618541
[iter=23285] rollout_mean_bb=4.0089 policy_loss=0.003936 value_loss=0.724036
[iter=23290] rollout_mean_bb=5.3596 policy_loss=-0.000956 value_loss=0.459609
[iter=23295] rollout_mean_bb=-0.3187 policy_loss=-0.031228 value_loss=0.435698
[iter=23300] rollout_mean_bb=0.8403 policy_loss=-0.116330 value_loss=0.743445
[iter=23305] rollout_mean_bb=2.1700 policy_loss=-0.023030 value_loss=0.336995
[iter=23310] rollout_mean_bb=1.2616 policy_loss=-0.010788 value_loss=0.592496
[iter=23315] rollout_mean_bb=2.1767 policy_loss=0.040697 value_loss=0.655452
[iter=23320] rollout_mean_bb=2.7847 policy_loss=-0.001801 value_loss=0.516470
[iter=23325] rollout_mean_bb=3.3365 policy_loss=-0.011272 value_loss=0.475361
[iter=23330] rollout_mean_bb=2.6562 policy_loss=-0.008091 value_loss=0.311874
[iter=23335] rollout_mean_bb=3.0496 policy_loss=-0.007799 value_loss=0.402201
[iter=23340] rollout_mean_bb=4.3291 policy_loss=-0.548002 value_loss=1.191316
[iter=23345] rollout_mean_bb=0.2142 policy_loss=0.020815 value_loss=0.473031
[iter=23350] rollout_mean_bb=2.8185 policy_loss=-0.015025 value_loss=0.400177
[iter=23355] rollout_mean_bb=2.2525 policy_loss=0.001743 value_loss=0.314760
[iter=23360] rollout_mean_bb=-0.6018 policy_loss=-0.054582 value_loss=0.498184
[iter=23365] rollout_mean_bb=2.8260 policy_loss=0.015082 value_loss=0.704842
[iter=23370] rollout_mean_bb=3.9124 policy_loss=-0.143084 value_loss=0.622693
[iter=23375] rollout_mean_bb=-1.8562 policy_loss=0.107420 value_loss=0.885425
[iter=23380] rollout_mean_bb=-0.8906 policy_loss=-0.027628 value_loss=0.492859
[iter=23385] rollout_mean_bb=1.5481 policy_loss=-0.111813 value_loss=0.394915
[iter=23390] rollout_mean_bb=3.9167 policy_loss=-0.007583 value_loss=0.414104
[iter=23395] rollout_mean_bb=1.8373 policy_loss=-0.062663 value_loss=0.541613
[iter=23400] rollout_mean_bb=1.0124 policy_loss=-0.012889 value_loss=0.448639
[iter=23405] rollout_mean_bb=1.1198 policy_loss=0.037928 value_loss=0.619054
[iter=23410] rollout_mean_bb=2.6759 policy_loss=0.001413 value_loss=0.647826
[iter=23415] rollout_mean_bb=2.0630 policy_loss=-0.000711 value_loss=0.344053
[iter=23420] rollout_mean_bb=-1.0375 policy_loss=-0.055640 value_loss=0.347422
[iter=23425] rollout_mean_bb=4.7576 policy_loss=-0.017638 value_loss=0.649894
[iter=23430] rollout_mean_bb=2.4128 policy_loss=-0.009081 value_loss=0.445325
[iter=23435] rollout_mean_bb=-0.8955 policy_loss=0.028696 value_loss=0.618741
[iter=23440] rollout_mean_bb=3.1964 policy_loss=-0.018914 value_loss=0.406939
[iter=23445] rollout_mean_bb=0.6643 policy_loss=0.015302 value_loss=0.423536
[iter=23450] rollout_mean_bb=2.9841 policy_loss=0.000860 value_loss=0.495813
[iter=23455] rollout_mean_bb=2.0330 policy_loss=-0.011511 value_loss=0.386782
[iter=23460] rollout_mean_bb=0.1310 policy_loss=-0.002165 value_loss=0.438458
[iter=23465] rollout_mean_bb=0.0590 policy_loss=-0.038217 value_loss=0.435199
[iter=23470] rollout_mean_bb=7.2521 policy_loss=-0.018958 value_loss=0.565924
[iter=23475] rollout_mean_bb=-0.1433 policy_loss=-0.126588 value_loss=0.764501
[iter=23480] rollout_mean_bb=3.4176 policy_loss=0.029512 value_loss=0.464735
[iter=23485] rollout_mean_bb=3.7788 policy_loss=0.008326 value_loss=0.538138
[iter=23490] rollout_mean_bb=-2.7739 policy_loss=-0.004768 value_loss=0.472118
[iter=23495] rollout_mean_bb=3.9097 policy_loss=0.001326 value_loss=0.499159
[iter=23500] rollout_mean_bb=1.7520 policy_loss=-0.012870 value_loss=0.380403
[iter=23505] rollout_mean_bb=2.1752 policy_loss=0.038373 value_loss=0.415164
[iter=23510] rollout_mean_bb=1.1045 policy_loss=0.037311 value_loss=0.561389
[iter=23515] rollout_mean_bb=-1.5000 policy_loss=0.004878 value_loss=0.703604
[iter=23520] rollout_mean_bb=-0.6820 policy_loss=0.004424 value_loss=0.512291
[iter=23525] rollout_mean_bb=5.2183 policy_loss=-0.027631 value_loss=0.402793
[iter=23530] rollout_mean_bb=4.5978 policy_loss=-0.016278 value_loss=0.510027
[iter=23535] rollout_mean_bb=-0.4416 policy_loss=-0.000606 value_loss=0.540257
[iter=23540] rollout_mean_bb=2.6924 policy_loss=-0.008861 value_loss=0.466282
[iter=23545] rollout_mean_bb=1.5546 policy_loss=-0.093667 value_loss=0.396079
[iter=23550] rollout_mean_bb=4.4520 policy_loss=0.018753 value_loss=0.651746
[iter=23555] rollout_mean_bb=1.6198 policy_loss=0.006789 value_loss=0.446733
[iter=23560] rollout_mean_bb=3.3798 policy_loss=-0.049102 value_loss=0.612905
[iter=23565] rollout_mean_bb=3.5502 policy_loss=0.021306 value_loss=0.630607
[iter=23570] rollout_mean_bb=0.8789 policy_loss=-0.002669 value_loss=0.688590
[iter=23575] rollout_mean_bb=2.6831 policy_loss=-0.014874 value_loss=0.472842
[iter=23580] rollout_mean_bb=-0.2249 policy_loss=-0.024156 value_loss=0.538869
[iter=23585] rollout_mean_bb=4.6391 policy_loss=-0.022655 value_loss=0.523380
[iter=23590] rollout_mean_bb=5.0846 policy_loss=-0.001281 value_loss=0.269537
[iter=23595] rollout_mean_bb=0.6416 policy_loss=-0.011237 value_loss=0.400861
[iter=23600] rollout_mean_bb=4.1444 policy_loss=-0.011122 value_loss=0.478700
[iter=23605] rollout_mean_bb=2.7113 policy_loss=-0.003212 value_loss=0.424087
[iter=23610] rollout_mean_bb=2.2867 policy_loss=-0.036126 value_loss=0.451748
[iter=23615] rollout_mean_bb=5.1026 policy_loss=-0.009440 value_loss=0.434417
[iter=23620] rollout_mean_bb=1.0860 policy_loss=-0.035056 value_loss=0.508303
[iter=23625] rollout_mean_bb=1.8696 policy_loss=-0.010872 value_loss=0.426179
[iter=23630] rollout_mean_bb=3.2804 policy_loss=0.046546 value_loss=0.399798
[iter=23635] rollout_mean_bb=0.0745 policy_loss=-0.007028 value_loss=0.419045
[iter=23640] rollout_mean_bb=-0.9704 policy_loss=-0.012255 value_loss=0.353884
[iter=23645] rollout_mean_bb=-0.1935 policy_loss=0.032454 value_loss=0.390004
[iter=23650] rollout_mean_bb=3.5748 policy_loss=-0.001909 value_loss=0.513173
[iter=23655] rollout_mean_bb=2.2507 policy_loss=-0.010005 value_loss=0.513107
[iter=23660] rollout_mean_bb=3.3217 policy_loss=0.005400 value_loss=0.463232
[iter=23665] rollout_mean_bb=4.5174 policy_loss=-0.033631 value_loss=0.507457
[iter=23670] rollout_mean_bb=-0.0836 policy_loss=-0.024857 value_loss=0.479462
[iter=23675] rollout_mean_bb=0.3671 policy_loss=-0.021497 value_loss=0.492353
[iter=23680] rollout_mean_bb=-1.2596 policy_loss=-0.019536 value_loss=0.408958
[iter=23685] rollout_mean_bb=-0.3967 policy_loss=-0.007638 value_loss=0.561040
[iter=23690] rollout_mean_bb=0.4659 policy_loss=-0.024152 value_loss=0.499111
[iter=23695] rollout_mean_bb=4.0515 policy_loss=-0.002594 value_loss=0.327187
[iter=23700] rollout_mean_bb=-1.4385 policy_loss=0.008867 value_loss=0.558859
[iter=23705] rollout_mean_bb=1.8107 policy_loss=-0.005309 value_loss=0.564825
[iter=23710] rollout_mean_bb=1.3871 policy_loss=0.029730 value_loss=0.487911
[iter=23715] rollout_mean_bb=-0.8006 policy_loss=-0.047347 value_loss=0.540025
[iter=23720] rollout_mean_bb=3.8722 policy_loss=-0.007491 value_loss=0.563376
[iter=23725] rollout_mean_bb=5.6477 policy_loss=-0.004540 value_loss=0.436345
[iter=23730] rollout_mean_bb=-0.3879 policy_loss=-0.094225 value_loss=0.479322
[iter=23735] rollout_mean_bb=0.8632 policy_loss=0.001798 value_loss=0.473675
[iter=23740] rollout_mean_bb=1.1079 policy_loss=-0.003774 value_loss=0.473475
[iter=23745] rollout_mean_bb=2.2293 policy_loss=0.005824 value_loss=0.468522
[iter=23750] rollout_mean_bb=1.3117 policy_loss=-0.006476 value_loss=0.505353
[iter=23755] rollout_mean_bb=5.4125 policy_loss=-0.007149 value_loss=0.414266
[iter=23760] rollout_mean_bb=2.3967 policy_loss=-0.159716 value_loss=0.640612
[iter=23765] rollout_mean_bb=0.8827 policy_loss=0.022009 value_loss=0.543881
[iter=23770] rollout_mean_bb=-0.5567 policy_loss=0.023695 value_loss=0.544174
[iter=23775] rollout_mean_bb=2.1773 policy_loss=-0.003983 value_loss=0.592868
[iter=23780] rollout_mean_bb=2.8173 policy_loss=0.009636 value_loss=0.456048
[iter=23785] rollout_mean_bb=0.3110 policy_loss=-0.009492 value_loss=0.486895
[iter=23790] rollout_mean_bb=2.2356 policy_loss=0.038904 value_loss=0.682783
[iter=23795] rollout_mean_bb=0.8331 policy_loss=-0.021858 value_loss=0.409593
[iter=23800] rollout_mean_bb=1.5919 policy_loss=-0.018459 value_loss=0.469455
[iter=23805] rollout_mean_bb=-2.3656 policy_loss=-0.004373 value_loss=0.537534
[iter=23810] rollout_mean_bb=3.9131 policy_loss=0.022381 value_loss=0.567949
[iter=23815] rollout_mean_bb=3.0633 policy_loss=-0.014015 value_loss=0.398218
[iter=23820] rollout_mean_bb=3.1041 policy_loss=-0.007668 value_loss=0.438053
[iter=23825] rollout_mean_bb=3.3678 policy_loss=-0.001341 value_loss=0.385100
[iter=23830] rollout_mean_bb=4.4601 policy_loss=-0.000942 value_loss=0.548884
[iter=23835] rollout_mean_bb=5.5586 policy_loss=0.033027 value_loss=0.639003
[iter=23840] rollout_mean_bb=2.3706 policy_loss=-0.009405 value_loss=0.512964
[iter=23845] rollout_mean_bb=0.6071 policy_loss=0.358626 value_loss=1.141869
[iter=23850] rollout_mean_bb=3.7680 policy_loss=-0.030621 value_loss=0.326234
[iter=23855] rollout_mean_bb=-2.3978 policy_loss=-0.006141 value_loss=0.532323
[iter=23860] rollout_mean_bb=5.6086 policy_loss=-0.000159 value_loss=0.596337
[iter=23865] rollout_mean_bb=3.5135 policy_loss=-0.135175 value_loss=0.595827
[iter=23870] rollout_mean_bb=2.8381 policy_loss=0.035306 value_loss=0.656140
[iter=23875] rollout_mean_bb=-0.2440 policy_loss=0.026310 value_loss=0.657544
[iter=23880] rollout_mean_bb=2.3270 policy_loss=-0.008236 value_loss=0.505469
[iter=23885] rollout_mean_bb=-0.7005 policy_loss=-0.016726 value_loss=0.462838
[iter=23890] rollout_mean_bb=2.6899 policy_loss=-0.006705 value_loss=0.553735
[iter=23895] rollout_mean_bb=0.3653 policy_loss=-0.002928 value_loss=0.490484
[iter=23900] rollout_mean_bb=-0.4968 policy_loss=-0.032723 value_loss=0.372608
[iter=23905] rollout_mean_bb=3.5559 policy_loss=0.027423 value_loss=0.559218
[iter=23910] rollout_mean_bb=4.5610 policy_loss=-0.010178 value_loss=0.444613
[iter=23915] rollout_mean_bb=2.0283 policy_loss=0.004077 value_loss=0.507229
[iter=23920] rollout_mean_bb=3.6589 policy_loss=-0.007241 value_loss=0.521578
[iter=23925] rollout_mean_bb=0.8143 policy_loss=-0.009217 value_loss=0.493880
[iter=23930] rollout_mean_bb=3.2473 policy_loss=-0.014685 value_loss=0.344174
[iter=23935] rollout_mean_bb=0.5642 policy_loss=-0.032765 value_loss=0.379627
[iter=23940] rollout_mean_bb=3.3672 policy_loss=-0.013321 value_loss=0.469200
[iter=23945] rollout_mean_bb=3.7524 policy_loss=0.007088 value_loss=0.394594
[iter=23950] rollout_mean_bb=2.9632 policy_loss=-0.045870 value_loss=0.424149
[iter=23955] rollout_mean_bb=3.2550 policy_loss=0.618161 value_loss=1.154411
[iter=23960] rollout_mean_bb=3.8623 policy_loss=0.002839 value_loss=0.422369
[iter=23965] rollout_mean_bb=-0.3246 policy_loss=-0.009881 value_loss=0.406407
[iter=23970] rollout_mean_bb=2.4348 policy_loss=-0.016346 value_loss=0.605520
[iter=23975] rollout_mean_bb=0.9780 policy_loss=0.000793 value_loss=0.576109
[iter=23980] rollout_mean_bb=3.3834 policy_loss=0.000132 value_loss=0.464212
[iter=23985] rollout_mean_bb=0.9992 policy_loss=-0.149105 value_loss=0.536707
[iter=23990] rollout_mean_bb=0.8576 policy_loss=-0.247133 value_loss=0.930606
[iter=23995] rollout_mean_bb=4.8607 policy_loss=-0.009967 value_loss=0.402684
[iter=24000] rollout_mean_bb=2.2376 policy_loss=-0.033385 value_loss=0.534487
[iter=24005] rollout_mean_bb=0.7694 policy_loss=-0.021281 value_loss=0.524815
[iter=24010] rollout_mean_bb=2.6933 policy_loss=-0.014364 value_loss=0.602148
[iter=24015] rollout_mean_bb=1.2825 policy_loss=-0.001445 value_loss=0.543212
[iter=24020] rollout_mean_bb=1.7668 policy_loss=-0.020889 value_loss=0.368953
[iter=24025] rollout_mean_bb=4.2072 policy_loss=-0.037656 value_loss=0.422828
[iter=24030] rollout_mean_bb=3.6243 policy_loss=-0.229009 value_loss=0.588000
[iter=24035] rollout_mean_bb=3.6834 policy_loss=0.004887 value_loss=0.520727
[iter=24040] rollout_mean_bb=2.9983 policy_loss=-0.004846 value_loss=0.483752
[iter=24045] rollout_mean_bb=1.7086 policy_loss=-0.032008 value_loss=0.363667
[iter=24050] rollout_mean_bb=3.3090 policy_loss=-0.006942 value_loss=0.342946
[iter=24055] rollout_mean_bb=7.2612 policy_loss=0.015543 value_loss=0.582050
[iter=24060] rollout_mean_bb=2.4951 policy_loss=-0.019737 value_loss=0.539490
[iter=24065] rollout_mean_bb=3.0816 policy_loss=-0.003443 value_loss=0.358238
[iter=24070] rollout_mean_bb=2.3400 policy_loss=-0.011602 value_loss=0.394160
[iter=24075] rollout_mean_bb=0.2386 policy_loss=0.008275 value_loss=0.645464
[iter=24080] rollout_mean_bb=3.2757 policy_loss=0.125111 value_loss=0.410645
[iter=24085] rollout_mean_bb=-0.6334 policy_loss=-0.118421 value_loss=0.403309
[iter=24090] rollout_mean_bb=1.4777 policy_loss=-0.024775 value_loss=0.368738
[iter=24095] rollout_mean_bb=-0.1019 policy_loss=0.002817 value_loss=0.659774
[iter=24100] rollout_mean_bb=4.0282 policy_loss=0.000519 value_loss=0.419448
[iter=24105] rollout_mean_bb=2.7057 policy_loss=-0.119649 value_loss=0.562349
[iter=24110] rollout_mean_bb=4.0312 policy_loss=0.005748 value_loss=0.621552
[iter=24115] rollout_mean_bb=3.4383 policy_loss=-0.008700 value_loss=0.432836
[iter=24120] rollout_mean_bb=-1.1599 policy_loss=0.025152 value_loss=0.459463
[iter=24125] rollout_mean_bb=-0.2278 policy_loss=-0.036826 value_loss=0.456854
[iter=24130] rollout_mean_bb=-0.3046 policy_loss=0.029273 value_loss=0.373607
[iter=24135] rollout_mean_bb=4.0682 policy_loss=-0.375234 value_loss=0.828940
[iter=24140] rollout_mean_bb=3.1472 policy_loss=0.006291 value_loss=0.363154
[iter=24145] rollout_mean_bb=2.9575 policy_loss=-0.036707 value_loss=0.436720
[iter=24150] rollout_mean_bb=0.5756 policy_loss=-0.012550 value_loss=0.414133
[iter=24155] rollout_mean_bb=3.6442 policy_loss=-0.007500 value_loss=0.407116
[iter=24160] rollout_mean_bb=4.5724 policy_loss=0.012585 value_loss=0.337166
[iter=24165] rollout_mean_bb=1.1563 policy_loss=-0.057309 value_loss=0.443711
[iter=24170] rollout_mean_bb=2.2934 policy_loss=0.010328 value_loss=0.519676
[iter=24175] rollout_mean_bb=-0.0508 policy_loss=0.130323 value_loss=0.788177
[iter=24180] rollout_mean_bb=-0.6050 policy_loss=0.005512 value_loss=0.471430
[iter=24185] rollout_mean_bb=2.3408 policy_loss=0.008850 value_loss=0.633883
[iter=24190] rollout_mean_bb=0.6834 policy_loss=-0.017323 value_loss=0.667395
[iter=24195] rollout_mean_bb=4.4707 policy_loss=0.030667 value_loss=0.463186
[iter=24200] rollout_mean_bb=4.4012 policy_loss=0.009058 value_loss=0.577526
[iter=24205] rollout_mean_bb=1.2063 policy_loss=-0.004258 value_loss=0.490922
[iter=24210] rollout_mean_bb=5.2375 policy_loss=-0.011107 value_loss=0.572597
[iter=24215] rollout_mean_bb=2.5894 policy_loss=0.089356 value_loss=0.778194
[iter=24220] rollout_mean_bb=5.7429 policy_loss=-0.022769 value_loss=0.570047
[iter=24225] rollout_mean_bb=3.2005 policy_loss=-0.019087 value_loss=0.256851
[iter=24230] rollout_mean_bb=3.8574 policy_loss=-0.000224 value_loss=0.428722
[iter=24235] rollout_mean_bb=1.1012 policy_loss=-0.000165 value_loss=0.529838
[iter=24240] rollout_mean_bb=3.7081 policy_loss=-0.018132 value_loss=0.549341
[iter=24245] rollout_mean_bb=-0.4055 policy_loss=0.073899 value_loss=0.420343
[iter=24250] rollout_mean_bb=1.1174 policy_loss=-0.008690 value_loss=0.518165
[iter=24255] rollout_mean_bb=8.5689 policy_loss=-0.002640 value_loss=0.397053
[iter=24260] rollout_mean_bb=2.2147 policy_loss=-0.064713 value_loss=0.314475
[iter=24265] rollout_mean_bb=-0.6310 policy_loss=-0.026983 value_loss=0.369298
[iter=24270] rollout_mean_bb=1.6515 policy_loss=-0.009765 value_loss=0.469998
[iter=24275] rollout_mean_bb=5.0966 policy_loss=0.027184 value_loss=0.426455
[iter=24280] rollout_mean_bb=3.2791 policy_loss=-0.003097 value_loss=0.373736
[iter=24285] rollout_mean_bb=1.8339 policy_loss=0.001862 value_loss=0.548405
[iter=24290] rollout_mean_bb=-0.1550 policy_loss=-0.027046 value_loss=0.352401
[iter=24295] rollout_mean_bb=-0.9976 policy_loss=-0.031390 value_loss=0.523923
[iter=24300] rollout_mean_bb=1.8629 policy_loss=-0.003856 value_loss=0.358363
[iter=24305] rollout_mean_bb=-1.7844 policy_loss=-0.004957 value_loss=0.504781
[iter=24310] rollout_mean_bb=4.1436 policy_loss=0.205370 value_loss=0.859805
[iter=24315] rollout_mean_bb=6.7248 policy_loss=-0.026674 value_loss=0.404943
[iter=24320] rollout_mean_bb=1.9753 policy_loss=0.047325 value_loss=0.357660
[iter=24325] rollout_mean_bb=1.5477 policy_loss=-0.010848 value_loss=0.428193
[iter=24330] rollout_mean_bb=1.3288 policy_loss=-0.018425 value_loss=0.526485
[iter=24335] rollout_mean_bb=3.9978 policy_loss=-0.002233 value_loss=0.523658
[iter=24340] rollout_mean_bb=2.8893 policy_loss=0.040040 value_loss=0.486131
[iter=24345] rollout_mean_bb=2.4799 policy_loss=-0.008452 value_loss=0.355269
[iter=24350] rollout_mean_bb=-1.4593 policy_loss=-0.029653 value_loss=0.548734
[iter=24355] rollout_mean_bb=2.8654 policy_loss=-0.011985 value_loss=0.410880
[iter=24360] rollout_mean_bb=4.5167 policy_loss=0.015687 value_loss=0.421216
[iter=24365] rollout_mean_bb=0.4045 policy_loss=-0.008775 value_loss=0.505531
[iter=24370] rollout_mean_bb=2.7456 policy_loss=-0.039006 value_loss=0.370784
[iter=24375] rollout_mean_bb=3.3532 policy_loss=-0.004707 value_loss=0.405838
[iter=24380] rollout_mean_bb=3.0537 policy_loss=-0.003659 value_loss=0.445357
[iter=24385] rollout_mean_bb=2.0967 policy_loss=-0.005531 value_loss=0.497351
[iter=24390] rollout_mean_bb=2.0311 policy_loss=-0.005319 value_loss=0.423590
[iter=24395] rollout_mean_bb=1.5590 policy_loss=-0.025024 value_loss=0.466949
[iter=24400] rollout_mean_bb=2.5289 policy_loss=-0.006995 value_loss=0.352145
[iter=24405] rollout_mean_bb=5.0639 policy_loss=-0.105263 value_loss=0.476206
[iter=24410] rollout_mean_bb=0.2489 policy_loss=-0.003161 value_loss=0.481531
[iter=24415] rollout_mean_bb=3.3921 policy_loss=0.045925 value_loss=0.462956
[iter=24420] rollout_mean_bb=3.3065 policy_loss=-0.008966 value_loss=0.538849
[iter=24425] rollout_mean_bb=0.9082 policy_loss=-0.040848 value_loss=0.534059
[iter=24430] rollout_mean_bb=2.8627 policy_loss=-0.016179 value_loss=0.443848
[iter=24435] rollout_mean_bb=1.5173 policy_loss=-0.012489 value_loss=0.566655
[iter=24440] rollout_mean_bb=1.0765 policy_loss=0.010649 value_loss=0.339439
[iter=24445] rollout_mean_bb=0.9598 policy_loss=-0.016290 value_loss=0.485377
[iter=24450] rollout_mean_bb=-0.0655 policy_loss=-0.015022 value_loss=0.615026
[iter=24455] rollout_mean_bb=3.6372 policy_loss=0.011010 value_loss=0.515954
[iter=24460] rollout_mean_bb=4.5932 policy_loss=0.001044 value_loss=0.396600
[iter=24465] rollout_mean_bb=2.8459 policy_loss=0.017093 value_loss=0.519640
[iter=24470] rollout_mean_bb=3.8811 policy_loss=-0.031587 value_loss=0.467461
[iter=24475] rollout_mean_bb=1.1712 policy_loss=-0.022518 value_loss=0.367408
[iter=24480] rollout_mean_bb=0.7612 policy_loss=0.027079 value_loss=0.616902
[iter=24485] rollout_mean_bb=-0.5788 policy_loss=-0.030199 value_loss=0.605322
[iter=24490] rollout_mean_bb=2.9847 policy_loss=0.041426 value_loss=0.361856
[iter=24495] rollout_mean_bb=-0.7745 policy_loss=-0.011981 value_loss=0.399748
[iter=24500] rollout_mean_bb=2.9897 policy_loss=0.040066 value_loss=0.373916
[iter=24505] rollout_mean_bb=2.5273 policy_loss=-0.011068 value_loss=0.400827
[iter=24510] rollout_mean_bb=2.4939 policy_loss=-0.010640 value_loss=0.427517
[iter=24515] rollout_mean_bb=6.2318 policy_loss=0.072589 value_loss=0.648760
[iter=24520] rollout_mean_bb=1.5016 policy_loss=-0.020320 value_loss=0.489953
[iter=24525] rollout_mean_bb=2.6343 policy_loss=-0.001863 value_loss=0.363948
[iter=24530] rollout_mean_bb=1.5396 policy_loss=-0.004717 value_loss=0.496112
[iter=24535] rollout_mean_bb=1.4464 policy_loss=-0.009522 value_loss=0.394737
[iter=24540] rollout_mean_bb=0.7591 policy_loss=-0.044375 value_loss=0.506799
[iter=24545] rollout_mean_bb=2.3455 policy_loss=-0.023397 value_loss=0.463383
[iter=24550] rollout_mean_bb=2.0585 policy_loss=0.042889 value_loss=0.627100
[iter=24555] rollout_mean_bb=1.4985 policy_loss=-0.006465 value_loss=0.426616
[iter=24560] rollout_mean_bb=0.3465 policy_loss=-0.001336 value_loss=0.496951
[iter=24565] rollout_mean_bb=2.3766 policy_loss=-0.010297 value_loss=0.451980
[iter=24570] rollout_mean_bb=0.4042 policy_loss=-0.020426 value_loss=0.391062
[iter=24575] rollout_mean_bb=2.8833 policy_loss=0.011741 value_loss=0.369101
[iter=24580] rollout_mean_bb=2.2746 policy_loss=0.031808 value_loss=0.497546
[iter=24585] rollout_mean_bb=0.9398 policy_loss=-0.020717 value_loss=0.444824
[iter=24590] rollout_mean_bb=3.4937 policy_loss=-0.003102 value_loss=0.314491
[iter=24595] rollout_mean_bb=-0.3697 policy_loss=-0.022270 value_loss=0.266384
[iter=24600] rollout_mean_bb=0.4828 policy_loss=-0.010409 value_loss=0.418940
[iter=24605] rollout_mean_bb=4.8297 policy_loss=-0.010486 value_loss=0.425569
[iter=24610] rollout_mean_bb=2.1418 policy_loss=-0.004634 value_loss=0.305742
[iter=24615] rollout_mean_bb=1.5530 policy_loss=-0.162294 value_loss=0.616148
[iter=24620] rollout_mean_bb=1.0687 policy_loss=-0.011003 value_loss=0.349788
[iter=24625] rollout_mean_bb=0.9723 policy_loss=-0.012431 value_loss=0.377490
[iter=24630] rollout_mean_bb=3.5827 policy_loss=-0.002309 value_loss=0.317757
[iter=24635] rollout_mean_bb=1.4621 policy_loss=-0.308893 value_loss=0.608200
[iter=24640] rollout_mean_bb=1.1297 policy_loss=0.039686 value_loss=0.398396
[iter=24645] rollout_mean_bb=1.8901 policy_loss=0.311095 value_loss=0.965449
[iter=24650] rollout_mean_bb=2.8842 policy_loss=-0.014786 value_loss=0.392942
[iter=24655] rollout_mean_bb=5.0311 policy_loss=0.001904 value_loss=0.384105
[iter=24660] rollout_mean_bb=2.5127 policy_loss=-0.043969 value_loss=0.389890
[iter=24665] rollout_mean_bb=3.0419 policy_loss=-0.004466 value_loss=0.509239
[iter=24670] rollout_mean_bb=2.8894 policy_loss=-0.008429 value_loss=0.396296
[iter=24675] rollout_mean_bb=0.7983 policy_loss=-0.321107 value_loss=0.808090
[iter=24680] rollout_mean_bb=1.5454 policy_loss=0.000962 value_loss=0.362858
[iter=24685] rollout_mean_bb=1.2175 policy_loss=-0.022068 value_loss=0.309589
[iter=24690] rollout_mean_bb=3.3532 policy_loss=-0.007610 value_loss=0.422824
[iter=24695] rollout_mean_bb=3.5641 policy_loss=0.020585 value_loss=0.377977
[iter=24700] rollout_mean_bb=1.8376 policy_loss=-0.007361 value_loss=0.312623
[iter=24705] rollout_mean_bb=4.7283 policy_loss=-0.042816 value_loss=0.584195
[iter=24710] rollout_mean_bb=2.8968 policy_loss=-0.000936 value_loss=0.509929
[iter=24715] rollout_mean_bb=6.0928 policy_loss=-0.004429 value_loss=0.449852
[iter=24720] rollout_mean_bb=2.3729 policy_loss=0.247605 value_loss=0.949063
[iter=24725] rollout_mean_bb=1.5016 policy_loss=-0.014061 value_loss=0.413290
[iter=24730] rollout_mean_bb=4.3214 policy_loss=-0.026087 value_loss=0.651909
[iter=24735] rollout_mean_bb=2.9238 policy_loss=0.059494 value_loss=0.277255
[iter=24740] rollout_mean_bb=1.9929 policy_loss=-0.001670 value_loss=0.527465
[iter=24745] rollout_mean_bb=0.8186 policy_loss=0.327833 value_loss=0.759719
[iter=24750] rollout_mean_bb=3.7181 policy_loss=-0.007015 value_loss=0.378510
[iter=24755] rollout_mean_bb=3.1930 policy_loss=-0.007730 value_loss=0.446843
[iter=24760] rollout_mean_bb=7.2801 policy_loss=-0.000720 value_loss=0.443028
[iter=24765] rollout_mean_bb=0.8847 policy_loss=-0.031156 value_loss=0.312164
[iter=24770] rollout_mean_bb=2.8725 policy_loss=-0.040068 value_loss=0.479243
[iter=24775] rollout_mean_bb=1.2596 policy_loss=-0.006173 value_loss=0.387192
[iter=24780] rollout_mean_bb=0.6077 policy_loss=-0.004574 value_loss=0.566183
[iter=24785] rollout_mean_bb=2.8210 policy_loss=-0.007385 value_loss=0.327750
[iter=24790] rollout_mean_bb=-0.4743 policy_loss=-0.003251 value_loss=0.452670
[iter=24795] rollout_mean_bb=3.5239 policy_loss=-0.012094 value_loss=0.347877
[iter=24800] rollout_mean_bb=0.5783 policy_loss=0.033354 value_loss=0.735223
[iter=24805] rollout_mean_bb=4.5650 policy_loss=-0.003251 value_loss=0.439959
[iter=24810] rollout_mean_bb=3.5560 policy_loss=0.070397 value_loss=0.351735
[iter=24815] rollout_mean_bb=3.8521 policy_loss=0.072230 value_loss=0.510640
[iter=24820] rollout_mean_bb=2.4720 policy_loss=-0.001957 value_loss=0.450990
[iter=24825] rollout_mean_bb=-3.4861 policy_loss=-0.006470 value_loss=0.538732
[iter=24830] rollout_mean_bb=4.8912 policy_loss=0.017989 value_loss=0.400720
[iter=24835] rollout_mean_bb=5.5534 policy_loss=0.023572 value_loss=0.471395
[iter=24840] rollout_mean_bb=0.3433 policy_loss=0.156685 value_loss=0.799462
[iter=24845] rollout_mean_bb=2.1014 policy_loss=-0.009857 value_loss=0.318163
[iter=24850] rollout_mean_bb=2.4082 policy_loss=-0.000836 value_loss=0.446904
[iter=24855] rollout_mean_bb=3.6519 policy_loss=0.008003 value_loss=0.509103
[iter=24860] rollout_mean_bb=3.8559 policy_loss=0.059535 value_loss=0.371661
[iter=24865] rollout_mean_bb=2.1648 policy_loss=-0.024841 value_loss=0.282746
[iter=24870] rollout_mean_bb=3.0455 policy_loss=0.004480 value_loss=0.486866
[iter=24875] rollout_mean_bb=3.1902 policy_loss=-0.224221 value_loss=0.497495
[iter=24880] rollout_mean_bb=3.2431 policy_loss=-0.002179 value_loss=0.469426
[iter=24885] rollout_mean_bb=-0.2629 policy_loss=-0.007221 value_loss=0.475837
[iter=24890] rollout_mean_bb=2.7776 policy_loss=-0.073513 value_loss=0.411121
[iter=24895] rollout_mean_bb=1.4220 policy_loss=-0.012434 value_loss=0.458456
[iter=24900] rollout_mean_bb=2.2201 policy_loss=-0.001715 value_loss=0.447160
[iter=24905] rollout_mean_bb=-0.1214 policy_loss=-0.072982 value_loss=0.497819
[iter=24910] rollout_mean_bb=0.0756 policy_loss=-0.021278 value_loss=0.260339
[iter=24915] rollout_mean_bb=-0.1659 policy_loss=-0.009668 value_loss=0.460847
[iter=24920] rollout_mean_bb=2.0888 policy_loss=-0.090096 value_loss=0.528266
[iter=24925] rollout_mean_bb=-0.2728 policy_loss=0.018262 value_loss=0.477033
[iter=24930] rollout_mean_bb=2.6915 policy_loss=-0.029970 value_loss=0.327606
[iter=24935] rollout_mean_bb=2.6091 policy_loss=0.000071 value_loss=0.392542
[iter=24940] rollout_mean_bb=3.4730 policy_loss=-0.008940 value_loss=0.343115
[iter=24945] rollout_mean_bb=-0.5404 policy_loss=-0.026999 value_loss=0.587914
[iter=24950] rollout_mean_bb=3.5092 policy_loss=-0.200322 value_loss=0.595753
[iter=24955] rollout_mean_bb=3.8115 policy_loss=0.002030 value_loss=0.394700
[iter=24960] rollout_mean_bb=3.0819 policy_loss=-0.007104 value_loss=0.558726
[iter=24965] rollout_mean_bb=2.7174 policy_loss=0.007146 value_loss=0.440789
[iter=24970] rollout_mean_bb=3.3363 policy_loss=-0.012658 value_loss=0.478666
[iter=24975] rollout_mean_bb=1.3083 policy_loss=0.014392 value_loss=0.443473
[iter=24980] rollout_mean_bb=-0.2137 policy_loss=0.002134 value_loss=0.477626
[iter=24985] rollout_mean_bb=4.5235 policy_loss=-0.034632 value_loss=0.515631
[iter=24990] rollout_mean_bb=3.6432 policy_loss=-0.003996 value_loss=0.341689
[iter=24995] rollout_mean_bb=0.7701 policy_loss=-0.030495 value_loss=0.395245
[iter=25000] rollout_mean_bb=0.0995 policy_loss=-0.081723 value_loss=0.378080
[iter=25005] rollout_mean_bb=4.2942 policy_loss=-0.002139 value_loss=0.442121
[iter=25010] rollout_mean_bb=1.6498 policy_loss=-0.002479 value_loss=0.516260
[iter=25015] rollout_mean_bb=1.2207 policy_loss=-0.008308 value_loss=0.398843
[iter=25020] rollout_mean_bb=3.8127 policy_loss=0.011544 value_loss=0.516440
[iter=25025] rollout_mean_bb=0.1292 policy_loss=-0.001606 value_loss=0.560470
[iter=25030] rollout_mean_bb=3.1145 policy_loss=-0.014628 value_loss=0.422727
[iter=25035] rollout_mean_bb=4.6207 policy_loss=0.002877 value_loss=0.450005
[iter=25040] rollout_mean_bb=1.0927 policy_loss=-0.002517 value_loss=0.552652
[iter=25045] rollout_mean_bb=1.9746 policy_loss=0.172044 value_loss=0.604044
[iter=25050] rollout_mean_bb=1.0387 policy_loss=-0.009968 value_loss=0.407707
[iter=25055] rollout_mean_bb=3.0587 policy_loss=-0.031741 value_loss=0.465755
[iter=25060] rollout_mean_bb=1.6760 policy_loss=-0.007726 value_loss=0.302514
[iter=25065] rollout_mean_bb=-0.1842 policy_loss=0.009010 value_loss=0.521649
[iter=25070] rollout_mean_bb=5.3894 policy_loss=-0.026148 value_loss=0.410576
[iter=25075] rollout_mean_bb=3.4949 policy_loss=-0.017013 value_loss=0.337247
[iter=25080] rollout_mean_bb=2.6078 policy_loss=-0.053102 value_loss=0.381838
[iter=25085] rollout_mean_bb=2.4456 policy_loss=0.002746 value_loss=0.477666
[iter=25090] rollout_mean_bb=0.5440 policy_loss=-0.010367 value_loss=0.455949
[iter=25095] rollout_mean_bb=2.5386 policy_loss=-0.003983 value_loss=0.505388
[iter=25100] rollout_mean_bb=3.9792 policy_loss=-0.101658 value_loss=0.568818
[iter=25105] rollout_mean_bb=-0.4879 policy_loss=-0.034063 value_loss=0.350034
[iter=25110] rollout_mean_bb=1.6637 policy_loss=-0.109091 value_loss=0.670418
[iter=25115] rollout_mean_bb=3.9852 policy_loss=0.010031 value_loss=0.498306
[iter=25120] rollout_mean_bb=5.3619 policy_loss=0.007681 value_loss=0.441056
[iter=25125] rollout_mean_bb=2.9488 policy_loss=-0.008425 value_loss=0.470156
[iter=25130] rollout_mean_bb=0.7635 policy_loss=-0.001312 value_loss=0.564189
[iter=25135] rollout_mean_bb=2.4877 policy_loss=-0.026409 value_loss=0.294298
[iter=25140] rollout_mean_bb=1.1348 policy_loss=-0.005478 value_loss=0.488069
[iter=25145] rollout_mean_bb=2.9867 policy_loss=0.020665 value_loss=0.300654
[iter=25150] rollout_mean_bb=1.6596 policy_loss=-0.015574 value_loss=0.335438
[iter=25155] rollout_mean_bb=-0.8927 policy_loss=0.036964 value_loss=0.586079
[iter=25160] rollout_mean_bb=3.0276 policy_loss=-0.008772 value_loss=0.383899
[iter=25165] rollout_mean_bb=1.7278 policy_loss=-0.026909 value_loss=0.390035
[iter=25170] rollout_mean_bb=2.0816 policy_loss=-0.000296 value_loss=0.589442
[iter=25175] rollout_mean_bb=4.4451 policy_loss=-0.010402 value_loss=0.422430
[iter=25180] rollout_mean_bb=2.0254 policy_loss=-0.005163 value_loss=0.409085
[iter=25185] rollout_mean_bb=3.2416 policy_loss=0.066312 value_loss=0.515480
[iter=25190] rollout_mean_bb=0.4462 policy_loss=-0.022593 value_loss=0.441615
[iter=25195] rollout_mean_bb=3.5675 policy_loss=-0.002612 value_loss=0.448372
[iter=25200] rollout_mean_bb=-0.5573 policy_loss=0.129852 value_loss=0.606253
[iter=25205] rollout_mean_bb=2.4106 policy_loss=-0.040291 value_loss=0.488405
[iter=25210] rollout_mean_bb=5.5875 policy_loss=-0.007345 value_loss=0.465265
[iter=25215] rollout_mean_bb=3.1897 policy_loss=-0.006565 value_loss=0.447009
[iter=25220] rollout_mean_bb=3.5120 policy_loss=-0.047659 value_loss=0.548845
[iter=25225] rollout_mean_bb=1.8564 policy_loss=-0.004499 value_loss=0.458915
[iter=25230] rollout_mean_bb=3.2238 policy_loss=-0.030304 value_loss=0.548819
[iter=25235] rollout_mean_bb=2.2325 policy_loss=-0.009600 value_loss=0.429677
[iter=25240] rollout_mean_bb=4.4005 policy_loss=-0.004461 value_loss=0.538136
[iter=25245] rollout_mean_bb=0.9092 policy_loss=-0.021834 value_loss=0.378823
[iter=25250] rollout_mean_bb=3.1183 policy_loss=-0.001051 value_loss=0.572229
[iter=25255] rollout_mean_bb=0.7642 policy_loss=-0.009680 value_loss=0.388989
[iter=25260] rollout_mean_bb=2.6993 policy_loss=-0.006914 value_loss=0.308242
[iter=25265] rollout_mean_bb=5.4540 policy_loss=0.002277 value_loss=0.371707
[iter=25270] rollout_mean_bb=-0.4018 policy_loss=-0.006398 value_loss=0.561493
[iter=25275] rollout_mean_bb=5.0047 policy_loss=0.109638 value_loss=0.504593
[iter=25280] rollout_mean_bb=2.2667 policy_loss=-0.023010 value_loss=0.467161
[iter=25285] rollout_mean_bb=1.5229 policy_loss=-0.007961 value_loss=0.486712
[iter=25290] rollout_mean_bb=0.5597 policy_loss=0.022482 value_loss=0.582674
[iter=25295] rollout_mean_bb=-0.3350 policy_loss=-0.180326 value_loss=0.662686
[iter=25300] rollout_mean_bb=0.0254 policy_loss=0.001163 value_loss=0.604858
[iter=25305] rollout_mean_bb=3.5952 policy_loss=-0.004517 value_loss=0.268907
[iter=25310] rollout_mean_bb=2.3512 policy_loss=-0.046995 value_loss=0.482663
[iter=25315] rollout_mean_bb=4.1149 policy_loss=0.001645 value_loss=0.560520
[iter=25320] rollout_mean_bb=1.6252 policy_loss=-0.012514 value_loss=0.448990
[iter=25325] rollout_mean_bb=1.8455 policy_loss=-0.006055 value_loss=0.490354
[iter=25330] rollout_mean_bb=2.9924 policy_loss=-0.012721 value_loss=0.415057
[iter=25335] rollout_mean_bb=1.3774 policy_loss=0.053798 value_loss=0.616766
[iter=25340] rollout_mean_bb=4.6967 policy_loss=-0.008342 value_loss=0.335725
[iter=25345] rollout_mean_bb=2.1941 policy_loss=0.000920 value_loss=0.641926
[iter=25350] rollout_mean_bb=5.3433 policy_loss=0.013008 value_loss=0.335788
[iter=25355] rollout_mean_bb=3.5153 policy_loss=-0.016700 value_loss=0.438660
[iter=25360] rollout_mean_bb=-0.3963 policy_loss=-0.005170 value_loss=0.498131
[iter=25365] rollout_mean_bb=2.2905 policy_loss=0.010491 value_loss=0.323966
[iter=25370] rollout_mean_bb=3.2512 policy_loss=0.003026 value_loss=0.354528
[iter=25375] rollout_mean_bb=1.0529 policy_loss=-0.002165 value_loss=0.580862
[iter=25380] rollout_mean_bb=3.0082 policy_loss=0.065630 value_loss=0.586346
[iter=25385] rollout_mean_bb=1.2146 policy_loss=-0.000280 value_loss=0.563682
[iter=25390] rollout_mean_bb=2.6684 policy_loss=-0.104258 value_loss=0.587440
[iter=25395] rollout_mean_bb=2.5349 policy_loss=-0.042673 value_loss=0.475318
[iter=25400] rollout_mean_bb=3.3075 policy_loss=0.130807 value_loss=0.743400
[iter=25405] rollout_mean_bb=3.9309 policy_loss=-0.007764 value_loss=0.443783
[iter=25410] rollout_mean_bb=1.1612 policy_loss=-0.008373 value_loss=0.351259
[iter=25415] rollout_mean_bb=0.5799 policy_loss=0.002007 value_loss=0.620754
[iter=25420] rollout_mean_bb=1.0845 policy_loss=-0.025284 value_loss=0.457327
[iter=25425] rollout_mean_bb=1.8804 policy_loss=0.031577 value_loss=0.450244
[iter=25430] rollout_mean_bb=4.1557 policy_loss=-0.008558 value_loss=0.443995
[iter=25435] rollout_mean_bb=2.3531 policy_loss=-0.022411 value_loss=0.331129
[iter=25440] rollout_mean_bb=0.8015 policy_loss=-0.021587 value_loss=0.334186
[iter=25445] rollout_mean_bb=4.8098 policy_loss=-0.009884 value_loss=0.439771
[iter=25450] rollout_mean_bb=3.5041 policy_loss=0.010147 value_loss=0.507480
[iter=25455] rollout_mean_bb=2.0528 policy_loss=-0.012848 value_loss=0.576796
[iter=25460] rollout_mean_bb=2.6920 policy_loss=-0.014709 value_loss=0.436689
[iter=25465] rollout_mean_bb=1.5614 policy_loss=0.074684 value_loss=0.617906
[iter=25470] rollout_mean_bb=2.3303 policy_loss=0.046504 value_loss=0.394616
[iter=25475] rollout_mean_bb=4.3551 policy_loss=-0.009805 value_loss=0.341312
[iter=25480] rollout_mean_bb=-0.1870 policy_loss=0.001289 value_loss=0.627881
[iter=25485] rollout_mean_bb=0.6574 policy_loss=-0.023262 value_loss=0.493679
[iter=25490] rollout_mean_bb=2.3165 policy_loss=-0.096416 value_loss=0.418436
[iter=25495] rollout_mean_bb=2.8384 policy_loss=-0.002484 value_loss=0.560350
[iter=25500] rollout_mean_bb=4.6380 policy_loss=-0.005992 value_loss=0.447582
[iter=25505] rollout_mean_bb=0.7419 policy_loss=-0.002234 value_loss=0.610707
[iter=25510] rollout_mean_bb=2.2879 policy_loss=-0.011456 value_loss=0.640970
[iter=25515] rollout_mean_bb=3.6783 policy_loss=-0.001807 value_loss=0.551662
[iter=25520] rollout_mean_bb=0.8277 policy_loss=-0.007325 value_loss=0.554158
[iter=25525] rollout_mean_bb=4.5417 policy_loss=-0.011549 value_loss=0.573288
[iter=25530] rollout_mean_bb=2.9828 policy_loss=0.001241 value_loss=0.465792
[iter=25535] rollout_mean_bb=4.4782 policy_loss=-0.002929 value_loss=0.495273
[iter=25540] rollout_mean_bb=1.2989 policy_loss=0.016588 value_loss=0.611290
[iter=25545] rollout_mean_bb=3.0520 policy_loss=0.000783 value_loss=0.638915
[iter=25550] rollout_mean_bb=0.4402 policy_loss=-0.023072 value_loss=0.483558
[iter=25555] rollout_mean_bb=2.3438 policy_loss=-0.014306 value_loss=0.340194
[iter=25560] rollout_mean_bb=7.0923 policy_loss=0.015029 value_loss=0.306261
[iter=25565] rollout_mean_bb=4.0938 policy_loss=-0.015014 value_loss=0.370544
[iter=25570] rollout_mean_bb=5.3893 policy_loss=-0.011869 value_loss=0.338386
[iter=25575] rollout_mean_bb=1.7699 policy_loss=-0.030382 value_loss=0.385531
[iter=25580] rollout_mean_bb=2.6802 policy_loss=-0.012000 value_loss=0.428220
[iter=25585] rollout_mean_bb=1.8040 policy_loss=-0.014235 value_loss=0.395721
[iter=25590] rollout_mean_bb=1.0211 policy_loss=-0.007565 value_loss=0.469606
[iter=25595] rollout_mean_bb=2.4040 policy_loss=-0.006237 value_loss=0.509950
[iter=25600] rollout_mean_bb=0.6903 policy_loss=-0.008638 value_loss=0.500315
[iter=25605] rollout_mean_bb=3.5226 policy_loss=-0.017672 value_loss=0.435531
[iter=25610] rollout_mean_bb=-0.5166 policy_loss=-0.018687 value_loss=0.581393
[iter=25615] rollout_mean_bb=1.3839 policy_loss=0.014689 value_loss=0.421064
[iter=25620] rollout_mean_bb=2.6519 policy_loss=-0.008774 value_loss=0.492627
[iter=25625] rollout_mean_bb=6.1563 policy_loss=0.003610 value_loss=0.341174
[iter=25630] rollout_mean_bb=2.0592 policy_loss=0.043786 value_loss=0.558609
[iter=25635] rollout_mean_bb=1.3119 policy_loss=0.009969 value_loss=0.422435
[iter=25640] rollout_mean_bb=5.2050 policy_loss=-0.039061 value_loss=0.455988
[iter=25645] rollout_mean_bb=5.4299 policy_loss=-0.042810 value_loss=0.481383
[iter=25650] rollout_mean_bb=0.7941 policy_loss=0.016173 value_loss=0.462547
[iter=25655] rollout_mean_bb=3.6134 policy_loss=-0.007827 value_loss=0.327143
[iter=25660] rollout_mean_bb=0.4585 policy_loss=-0.006043 value_loss=0.458021
[iter=25665] rollout_mean_bb=2.4910 policy_loss=-0.026551 value_loss=0.407588
[iter=25670] rollout_mean_bb=3.5308 policy_loss=0.001720 value_loss=0.459185
[iter=25675] rollout_mean_bb=2.7367 policy_loss=-0.030378 value_loss=0.463725
[iter=25680] rollout_mean_bb=3.0763 policy_loss=0.005475 value_loss=0.483933
[iter=25685] rollout_mean_bb=1.6356 policy_loss=-0.004715 value_loss=0.456094
[iter=25690] rollout_mean_bb=2.1399 policy_loss=-0.001384 value_loss=0.618548
[iter=25695] rollout_mean_bb=1.6048 policy_loss=-0.031351 value_loss=0.421617
[iter=25700] rollout_mean_bb=3.6215 policy_loss=-0.012384 value_loss=0.378821
[iter=25705] rollout_mean_bb=3.5498 policy_loss=-0.014547 value_loss=0.468441
[iter=25710] rollout_mean_bb=0.9948 policy_loss=-0.058211 value_loss=0.580637
[iter=25715] rollout_mean_bb=2.3869 policy_loss=-0.007930 value_loss=0.476918
[iter=25720] rollout_mean_bb=1.4945 policy_loss=-0.048931 value_loss=0.296462
[iter=25725] rollout_mean_bb=2.3012 policy_loss=0.012929 value_loss=0.444650
[iter=25730] rollout_mean_bb=6.1664 policy_loss=-0.037343 value_loss=0.502689
[iter=25735] rollout_mean_bb=3.5967 policy_loss=-0.005741 value_loss=0.527534
[iter=25740] rollout_mean_bb=1.4593 policy_loss=-0.009941 value_loss=0.588452
[iter=25745] rollout_mean_bb=3.4728 policy_loss=0.018185 value_loss=0.468671
[iter=25750] rollout_mean_bb=3.8568 policy_loss=0.079772 value_loss=0.666548
[iter=25755] rollout_mean_bb=5.6614 policy_loss=-0.069540 value_loss=0.513379
[iter=25760] rollout_mean_bb=0.2635 policy_loss=-0.028096 value_loss=0.444449
[iter=25765] rollout_mean_bb=-1.0610 policy_loss=0.064589 value_loss=0.712289
[iter=25770] rollout_mean_bb=4.4008 policy_loss=-0.007104 value_loss=0.328555
[iter=25775] rollout_mean_bb=6.3000 policy_loss=0.001707 value_loss=0.566193
[iter=25780] rollout_mean_bb=3.0885 policy_loss=-0.044098 value_loss=0.249721
[iter=25785] rollout_mean_bb=0.3493 policy_loss=0.072445 value_loss=0.517974
[iter=25790] rollout_mean_bb=3.6573 policy_loss=-0.019453 value_loss=0.262962
[iter=25795] rollout_mean_bb=3.1045 policy_loss=-0.003906 value_loss=0.561483
[iter=25800] rollout_mean_bb=1.8328 policy_loss=-0.023054 value_loss=0.477821
[iter=25805] rollout_mean_bb=1.6005 policy_loss=-0.004422 value_loss=0.463979
[iter=25810] rollout_mean_bb=6.0385 policy_loss=-0.053579 value_loss=0.370090
[iter=25815] rollout_mean_bb=5.3969 policy_loss=-0.038303 value_loss=0.472995
[iter=25820] rollout_mean_bb=1.5017 policy_loss=-0.009108 value_loss=0.404395
[iter=25825] rollout_mean_bb=4.8689 policy_loss=0.012233 value_loss=0.406556
[iter=25830] rollout_mean_bb=4.5184 policy_loss=-0.017134 value_loss=0.495353
[iter=25835] rollout_mean_bb=2.9593 policy_loss=-0.007679 value_loss=0.459812
[iter=25840] rollout_mean_bb=4.6035 policy_loss=-0.006496 value_loss=0.438683
[iter=25845] rollout_mean_bb=3.6856 policy_loss=-0.007244 value_loss=0.356811
[iter=25850] rollout_mean_bb=4.6492 policy_loss=0.030144 value_loss=0.300978
[iter=25855] rollout_mean_bb=2.2303 policy_loss=-0.009031 value_loss=0.441862
[iter=25860] rollout_mean_bb=2.9231 policy_loss=0.002058 value_loss=0.603574
[iter=25865] rollout_mean_bb=0.6424 policy_loss=0.006398 value_loss=0.564916
[iter=25870] rollout_mean_bb=3.2641 policy_loss=-0.014902 value_loss=0.323696
[iter=25875] rollout_mean_bb=1.6715 policy_loss=-0.035168 value_loss=0.545527
[iter=25880] rollout_mean_bb=-0.6139 policy_loss=0.002858 value_loss=0.688174
[iter=25885] rollout_mean_bb=3.7263 policy_loss=-0.013201 value_loss=0.518452
[iter=25890] rollout_mean_bb=-1.2048 policy_loss=-0.016495 value_loss=0.600578
[iter=25895] rollout_mean_bb=4.9050 policy_loss=-0.007254 value_loss=0.562987
[iter=25900] rollout_mean_bb=1.6024 policy_loss=-0.041909 value_loss=0.574407
[iter=25905] rollout_mean_bb=1.8845 policy_loss=-0.005659 value_loss=0.366591
[iter=25910] rollout_mean_bb=-0.3829 policy_loss=-0.021697 value_loss=0.458945
[iter=25915] rollout_mean_bb=0.9876 policy_loss=-0.035960 value_loss=0.346166
[iter=25920] rollout_mean_bb=1.7291 policy_loss=0.026159 value_loss=0.526040
[iter=25925] rollout_mean_bb=4.2388 policy_loss=-0.009316 value_loss=0.492866
[iter=25930] rollout_mean_bb=3.6275 policy_loss=0.000705 value_loss=0.528700
[iter=25935] rollout_mean_bb=1.6173 policy_loss=0.021171 value_loss=0.576392
[iter=25940] rollout_mean_bb=3.9487 policy_loss=-0.007498 value_loss=0.491651
[iter=25945] rollout_mean_bb=1.5656 policy_loss=-0.009376 value_loss=0.446797
[iter=25950] rollout_mean_bb=2.0521 policy_loss=0.009293 value_loss=0.658701
[iter=25955] rollout_mean_bb=1.0298 policy_loss=0.007239 value_loss=0.743093
[iter=25960] rollout_mean_bb=2.2362 policy_loss=-0.045119 value_loss=0.381769
[iter=25965] rollout_mean_bb=5.9581 policy_loss=-0.008651 value_loss=0.471495
[iter=25970] rollout_mean_bb=2.0551 policy_loss=-0.000612 value_loss=0.557694
[iter=25975] rollout_mean_bb=0.4959 policy_loss=-0.000734 value_loss=0.516766
[iter=25980] rollout_mean_bb=3.9424 policy_loss=0.005032 value_loss=0.544945
[iter=25985] rollout_mean_bb=3.1254 policy_loss=-0.201284 value_loss=0.837998
[iter=25990] rollout_mean_bb=1.4334 policy_loss=-0.028737 value_loss=0.450592
[iter=25995] rollout_mean_bb=3.1071 policy_loss=0.003864 value_loss=0.635007
[iter=26000] rollout_mean_bb=2.9224 policy_loss=-0.005504 value_loss=0.479347
[iter=26005] rollout_mean_bb=2.1718 policy_loss=-0.023020 value_loss=0.379975
[iter=26010] rollout_mean_bb=0.2296 policy_loss=-0.020732 value_loss=0.563227
[iter=26015] rollout_mean_bb=0.7549 policy_loss=-0.007642 value_loss=0.442206
[iter=26020] rollout_mean_bb=3.8233 policy_loss=-0.040004 value_loss=0.429556
[iter=26025] rollout_mean_bb=1.1082 policy_loss=0.003111 value_loss=0.475354
[iter=26030] rollout_mean_bb=1.3366 policy_loss=-0.015075 value_loss=0.484222
[iter=26035] rollout_mean_bb=-0.0307 policy_loss=0.045461 value_loss=0.511387
[iter=26040] rollout_mean_bb=1.0181 policy_loss=0.021087 value_loss=0.563818
[iter=26045] rollout_mean_bb=0.0198 policy_loss=-0.042394 value_loss=0.473602
[iter=26050] rollout_mean_bb=1.4592 policy_loss=-0.045968 value_loss=0.437438
[iter=26055] rollout_mean_bb=2.9878 policy_loss=-0.006184 value_loss=0.397847
[iter=26060] rollout_mean_bb=-1.2996 policy_loss=0.026223 value_loss=0.741213
[iter=26065] rollout_mean_bb=2.5192 policy_loss=0.095921 value_loss=0.542263
[iter=26070] rollout_mean_bb=3.0424 policy_loss=-0.016573 value_loss=0.397611
[iter=26075] rollout_mean_bb=0.4895 policy_loss=-0.013501 value_loss=0.460907
[iter=26080] rollout_mean_bb=2.7755 policy_loss=-0.014251 value_loss=0.512093
[iter=26085] rollout_mean_bb=2.9585 policy_loss=-0.061061 value_loss=0.562455
[iter=26090] rollout_mean_bb=-0.1651 policy_loss=0.031373 value_loss=0.486440
[iter=26095] rollout_mean_bb=2.7726 policy_loss=-0.006633 value_loss=0.510020
[iter=26100] rollout_mean_bb=0.8221 policy_loss=0.052905 value_loss=0.579658
[iter=26105] rollout_mean_bb=3.2737 policy_loss=-0.009989 value_loss=0.297107
[iter=26110] rollout_mean_bb=2.4358 policy_loss=0.039187 value_loss=0.443367
[iter=26115] rollout_mean_bb=-0.7722 policy_loss=0.971563 value_loss=2.258795
[iter=26120] rollout_mean_bb=1.8026 policy_loss=-0.044165 value_loss=0.562416
[iter=26125] rollout_mean_bb=-0.2809 policy_loss=0.006373 value_loss=0.732738
[iter=26130] rollout_mean_bb=3.6484 policy_loss=-0.005573 value_loss=0.338097
[iter=26135] rollout_mean_bb=0.7564 policy_loss=-0.001718 value_loss=0.485853
[iter=26140] rollout_mean_bb=4.2084 policy_loss=0.021595 value_loss=0.568711
[iter=26145] rollout_mean_bb=-0.3215 policy_loss=0.008884 value_loss=0.392547
[iter=26150] rollout_mean_bb=3.0370 policy_loss=-0.005463 value_loss=0.511529
[iter=26155] rollout_mean_bb=2.8127 policy_loss=-0.014526 value_loss=0.423257
[iter=26160] rollout_mean_bb=2.4200 policy_loss=-0.012974 value_loss=0.426479
[iter=26165] rollout_mean_bb=1.6779 policy_loss=-0.021200 value_loss=0.453815
[iter=26170] rollout_mean_bb=3.0008 policy_loss=0.000147 value_loss=0.513728
[iter=26175] rollout_mean_bb=2.3312 policy_loss=-0.013898 value_loss=0.393370
[iter=26180] rollout_mean_bb=-1.5657 policy_loss=0.422139 value_loss=1.134029
[iter=26185] rollout_mean_bb=4.0495 policy_loss=0.046748 value_loss=0.354840
[iter=26190] rollout_mean_bb=-0.4776 policy_loss=-0.010345 value_loss=0.549246
[iter=26195] rollout_mean_bb=2.9668 policy_loss=-0.022628 value_loss=0.313698
[iter=26200] rollout_mean_bb=2.5211 policy_loss=-0.013921 value_loss=0.379611
[iter=26205] rollout_mean_bb=3.6821 policy_loss=-0.008707 value_loss=0.285513
[iter=26210] rollout_mean_bb=-0.6979 policy_loss=-0.000436 value_loss=0.529322
[iter=26215] rollout_mean_bb=3.0008 policy_loss=-0.058751 value_loss=0.417789
[iter=26220] rollout_mean_bb=2.2924 policy_loss=0.001275 value_loss=0.423629
[iter=26225] rollout_mean_bb=-0.0524 policy_loss=-0.029548 value_loss=0.463160
[iter=26230] rollout_mean_bb=3.8295 policy_loss=-0.039061 value_loss=0.508073
[iter=26235] rollout_mean_bb=1.3153 policy_loss=-0.023351 value_loss=0.333992
[iter=26240] rollout_mean_bb=-0.0058 policy_loss=0.139893 value_loss=0.742462
[iter=26245] rollout_mean_bb=0.5914 policy_loss=-0.002644 value_loss=0.583411
[iter=26250] rollout_mean_bb=-3.8357 policy_loss=-0.008058 value_loss=0.483166
[iter=26255] rollout_mean_bb=3.6034 policy_loss=-0.005740 value_loss=0.305547
[iter=26260] rollout_mean_bb=3.1120 policy_loss=0.008575 value_loss=0.552826
[iter=26265] rollout_mean_bb=3.7303 policy_loss=0.034201 value_loss=0.407635
[iter=26270] rollout_mean_bb=1.4928 policy_loss=-0.014609 value_loss=0.707398
[iter=26275] rollout_mean_bb=3.9992 policy_loss=-0.037704 value_loss=0.224471
[iter=26280] rollout_mean_bb=4.4188 policy_loss=-0.000476 value_loss=0.405469
[iter=26285] rollout_mean_bb=1.7890 policy_loss=0.021848 value_loss=0.358067
[iter=26290] rollout_mean_bb=2.1695 policy_loss=-0.004672 value_loss=0.490353
[iter=26295] rollout_mean_bb=4.7144 policy_loss=-0.000755 value_loss=0.355990
[iter=26300] rollout_mean_bb=1.7112 policy_loss=0.005044 value_loss=0.439328
[iter=26305] rollout_mean_bb=2.2444 policy_loss=-0.007996 value_loss=0.416880
[iter=26310] rollout_mean_bb=1.1565 policy_loss=0.007289 value_loss=0.496118
[iter=26315] rollout_mean_bb=0.8102 policy_loss=0.406797 value_loss=0.956721
[iter=26320] rollout_mean_bb=0.6780 policy_loss=0.012329 value_loss=0.418354
[iter=26325] rollout_mean_bb=2.1339 policy_loss=0.009494 value_loss=0.349189
[iter=26330] rollout_mean_bb=2.4261 policy_loss=-0.010939 value_loss=0.505686
[iter=26335] rollout_mean_bb=-0.4028 policy_loss=-0.004082 value_loss=0.440537
[iter=26340] rollout_mean_bb=1.8853 policy_loss=-0.047607 value_loss=0.219201
[iter=26345] rollout_mean_bb=3.0695 policy_loss=-0.009973 value_loss=0.393858
[iter=26350] rollout_mean_bb=3.4903 policy_loss=-0.006273 value_loss=0.333309
[iter=26355] rollout_mean_bb=2.2704 policy_loss=0.038312 value_loss=0.574834
[iter=26360] rollout_mean_bb=2.6246 policy_loss=-0.007410 value_loss=0.477525
[iter=26365] rollout_mean_bb=0.0515 policy_loss=-0.003864 value_loss=0.435282
[iter=26370] rollout_mean_bb=3.2840 policy_loss=-0.005998 value_loss=0.396914
[iter=26375] rollout_mean_bb=1.0700 policy_loss=-0.008027 value_loss=0.412509
[iter=26380] rollout_mean_bb=0.2435 policy_loss=-0.003513 value_loss=0.467120
[iter=26385] rollout_mean_bb=2.2892 policy_loss=-0.012871 value_loss=0.524580
[iter=26390] rollout_mean_bb=2.6164 policy_loss=0.017385 value_loss=0.503198
[iter=26395] rollout_mean_bb=1.2072 policy_loss=0.036383 value_loss=0.589357
[iter=26400] rollout_mean_bb=3.7459 policy_loss=0.013037 value_loss=0.520638
[iter=26405] rollout_mean_bb=3.5417 policy_loss=-0.004955 value_loss=0.493215
[iter=26410] rollout_mean_bb=0.6248 policy_loss=-0.006629 value_loss=0.416975
[iter=26415] rollout_mean_bb=-0.4294 policy_loss=-0.010061 value_loss=0.481172
[iter=26420] rollout_mean_bb=1.2688 policy_loss=0.027268 value_loss=0.301181
[iter=26425] rollout_mean_bb=3.0401 policy_loss=-0.018130 value_loss=0.308046
[iter=26430] rollout_mean_bb=0.0060 policy_loss=-0.039456 value_loss=0.550085
[iter=26435] rollout_mean_bb=2.2812 policy_loss=-0.053660 value_loss=0.342572
[iter=26440] rollout_mean_bb=4.1062 policy_loss=0.001290 value_loss=0.445803
[iter=26445] rollout_mean_bb=2.3088 policy_loss=-0.014420 value_loss=0.367851
[iter=26450] rollout_mean_bb=2.7774 policy_loss=-0.008845 value_loss=0.430640
[iter=26455] rollout_mean_bb=0.9259 policy_loss=-0.021826 value_loss=0.328834
[iter=26460] rollout_mean_bb=4.6853 policy_loss=0.037386 value_loss=0.503644
[iter=26465] rollout_mean_bb=1.9875 policy_loss=-0.009807 value_loss=0.388078
[iter=26470] rollout_mean_bb=-0.0106 policy_loss=-0.002868 value_loss=0.369680
[iter=26475] rollout_mean_bb=2.4691 policy_loss=-0.007373 value_loss=0.352938
[iter=26480] rollout_mean_bb=3.8530 policy_loss=-0.004934 value_loss=0.459221
[iter=26485] rollout_mean_bb=1.3407 policy_loss=-0.009176 value_loss=0.433203
[iter=26490] rollout_mean_bb=-2.3129 policy_loss=-0.011755 value_loss=0.440070
[iter=26495] rollout_mean_bb=-0.5889 policy_loss=-0.009924 value_loss=0.402132
[iter=26500] rollout_mean_bb=3.2475 policy_loss=0.007309 value_loss=0.303794
[iter=26505] rollout_mean_bb=4.5333 policy_loss=-0.086298 value_loss=0.356189
[iter=26510] rollout_mean_bb=0.8089 policy_loss=-0.000404 value_loss=0.534176
[iter=26515] rollout_mean_bb=-4.1254 policy_loss=-0.006800 value_loss=0.570613
[iter=26520] rollout_mean_bb=2.5398 policy_loss=0.026829 value_loss=0.703706
[iter=26525] rollout_mean_bb=2.9552 policy_loss=0.020727 value_loss=0.415697
[iter=26530] rollout_mean_bb=2.6080 policy_loss=0.002729 value_loss=0.413374
[iter=26535] rollout_mean_bb=3.5252 policy_loss=0.018047 value_loss=0.492371
[iter=26540] rollout_mean_bb=3.5138 policy_loss=-0.005385 value_loss=0.469301
[iter=26545] rollout_mean_bb=0.3622 policy_loss=0.029283 value_loss=0.690193
[iter=26550] rollout_mean_bb=5.2465 policy_loss=-0.007534 value_loss=0.395356
[iter=26555] rollout_mean_bb=1.1558 policy_loss=-0.017315 value_loss=0.370869
[iter=26560] rollout_mean_bb=1.9518 policy_loss=0.007019 value_loss=0.438657
[iter=26565] rollout_mean_bb=1.6368 policy_loss=-0.006011 value_loss=0.432135
[iter=26570] rollout_mean_bb=3.2959 policy_loss=-0.008619 value_loss=0.549938
[iter=26575] rollout_mean_bb=-1.9941 policy_loss=-0.005135 value_loss=0.488128
[iter=26580] rollout_mean_bb=3.0808 policy_loss=-0.014445 value_loss=0.329434
[iter=26585] rollout_mean_bb=2.9592 policy_loss=-0.048932 value_loss=0.474392
[iter=26590] rollout_mean_bb=2.3463 policy_loss=0.012915 value_loss=0.434686
[iter=26595] rollout_mean_bb=1.2730 policy_loss=-0.013886 value_loss=0.322881
[iter=26600] rollout_mean_bb=-0.9438 policy_loss=-0.004559 value_loss=0.409761
[iter=26605] rollout_mean_bb=2.1773 policy_loss=-0.010838 value_loss=0.287387
[iter=26610] rollout_mean_bb=1.6966 policy_loss=-0.007346 value_loss=0.497288
[iter=26615] rollout_mean_bb=0.5706 policy_loss=0.024323 value_loss=0.478500
[iter=26620] rollout_mean_bb=1.8086 policy_loss=-0.005381 value_loss=0.535586
[iter=26625] rollout_mean_bb=3.3592 policy_loss=0.046119 value_loss=0.472335
[iter=26630] rollout_mean_bb=2.1508 policy_loss=-0.001888 value_loss=0.521270
[iter=26635] rollout_mean_bb=2.1326 policy_loss=-0.000751 value_loss=0.516667
[iter=26640] rollout_mean_bb=5.3774 policy_loss=-0.002980 value_loss=0.484176
[iter=26645] rollout_mean_bb=2.2714 policy_loss=-0.004037 value_loss=0.391772
[iter=26650] rollout_mean_bb=2.6012 policy_loss=0.016416 value_loss=0.494787
[iter=26655] rollout_mean_bb=1.6867 policy_loss=-0.010364 value_loss=0.342140
[iter=26660] rollout_mean_bb=-0.1810 policy_loss=0.007602 value_loss=0.521223
[iter=26665] rollout_mean_bb=0.2926 policy_loss=0.009170 value_loss=0.342940
[iter=26670] rollout_mean_bb=-2.3813 policy_loss=0.015168 value_loss=0.541219
[iter=26675] rollout_mean_bb=1.4005 policy_loss=-0.006955 value_loss=0.413919
[iter=26680] rollout_mean_bb=-0.6015 policy_loss=-0.004003 value_loss=0.337657
[iter=26685] rollout_mean_bb=1.3148 policy_loss=-0.006307 value_loss=0.437303
[iter=26690] rollout_mean_bb=3.3507 policy_loss=-0.028133 value_loss=0.450697
[iter=26695] rollout_mean_bb=1.4228 policy_loss=0.004257 value_loss=0.364997
[iter=26700] rollout_mean_bb=0.6384 policy_loss=-0.008011 value_loss=0.395342
[iter=26705] rollout_mean_bb=0.7223 policy_loss=0.000747 value_loss=0.418412
[iter=26710] rollout_mean_bb=3.4279 policy_loss=0.020212 value_loss=0.349508
[iter=26715] rollout_mean_bb=1.3984 policy_loss=0.000478 value_loss=0.440212
[iter=26720] rollout_mean_bb=-1.1507 policy_loss=-0.038534 value_loss=0.451810
[iter=26725] rollout_mean_bb=0.8420 policy_loss=-0.059897 value_loss=0.247384
[iter=26730] rollout_mean_bb=2.8609 policy_loss=0.003006 value_loss=0.400166
[iter=26735] rollout_mean_bb=3.0395 policy_loss=0.003665 value_loss=0.328660
[iter=26740] rollout_mean_bb=1.7651 policy_loss=-0.009789 value_loss=0.313651
[iter=26745] rollout_mean_bb=1.7954 policy_loss=-0.036909 value_loss=0.363545
[iter=26750] rollout_mean_bb=1.5813 policy_loss=-0.029180 value_loss=0.347047
[iter=26755] rollout_mean_bb=2.7732 policy_loss=0.026515 value_loss=0.244600
[iter=26760] rollout_mean_bb=0.3834 policy_loss=-0.005382 value_loss=0.363087
[iter=26765] rollout_mean_bb=2.7833 policy_loss=-0.032313 value_loss=0.397902
[iter=26770] rollout_mean_bb=1.2417 policy_loss=0.002074 value_loss=0.431021
[iter=26775] rollout_mean_bb=4.3357 policy_loss=0.004119 value_loss=0.240459
[iter=26780] rollout_mean_bb=4.2302 policy_loss=-0.002759 value_loss=0.489224
[iter=26785] rollout_mean_bb=1.4220 policy_loss=-0.019449 value_loss=0.277570
[iter=26790] rollout_mean_bb=4.6998 policy_loss=-0.077585 value_loss=0.578047
[iter=26795] rollout_mean_bb=3.9003 policy_loss=0.032605 value_loss=0.521643
[iter=26800] rollout_mean_bb=-0.7146 policy_loss=0.050490 value_loss=0.640926
[iter=26805] rollout_mean_bb=-0.6356 policy_loss=0.005710 value_loss=0.397747
[iter=26810] rollout_mean_bb=3.7942 policy_loss=0.006824 value_loss=0.340819
[iter=26815] rollout_mean_bb=3.5008 policy_loss=-0.008982 value_loss=0.287152
[iter=26820] rollout_mean_bb=1.3196 policy_loss=0.074481 value_loss=0.419971
[iter=26825] rollout_mean_bb=1.5740 policy_loss=-0.118572 value_loss=0.419110
[iter=26830] rollout_mean_bb=2.6583 policy_loss=-0.008531 value_loss=0.453361
[iter=26835] rollout_mean_bb=3.4181 policy_loss=-0.011300 value_loss=0.484233
[iter=26840] rollout_mean_bb=0.4883 policy_loss=-0.009308 value_loss=0.534086
[iter=26845] rollout_mean_bb=4.8568 policy_loss=-0.372667 value_loss=0.691003
[iter=26850] rollout_mean_bb=-1.5338 policy_loss=-0.002321 value_loss=0.404751
[iter=26855] rollout_mean_bb=2.7391 policy_loss=-0.124482 value_loss=0.449416
[iter=26860] rollout_mean_bb=3.1479 policy_loss=0.019113 value_loss=0.349663
[iter=26865] rollout_mean_bb=4.0518 policy_loss=-0.001848 value_loss=0.471008
[iter=26870] rollout_mean_bb=1.0979 policy_loss=-0.005299 value_loss=0.294531
[iter=26875] rollout_mean_bb=3.4858 policy_loss=-0.091958 value_loss=0.607970
[iter=26880] rollout_mean_bb=1.8968 policy_loss=-0.003709 value_loss=0.472963
[iter=26885] rollout_mean_bb=2.2103 policy_loss=0.017659 value_loss=0.337954
[iter=26890] rollout_mean_bb=-0.3856 policy_loss=-0.063193 value_loss=0.410102
[iter=26895] rollout_mean_bb=-2.5316 policy_loss=-0.036378 value_loss=0.413804
[iter=26900] rollout_mean_bb=0.4819 policy_loss=-0.014444 value_loss=0.276265
[iter=26905] rollout_mean_bb=-0.0067 policy_loss=-0.012140 value_loss=0.425968
[iter=26910] rollout_mean_bb=1.2768 policy_loss=-0.011249 value_loss=0.337390
[iter=26915] rollout_mean_bb=2.1695 policy_loss=-0.093088 value_loss=0.727526
[iter=26920] rollout_mean_bb=1.2669 policy_loss=-0.002768 value_loss=0.366584
[iter=26925] rollout_mean_bb=0.0415 policy_loss=-0.015831 value_loss=0.309107
[iter=26930] rollout_mean_bb=3.1991 policy_loss=-0.034316 value_loss=0.481882
[iter=26935] rollout_mean_bb=1.1097 policy_loss=0.138667 value_loss=0.555034
[iter=26940] rollout_mean_bb=2.3355 policy_loss=-0.008924 value_loss=0.401427
[iter=26945] rollout_mean_bb=-0.7147 policy_loss=0.028319 value_loss=0.493539
[iter=26950] rollout_mean_bb=0.0478 policy_loss=-0.019345 value_loss=0.409888
[iter=26955] rollout_mean_bb=1.5623 policy_loss=-0.009786 value_loss=0.347879
[iter=26960] rollout_mean_bb=2.6359 policy_loss=0.155845 value_loss=0.463293
[iter=26965] rollout_mean_bb=-0.5276 policy_loss=-0.019336 value_loss=0.293054
[iter=26970] rollout_mean_bb=2.8320 policy_loss=-0.005053 value_loss=0.288418
[iter=26975] rollout_mean_bb=-0.0750 policy_loss=-0.016660 value_loss=0.288940
[iter=26980] rollout_mean_bb=1.6343 policy_loss=-0.032694 value_loss=0.358863
[iter=26985] rollout_mean_bb=2.6068 policy_loss=-0.005040 value_loss=0.287717
[iter=26990] rollout_mean_bb=3.0749 policy_loss=-0.008516 value_loss=0.481436
[iter=26995] rollout_mean_bb=0.0647 policy_loss=-0.008993 value_loss=0.440236
[iter=27000] rollout_mean_bb=3.3370 policy_loss=-0.019566 value_loss=0.503153
[iter=27005] rollout_mean_bb=2.5618 policy_loss=-0.025639 value_loss=0.338537
[iter=27010] rollout_mean_bb=3.0734 policy_loss=0.073084 value_loss=0.513015
[iter=27015] rollout_mean_bb=1.1955 policy_loss=-0.010018 value_loss=0.363736
[iter=27020] rollout_mean_bb=4.0845 policy_loss=0.022853 value_loss=0.305011
[iter=27025] rollout_mean_bb=3.0814 policy_loss=0.001530 value_loss=0.271617
[iter=27030] rollout_mean_bb=1.3920 policy_loss=0.830969 value_loss=1.904973
[iter=27035] rollout_mean_bb=1.3087 policy_loss=0.093367 value_loss=0.604555
[iter=27040] rollout_mean_bb=0.4242 policy_loss=-0.003880 value_loss=0.421583
[iter=27045] rollout_mean_bb=1.0511 policy_loss=-0.016188 value_loss=0.300872
[iter=27050] rollout_mean_bb=3.8395 policy_loss=0.000564 value_loss=0.435337
[iter=27055] rollout_mean_bb=3.0874 policy_loss=-0.001874 value_loss=0.303907
[iter=27060] rollout_mean_bb=1.6304 policy_loss=0.006423 value_loss=0.528333
[iter=27065] rollout_mean_bb=0.3008 policy_loss=-0.028234 value_loss=0.284780
[iter=27070] rollout_mean_bb=-0.5394 policy_loss=0.001302 value_loss=0.408061
[iter=27075] rollout_mean_bb=1.6051 policy_loss=-0.026851 value_loss=0.360721
[iter=27080] rollout_mean_bb=1.2273 policy_loss=-0.085384 value_loss=0.369220
[iter=27085] rollout_mean_bb=0.7393 policy_loss=-0.027310 value_loss=0.378715
[iter=27090] rollout_mean_bb=5.1905 policy_loss=0.019879 value_loss=0.293340
[iter=27095] rollout_mean_bb=2.8695 policy_loss=-0.004512 value_loss=0.407356
[iter=27100] rollout_mean_bb=4.7165 policy_loss=-0.002437 value_loss=0.488094
[iter=27105] rollout_mean_bb=2.9425 policy_loss=0.010387 value_loss=0.319480
[iter=27110] rollout_mean_bb=3.1332 policy_loss=-0.012092 value_loss=0.412470
[iter=27115] rollout_mean_bb=-0.7283 policy_loss=0.158802 value_loss=0.471860
[iter=27120] rollout_mean_bb=2.7910 policy_loss=-0.042017 value_loss=0.489892
[iter=27125] rollout_mean_bb=0.8072 policy_loss=0.069878 value_loss=0.930736
[iter=27130] rollout_mean_bb=3.6340 policy_loss=-0.007585 value_loss=0.435512
[iter=27135] rollout_mean_bb=0.9045 policy_loss=-0.001114 value_loss=0.544835
[iter=27140] rollout_mean_bb=3.0799 policy_loss=-0.006081 value_loss=0.354456
[iter=27145] rollout_mean_bb=3.8091 policy_loss=0.000565 value_loss=0.427493
[iter=27150] rollout_mean_bb=2.9031 policy_loss=-0.010061 value_loss=0.366285
[iter=27155] rollout_mean_bb=0.6732 policy_loss=-0.061193 value_loss=0.435094
[iter=27160] rollout_mean_bb=1.9090 policy_loss=-0.066631 value_loss=0.337600
[iter=27165] rollout_mean_bb=0.7780 policy_loss=-0.019965 value_loss=0.407437
[iter=27170] rollout_mean_bb=2.7640 policy_loss=-0.270534 value_loss=0.722952
[iter=27175] rollout_mean_bb=2.9326 policy_loss=0.002237 value_loss=0.459255
[iter=27180] rollout_mean_bb=4.2753 policy_loss=0.018827 value_loss=0.268613
[iter=27185] rollout_mean_bb=2.0374 policy_loss=-0.006452 value_loss=0.450316
[iter=27190] rollout_mean_bb=3.1391 policy_loss=-0.077785 value_loss=0.473716
[iter=27195] rollout_mean_bb=2.7927 policy_loss=-0.025011 value_loss=0.343439
[iter=27200] rollout_mean_bb=0.0905 policy_loss=-0.119008 value_loss=0.521035
[iter=27205] rollout_mean_bb=2.3122 policy_loss=0.000194 value_loss=0.461495
[iter=27210] rollout_mean_bb=-0.2087 policy_loss=0.032792 value_loss=0.451649
[iter=27215] rollout_mean_bb=4.6028 policy_loss=0.000729 value_loss=0.415668
[iter=27220] rollout_mean_bb=1.8977 policy_loss=-0.008329 value_loss=0.513408
[iter=27225] rollout_mean_bb=2.2072 policy_loss=-0.006480 value_loss=0.387298
[iter=27230] rollout_mean_bb=2.2994 policy_loss=0.156852 value_loss=0.514707
[iter=27235] rollout_mean_bb=0.2751 policy_loss=-0.007417 value_loss=0.451861
[iter=27240] rollout_mean_bb=0.1837 policy_loss=-0.009550 value_loss=0.393578
[iter=27245] rollout_mean_bb=0.8220 policy_loss=-0.017388 value_loss=0.341083
[iter=27250] rollout_mean_bb=2.7724 policy_loss=-0.043094 value_loss=0.543088
[iter=27255] rollout_mean_bb=1.5709 policy_loss=-0.009283 value_loss=0.334427
[iter=27260] rollout_mean_bb=3.7651 policy_loss=0.008213 value_loss=0.322586
[iter=27265] rollout_mean_bb=2.5052 policy_loss=-0.045802 value_loss=0.324584
[iter=27270] rollout_mean_bb=4.5656 policy_loss=-0.003761 value_loss=0.498737
[iter=27275] rollout_mean_bb=4.1364 policy_loss=0.006807 value_loss=0.421217
[iter=27280] rollout_mean_bb=1.0549 policy_loss=-0.008626 value_loss=0.279484
[iter=27285] rollout_mean_bb=0.2448 policy_loss=-0.013874 value_loss=0.306027
[iter=27290] rollout_mean_bb=0.1749 policy_loss=-0.019893 value_loss=0.364459
[iter=27295] rollout_mean_bb=6.0566 policy_loss=-0.009808 value_loss=0.364387
[iter=27300] rollout_mean_bb=-0.6216 policy_loss=-0.013792 value_loss=0.488434
[iter=27305] rollout_mean_bb=1.3432 policy_loss=-0.029441 value_loss=0.361551
[iter=27310] rollout_mean_bb=1.9095 policy_loss=-0.019241 value_loss=0.521811
[iter=27315] rollout_mean_bb=0.0920 policy_loss=0.034447 value_loss=0.409597
[iter=27320] rollout_mean_bb=2.2473 policy_loss=-0.019990 value_loss=0.393854
[iter=27325] rollout_mean_bb=2.5136 policy_loss=-0.008717 value_loss=0.580028
[iter=27330] rollout_mean_bb=2.7535 policy_loss=-0.008605 value_loss=0.423419
[iter=27335] rollout_mean_bb=4.2566 policy_loss=-0.066985 value_loss=0.455799
[iter=27340] rollout_mean_bb=-0.1744 policy_loss=-0.000781 value_loss=0.491902
[iter=27345] rollout_mean_bb=1.4695 policy_loss=-0.008790 value_loss=0.372012
[iter=27350] rollout_mean_bb=3.2790 policy_loss=-0.034098 value_loss=0.402206
[iter=27355] rollout_mean_bb=2.6624 policy_loss=0.034141 value_loss=0.403054
[iter=27360] rollout_mean_bb=1.6380 policy_loss=-0.031293 value_loss=0.434635
[iter=27365] rollout_mean_bb=4.6764 policy_loss=0.057848 value_loss=0.484600
[iter=27370] rollout_mean_bb=2.2533 policy_loss=0.028815 value_loss=0.461565
[iter=27375] rollout_mean_bb=5.3095 policy_loss=-0.007375 value_loss=0.495611
[iter=27380] rollout_mean_bb=2.0396 policy_loss=-0.019673 value_loss=0.205104
[iter=27385] rollout_mean_bb=3.1564 policy_loss=-0.009788 value_loss=0.479155
[iter=27390] rollout_mean_bb=1.0578 policy_loss=-0.032208 value_loss=0.631783
[iter=27395] rollout_mean_bb=0.9350 policy_loss=-0.016473 value_loss=0.399285
[iter=27400] rollout_mean_bb=2.4666 policy_loss=-0.012202 value_loss=0.360161
[iter=27405] rollout_mean_bb=0.4583 policy_loss=0.016379 value_loss=0.580172
[iter=27410] rollout_mean_bb=4.4532 policy_loss=-0.069435 value_loss=0.433445
[iter=27415] rollout_mean_bb=3.1653 policy_loss=-0.017338 value_loss=0.440182
[iter=27420] rollout_mean_bb=1.7211 policy_loss=0.016886 value_loss=0.578342
[iter=27425] rollout_mean_bb=-0.8977 policy_loss=-0.001939 value_loss=0.519089
[iter=27430] rollout_mean_bb=3.9072 policy_loss=0.017390 value_loss=0.426457
[iter=27435] rollout_mean_bb=0.5494 policy_loss=-0.004492 value_loss=0.390534
[iter=27440] rollout_mean_bb=2.4319 policy_loss=-0.014141 value_loss=0.387303
[iter=27445] rollout_mean_bb=2.5585 policy_loss=-0.053618 value_loss=0.456224
[iter=27450] rollout_mean_bb=0.0879 policy_loss=-0.011223 value_loss=0.472979
[iter=27455] rollout_mean_bb=5.4264 policy_loss=0.055055 value_loss=0.573700
[iter=27460] rollout_mean_bb=1.8998 policy_loss=-0.027032 value_loss=0.460831
[iter=27465] rollout_mean_bb=-0.0863 policy_loss=-0.062391 value_loss=0.666354
[iter=27470] rollout_mean_bb=2.5503 policy_loss=-0.051714 value_loss=0.364432
[iter=27475] rollout_mean_bb=-0.4721 policy_loss=0.014379 value_loss=0.460805
[iter=27480] rollout_mean_bb=1.8587 policy_loss=0.006798 value_loss=0.375455
[iter=27485] rollout_mean_bb=1.2537 policy_loss=0.886039 value_loss=1.455090
[iter=27490] rollout_mean_bb=-0.8864 policy_loss=-0.020882 value_loss=0.276490
[iter=27495] rollout_mean_bb=-1.2194 policy_loss=-0.015601 value_loss=0.322757
[iter=27500] rollout_mean_bb=3.1131 policy_loss=-0.013322 value_loss=0.333961
[iter=27505] rollout_mean_bb=3.6341 policy_loss=0.294866 value_loss=0.887284
[iter=27510] rollout_mean_bb=1.5773 policy_loss=-0.012975 value_loss=0.467651
[iter=27515] rollout_mean_bb=2.4791 policy_loss=0.032908 value_loss=0.385305
[iter=27520] rollout_mean_bb=3.5895 policy_loss=-0.004385 value_loss=0.285726
[iter=27525] rollout_mean_bb=2.3703 policy_loss=0.000671 value_loss=0.463330
[iter=27530] rollout_mean_bb=2.1396 policy_loss=0.116080 value_loss=1.088346
[iter=27535] rollout_mean_bb=1.3045 policy_loss=-0.023880 value_loss=0.368240
[iter=27540] rollout_mean_bb=1.5204 policy_loss=-0.007129 value_loss=0.433997
[iter=27545] rollout_mean_bb=1.2000 policy_loss=-0.004316 value_loss=0.445163
[iter=27550] rollout_mean_bb=1.3273 policy_loss=-0.020953 value_loss=0.465138
[iter=27555] rollout_mean_bb=0.5348 policy_loss=-0.009524 value_loss=0.338684
[iter=27560] rollout_mean_bb=1.3429 policy_loss=-0.006100 value_loss=0.431806
[iter=27565] rollout_mean_bb=2.2949 policy_loss=-0.011893 value_loss=0.402079
[iter=27570] rollout_mean_bb=3.7917 policy_loss=-0.015718 value_loss=0.482300
[iter=27575] rollout_mean_bb=3.8557 policy_loss=0.005369 value_loss=0.485073
[iter=27580] rollout_mean_bb=-1.7423 policy_loss=0.146944 value_loss=0.600579
[iter=27585] rollout_mean_bb=0.7016 policy_loss=-0.093329 value_loss=0.401216
[iter=27590] rollout_mean_bb=2.2025 policy_loss=-0.005622 value_loss=0.330023
[iter=27595] rollout_mean_bb=3.5218 policy_loss=-0.005545 value_loss=0.490822
[iter=27600] rollout_mean_bb=0.7530 policy_loss=-0.017356 value_loss=0.529191
[iter=27605] rollout_mean_bb=1.6950 policy_loss=-0.007487 value_loss=0.542628
[iter=27610] rollout_mean_bb=4.1900 policy_loss=-0.003745 value_loss=0.265214
[iter=27615] rollout_mean_bb=-0.3992 policy_loss=-0.009535 value_loss=0.360892
[iter=27620] rollout_mean_bb=0.2167 policy_loss=-0.014957 value_loss=0.328033
[iter=27625] rollout_mean_bb=3.3293 policy_loss=-0.002921 value_loss=0.506908
[iter=27630] rollout_mean_bb=1.0606 policy_loss=-0.017460 value_loss=0.494375
[iter=27635] rollout_mean_bb=4.3273 policy_loss=0.085878 value_loss=0.668442
[iter=27640] rollout_mean_bb=5.2081 policy_loss=0.013299 value_loss=0.415344
[iter=27645] rollout_mean_bb=3.3705 policy_loss=-0.005560 value_loss=0.420322
[iter=27650] rollout_mean_bb=3.1102 policy_loss=0.052575 value_loss=0.491456
[iter=27655] rollout_mean_bb=1.0970 policy_loss=0.019142 value_loss=0.438648
[iter=27660] rollout_mean_bb=4.0577 policy_loss=0.011925 value_loss=0.492702
[iter=27665] rollout_mean_bb=5.2113 policy_loss=-0.008134 value_loss=0.498163
[iter=27670] rollout_mean_bb=1.3567 policy_loss=-0.004583 value_loss=0.265238
[iter=27675] rollout_mean_bb=-0.7782 policy_loss=-0.026263 value_loss=0.423758
[iter=27680] rollout_mean_bb=5.3132 policy_loss=0.001341 value_loss=0.563788
[iter=27685] rollout_mean_bb=-0.3025 policy_loss=-0.010875 value_loss=0.411103
[iter=27690] rollout_mean_bb=2.4199 policy_loss=0.000001 value_loss=0.464111
[iter=27695] rollout_mean_bb=4.6042 policy_loss=-0.003184 value_loss=0.525051
[iter=27700] rollout_mean_bb=4.1688 policy_loss=0.022906 value_loss=0.543807
[iter=27705] rollout_mean_bb=1.6593 policy_loss=-0.012040 value_loss=0.367646
[iter=27710] rollout_mean_bb=1.5419 policy_loss=-0.003044 value_loss=0.452435
[iter=27715] rollout_mean_bb=2.6290 policy_loss=-0.006538 value_loss=0.447658
[iter=27720] rollout_mean_bb=0.1691 policy_loss=0.038437 value_loss=0.411913
[iter=27725] rollout_mean_bb=0.1314 policy_loss=-0.026361 value_loss=0.322381
[iter=27730] rollout_mean_bb=3.1106 policy_loss=0.045851 value_loss=0.413839
[iter=27735] rollout_mean_bb=1.7395 policy_loss=-0.016045 value_loss=0.302409
[iter=27740] rollout_mean_bb=3.0920 policy_loss=0.038509 value_loss=0.290786
[iter=27745] rollout_mean_bb=1.9322 policy_loss=-0.015103 value_loss=0.341102
[iter=27750] rollout_mean_bb=0.5315 policy_loss=0.047086 value_loss=0.420275
[iter=27755] rollout_mean_bb=3.3989 policy_loss=-0.003922 value_loss=0.333438
[iter=27760] rollout_mean_bb=1.1102 policy_loss=-0.006365 value_loss=0.476845
[iter=27765] rollout_mean_bb=3.6141 policy_loss=-0.015741 value_loss=0.457854
[iter=27770] rollout_mean_bb=1.8519 policy_loss=-0.006923 value_loss=0.284844
[iter=27775] rollout_mean_bb=2.3089 policy_loss=-0.013569 value_loss=0.463096
[iter=27780] rollout_mean_bb=2.2565 policy_loss=-0.001966 value_loss=0.478326
[iter=27785] rollout_mean_bb=2.3841 policy_loss=-0.010459 value_loss=0.499875
[iter=27790] rollout_mean_bb=0.8094 policy_loss=0.137399 value_loss=0.558589
[iter=27795] rollout_mean_bb=-0.3835 policy_loss=-0.007789 value_loss=0.533669
[iter=27800] rollout_mean_bb=0.2015 policy_loss=-0.007849 value_loss=0.363886
[iter=27805] rollout_mean_bb=3.4601 policy_loss=-0.019803 value_loss=0.376107
[iter=27810] rollout_mean_bb=-1.0649 policy_loss=-0.008412 value_loss=0.504295
[iter=27815] rollout_mean_bb=3.1899 policy_loss=-0.002651 value_loss=0.580061
[iter=27820] rollout_mean_bb=-1.8696 policy_loss=0.031398 value_loss=0.663024
[iter=27825] rollout_mean_bb=0.1662 policy_loss=-0.024331 value_loss=0.423356
[iter=27830] rollout_mean_bb=0.1465 policy_loss=-0.008131 value_loss=0.428987
[iter=27835] rollout_mean_bb=4.1516 policy_loss=-0.002481 value_loss=0.552586
[iter=27840] rollout_mean_bb=0.5944 policy_loss=-0.016411 value_loss=0.416804
[iter=27845] rollout_mean_bb=4.4204 policy_loss=0.015517 value_loss=0.349120
[iter=27850] rollout_mean_bb=5.8292 policy_loss=-0.007084 value_loss=0.460589
[iter=27855] rollout_mean_bb=0.2246 policy_loss=0.002591 value_loss=0.400158
[iter=27860] rollout_mean_bb=1.5268 policy_loss=-0.008530 value_loss=0.496999
[iter=27865] rollout_mean_bb=3.0078 policy_loss=0.023996 value_loss=0.698409
[iter=27870] rollout_mean_bb=2.6226 policy_loss=-0.000958 value_loss=0.487818
[iter=27875] rollout_mean_bb=0.5401 policy_loss=-0.010218 value_loss=0.412575
[iter=27880] rollout_mean_bb=2.3881 policy_loss=-0.011130 value_loss=0.406595
[iter=27885] rollout_mean_bb=0.4160 policy_loss=0.011755 value_loss=0.473304
[iter=27890] rollout_mean_bb=2.7654 policy_loss=-0.004013 value_loss=0.301403
[iter=27895] rollout_mean_bb=2.1348 policy_loss=-0.001916 value_loss=0.502386
[iter=27900] rollout_mean_bb=1.0067 policy_loss=-0.014268 value_loss=0.369471
[iter=27905] rollout_mean_bb=3.4044 policy_loss=-0.020879 value_loss=0.540213
[iter=27910] rollout_mean_bb=-0.6603 policy_loss=-0.012796 value_loss=0.490456
[iter=27915] rollout_mean_bb=1.4142 policy_loss=0.014961 value_loss=0.517674
[iter=27920] rollout_mean_bb=2.8941 policy_loss=0.028690 value_loss=0.595563
[iter=27925] rollout_mean_bb=0.0225 policy_loss=0.002473 value_loss=0.553233
[iter=27930] rollout_mean_bb=1.6542 policy_loss=-0.028348 value_loss=0.504153
[iter=27935] rollout_mean_bb=0.6482 policy_loss=-0.008734 value_loss=0.429696
[iter=27940] rollout_mean_bb=3.9698 policy_loss=0.010752 value_loss=0.336154
[iter=27945] rollout_mean_bb=2.4239 policy_loss=-0.004335 value_loss=0.546260
[iter=27950] rollout_mean_bb=0.6129 policy_loss=0.002784 value_loss=0.525445
[iter=27955] rollout_mean_bb=0.9427 policy_loss=-0.078362 value_loss=0.424699
[iter=27960] rollout_mean_bb=0.3355 policy_loss=-0.182251 value_loss=0.569202
[iter=27965] rollout_mean_bb=2.0033 policy_loss=-0.008275 value_loss=0.437412
[iter=27970] rollout_mean_bb=-0.0802 policy_loss=0.002461 value_loss=0.698546
[iter=27975] rollout_mean_bb=3.1631 policy_loss=-0.003575 value_loss=0.467892
[iter=27980] rollout_mean_bb=2.8391 policy_loss=-0.004806 value_loss=0.438111
[iter=27985] rollout_mean_bb=1.3007 policy_loss=-0.008630 value_loss=0.486939
[iter=27990] rollout_mean_bb=0.2259 policy_loss=-0.006058 value_loss=0.530076
[iter=27995] rollout_mean_bb=0.3593 policy_loss=-0.059573 value_loss=0.477203
[iter=28000] rollout_mean_bb=1.8075 policy_loss=-0.083013 value_loss=0.451986
[iter=28005] rollout_mean_bb=1.9931 policy_loss=0.025282 value_loss=0.399396
[iter=28010] rollout_mean_bb=1.6539 policy_loss=0.040841 value_loss=0.662507
[iter=28015] rollout_mean_bb=1.1695 policy_loss=0.011009 value_loss=0.598407
[iter=28020] rollout_mean_bb=1.2831 policy_loss=0.003718 value_loss=0.487844
[iter=28025] rollout_mean_bb=1.1010 policy_loss=0.019078 value_loss=0.613269
[iter=28030] rollout_mean_bb=4.4011 policy_loss=0.006665 value_loss=0.706850
[iter=28035] rollout_mean_bb=3.7555 policy_loss=-0.019580 value_loss=0.669094
[iter=28040] rollout_mean_bb=3.4144 policy_loss=-0.013663 value_loss=0.412059
[iter=28045] rollout_mean_bb=1.8752 policy_loss=-0.003872 value_loss=0.555541
[iter=28050] rollout_mean_bb=3.9205 policy_loss=0.024822 value_loss=0.417576
[iter=28055] rollout_mean_bb=3.1172 policy_loss=-0.004443 value_loss=0.556198
[iter=28060] rollout_mean_bb=2.8395 policy_loss=0.030590 value_loss=0.633223
[iter=28065] rollout_mean_bb=2.6172 policy_loss=-0.035875 value_loss=0.504644
[iter=28070] rollout_mean_bb=2.2888 policy_loss=-0.008105 value_loss=0.372966
[iter=28075] rollout_mean_bb=0.3295 policy_loss=0.001246 value_loss=0.523070
[iter=28080] rollout_mean_bb=4.4325 policy_loss=-0.012614 value_loss=0.560711
[iter=28085] rollout_mean_bb=-2.0349 policy_loss=-0.060678 value_loss=0.541991
[iter=28090] rollout_mean_bb=1.7668 policy_loss=0.015112 value_loss=0.392510
[iter=28095] rollout_mean_bb=-1.6912 policy_loss=-0.002216 value_loss=0.561463
[iter=28100] rollout_mean_bb=0.8698 policy_loss=0.069753 value_loss=0.376464
[iter=28105] rollout_mean_bb=1.7592 policy_loss=-0.003663 value_loss=0.547058
[iter=28110] rollout_mean_bb=3.3363 policy_loss=-0.014756 value_loss=0.408489
[iter=28115] rollout_mean_bb=3.8270 policy_loss=-0.034225 value_loss=0.340106
[iter=28120] rollout_mean_bb=1.6736 policy_loss=0.010191 value_loss=0.366885
[iter=28125] rollout_mean_bb=2.6688 policy_loss=-0.010669 value_loss=0.503726
[iter=28130] rollout_mean_bb=1.4938 policy_loss=0.007956 value_loss=0.431236
[iter=28135] rollout_mean_bb=3.7894 policy_loss=-0.036026 value_loss=0.449551
[iter=28140] rollout_mean_bb=0.8684 policy_loss=-0.026338 value_loss=0.423835
[iter=28145] rollout_mean_bb=3.6259 policy_loss=-0.018317 value_loss=0.353054
[iter=28150] rollout_mean_bb=0.6777 policy_loss=-0.023245 value_loss=0.280483
[iter=28155] rollout_mean_bb=1.6287 policy_loss=-0.029212 value_loss=0.549109
[iter=28160] rollout_mean_bb=0.8367 policy_loss=-0.010829 value_loss=0.450572
[iter=28165] rollout_mean_bb=3.2273 policy_loss=-0.001119 value_loss=0.338682
[iter=28170] rollout_mean_bb=3.6896 policy_loss=-0.004443 value_loss=0.395442
[iter=28175] rollout_mean_bb=1.6178 policy_loss=-0.218053 value_loss=0.485842
[iter=28180] rollout_mean_bb=0.3091 policy_loss=-0.081150 value_loss=0.502016
[iter=28185] rollout_mean_bb=0.1515 policy_loss=0.017988 value_loss=0.444325
[iter=28190] rollout_mean_bb=-0.3123 policy_loss=-0.097114 value_loss=0.301492
[iter=28195] rollout_mean_bb=4.1755 policy_loss=-0.022903 value_loss=0.366354
[iter=28200] rollout_mean_bb=3.2709 policy_loss=-0.000280 value_loss=0.351807
[iter=28205] rollout_mean_bb=3.3399 policy_loss=0.008676 value_loss=0.410297
[iter=28210] rollout_mean_bb=0.4632 policy_loss=0.002128 value_loss=0.510268
[iter=28215] rollout_mean_bb=-0.7644 policy_loss=-0.014052 value_loss=0.432313
[iter=28220] rollout_mean_bb=1.6761 policy_loss=0.001634 value_loss=0.502321
[iter=28225] rollout_mean_bb=3.1033 policy_loss=-0.051550 value_loss=0.314915
[iter=28230] rollout_mean_bb=3.3647 policy_loss=0.021591 value_loss=0.625156
[iter=28235] rollout_mean_bb=2.0591 policy_loss=0.018684 value_loss=0.416717
[iter=28240] rollout_mean_bb=2.1868 policy_loss=-0.002411 value_loss=0.368453
[iter=28245] rollout_mean_bb=3.8134 policy_loss=0.009353 value_loss=0.303467
[iter=28250] rollout_mean_bb=2.1974 policy_loss=-0.005957 value_loss=0.445143
[iter=28255] rollout_mean_bb=4.2562 policy_loss=0.014578 value_loss=0.611010
[iter=28260] rollout_mean_bb=3.7431 policy_loss=-0.004194 value_loss=0.386893
[iter=28265] rollout_mean_bb=6.0604 policy_loss=0.002570 value_loss=0.685157
[iter=28270] rollout_mean_bb=0.1470 policy_loss=0.002406 value_loss=0.708157
[iter=28275] rollout_mean_bb=0.5604 policy_loss=-0.000814 value_loss=0.453287
[iter=28280] rollout_mean_bb=1.4392 policy_loss=-0.017738 value_loss=0.297338
[iter=28285] rollout_mean_bb=0.5367 policy_loss=0.015385 value_loss=0.549623
[iter=28290] rollout_mean_bb=2.5351 policy_loss=-0.013800 value_loss=0.371920
[iter=28295] rollout_mean_bb=2.8570 policy_loss=0.028139 value_loss=0.466623
[iter=28300] rollout_mean_bb=0.7577 policy_loss=-0.035705 value_loss=0.754011
[iter=28305] rollout_mean_bb=4.5534 policy_loss=-0.023204 value_loss=0.376888
[iter=28310] rollout_mean_bb=1.9936 policy_loss=0.002881 value_loss=0.627569
[iter=28315] rollout_mean_bb=1.1597 policy_loss=-0.011795 value_loss=0.451633
[iter=28320] rollout_mean_bb=0.4593 policy_loss=-0.008728 value_loss=0.499598
[iter=28325] rollout_mean_bb=4.5901 policy_loss=0.005752 value_loss=0.427825
[iter=28330] rollout_mean_bb=0.5588 policy_loss=-0.021508 value_loss=0.340405
[iter=28335] rollout_mean_bb=0.4699 policy_loss=-0.013882 value_loss=0.360350
[iter=28340] rollout_mean_bb=4.2469 policy_loss=-0.020948 value_loss=0.446435
[iter=28345] rollout_mean_bb=0.8699 policy_loss=-0.003066 value_loss=0.489352
[iter=28350] rollout_mean_bb=1.4256 policy_loss=0.031387 value_loss=0.588625
[iter=28355] rollout_mean_bb=3.1105 policy_loss=-0.003006 value_loss=0.472521
[iter=28360] rollout_mean_bb=3.2990 policy_loss=-0.003462 value_loss=0.470166
[iter=28365] rollout_mean_bb=2.4853 policy_loss=-0.191361 value_loss=0.906347
[iter=28370] rollout_mean_bb=2.6544 policy_loss=0.034361 value_loss=0.506880
[iter=28375] rollout_mean_bb=1.2649 policy_loss=-0.001055 value_loss=0.308433
[iter=28380] rollout_mean_bb=0.4962 policy_loss=-0.022512 value_loss=0.511916
[iter=28385] rollout_mean_bb=1.9859 policy_loss=-0.002327 value_loss=0.493668
[iter=28390] rollout_mean_bb=3.6057 policy_loss=-0.002660 value_loss=0.552765
[iter=28395] rollout_mean_bb=-1.3987 policy_loss=0.000534 value_loss=0.533723
[iter=28400] rollout_mean_bb=1.4771 policy_loss=-0.009027 value_loss=0.400367
[iter=28405] rollout_mean_bb=2.7454 policy_loss=-0.012986 value_loss=0.416399
[iter=28410] rollout_mean_bb=2.5879 policy_loss=-0.005234 value_loss=0.323505
[iter=28415] rollout_mean_bb=3.0760 policy_loss=-0.023600 value_loss=0.510025
[iter=28420] rollout_mean_bb=2.4511 policy_loss=-0.005376 value_loss=0.442120
[iter=28425] rollout_mean_bb=1.0202 policy_loss=0.035419 value_loss=0.491459
[iter=28430] rollout_mean_bb=3.2933 policy_loss=0.000144 value_loss=0.374230
[iter=28435] rollout_mean_bb=0.3644 policy_loss=-0.059626 value_loss=0.567931
[iter=28440] rollout_mean_bb=2.6250 policy_loss=0.033463 value_loss=0.423453
[iter=28445] rollout_mean_bb=-0.0429 policy_loss=-0.013742 value_loss=0.369332
[iter=28450] rollout_mean_bb=3.1811 policy_loss=0.003728 value_loss=0.248578
[iter=28455] rollout_mean_bb=-1.1997 policy_loss=0.005267 value_loss=0.451035
[iter=28460] rollout_mean_bb=2.4057 policy_loss=0.078653 value_loss=0.357704
[iter=28465] rollout_mean_bb=-1.1105 policy_loss=-0.014486 value_loss=0.439864
[iter=28470] rollout_mean_bb=3.6431 policy_loss=0.065209 value_loss=0.408799
[iter=28475] rollout_mean_bb=1.4481 policy_loss=-0.003628 value_loss=0.465299
[iter=28480] rollout_mean_bb=2.6252 policy_loss=-0.027436 value_loss=0.518142
[iter=28485] rollout_mean_bb=3.4664 policy_loss=-0.004206 value_loss=0.536170
[iter=28490] rollout_mean_bb=5.6754 policy_loss=0.019180 value_loss=0.423372
[iter=28495] rollout_mean_bb=2.9124 policy_loss=-0.009387 value_loss=0.362808
[iter=28500] rollout_mean_bb=1.0081 policy_loss=-0.013751 value_loss=0.451421
[iter=28505] rollout_mean_bb=2.7171 policy_loss=0.010488 value_loss=0.389434
[iter=28510] rollout_mean_bb=0.1767 policy_loss=-0.016593 value_loss=0.401848
[iter=28515] rollout_mean_bb=2.7947 policy_loss=-0.003527 value_loss=0.619797
[iter=28520] rollout_mean_bb=-2.7667 policy_loss=-0.003625 value_loss=0.456407
[iter=28525] rollout_mean_bb=3.8640 policy_loss=0.017873 value_loss=0.332959
[iter=28530] rollout_mean_bb=3.8016 policy_loss=-0.211475 value_loss=0.634792
[iter=28535] rollout_mean_bb=0.5846 policy_loss=0.010289 value_loss=0.357595
[iter=28540] rollout_mean_bb=-1.7668 policy_loss=-0.010748 value_loss=0.388483
[iter=28545] rollout_mean_bb=0.7904 policy_loss=-0.037741 value_loss=0.460981
[iter=28550] rollout_mean_bb=2.8294 policy_loss=0.003172 value_loss=0.364087
[iter=28555] rollout_mean_bb=0.1117 policy_loss=0.020912 value_loss=0.461044
[iter=28560] rollout_mean_bb=0.8277 policy_loss=-0.006189 value_loss=0.546781
[iter=28565] rollout_mean_bb=0.7711 policy_loss=0.027057 value_loss=0.387609
[iter=28570] rollout_mean_bb=2.7487 policy_loss=-0.005706 value_loss=0.370295
[iter=28575] rollout_mean_bb=-0.6294 policy_loss=0.100904 value_loss=0.499102
[iter=28580] rollout_mean_bb=-0.5634 policy_loss=-0.010804 value_loss=0.655086
[iter=28585] rollout_mean_bb=4.4142 policy_loss=-0.004527 value_loss=0.558182
[iter=28590] rollout_mean_bb=2.6658 policy_loss=0.087535 value_loss=0.272793
[iter=28595] rollout_mean_bb=4.0130 policy_loss=-0.006311 value_loss=0.429296
[iter=28600] rollout_mean_bb=2.3071 policy_loss=0.027412 value_loss=0.495502
[iter=28605] rollout_mean_bb=1.3780 policy_loss=-0.017916 value_loss=0.279231
[iter=28610] rollout_mean_bb=5.9406 policy_loss=-0.001520 value_loss=0.427687
[iter=28615] rollout_mean_bb=0.8914 policy_loss=-0.014889 value_loss=0.464020
[iter=28620] rollout_mean_bb=1.9568 policy_loss=0.155709 value_loss=0.676994
[iter=28625] rollout_mean_bb=0.0212 policy_loss=-0.009008 value_loss=0.500928
[iter=28630] rollout_mean_bb=2.8035 policy_loss=0.026513 value_loss=0.516954
[iter=28635] rollout_mean_bb=2.5364 policy_loss=0.048551 value_loss=0.556808
[iter=28640] rollout_mean_bb=1.7175 policy_loss=0.042575 value_loss=0.369148
[iter=28645] rollout_mean_bb=1.5119 policy_loss=-0.074539 value_loss=0.327405
[iter=28650] rollout_mean_bb=3.8951 policy_loss=0.004493 value_loss=0.454795
[iter=28655] rollout_mean_bb=-1.8155 policy_loss=-0.004725 value_loss=0.467866
[iter=28660] rollout_mean_bb=-0.5828 policy_loss=-0.030616 value_loss=0.300732
[iter=28665] rollout_mean_bb=3.6493 policy_loss=-0.007066 value_loss=0.289072
[iter=28670] rollout_mean_bb=2.9050 policy_loss=0.106973 value_loss=0.883532
[iter=28675] rollout_mean_bb=3.4525 policy_loss=-0.005606 value_loss=0.493177
[iter=28680] rollout_mean_bb=3.2166 policy_loss=-0.028903 value_loss=0.396684
[iter=28685] rollout_mean_bb=2.0995 policy_loss=-0.038934 value_loss=0.319827
[iter=28690] rollout_mean_bb=2.0534 policy_loss=0.004446 value_loss=0.439065
[iter=28695] rollout_mean_bb=1.1286 policy_loss=-0.204039 value_loss=0.582648
[iter=28700] rollout_mean_bb=2.5421 policy_loss=-0.013094 value_loss=0.340832
[iter=28705] rollout_mean_bb=1.0264 policy_loss=-0.034513 value_loss=0.381823
[iter=28710] rollout_mean_bb=1.2086 policy_loss=0.003858 value_loss=0.630288
[iter=28715] rollout_mean_bb=0.7042 policy_loss=-0.012964 value_loss=0.485933
[iter=28720] rollout_mean_bb=3.4051 policy_loss=-0.014249 value_loss=0.386475
[iter=28725] rollout_mean_bb=2.8532 policy_loss=0.044964 value_loss=0.335219
[iter=28730] rollout_mean_bb=0.2413 policy_loss=0.007656 value_loss=0.462064
[iter=28735] rollout_mean_bb=2.2331 policy_loss=0.004811 value_loss=0.518436
[iter=28740] rollout_mean_bb=0.2203 policy_loss=-0.022269 value_loss=0.361344
[iter=28745] rollout_mean_bb=5.3613 policy_loss=-0.042905 value_loss=0.573041
[iter=28750] rollout_mean_bb=4.6289 policy_loss=-0.004890 value_loss=0.415541
[iter=28755] rollout_mean_bb=1.7767 policy_loss=-0.007028 value_loss=0.427940
[iter=28760] rollout_mean_bb=1.8270 policy_loss=-0.005104 value_loss=0.509901
[iter=28765] rollout_mean_bb=-1.5755 policy_loss=-0.010652 value_loss=0.441778
[iter=28770] rollout_mean_bb=0.7759 policy_loss=-0.006148 value_loss=0.400061
[iter=28775] rollout_mean_bb=0.6037 policy_loss=-0.015058 value_loss=0.346716
[iter=28780] rollout_mean_bb=2.1090 policy_loss=-0.024458 value_loss=0.299402
[iter=28785] rollout_mean_bb=3.6625 policy_loss=-0.006444 value_loss=0.534137
[iter=28790] rollout_mean_bb=1.4809 policy_loss=-0.012315 value_loss=0.382050
[iter=28795] rollout_mean_bb=2.3699 policy_loss=-0.003872 value_loss=0.528139
[iter=28800] rollout_mean_bb=3.7678 policy_loss=-0.018584 value_loss=0.482996
[iter=28805] rollout_mean_bb=6.2850 policy_loss=0.016632 value_loss=0.518133
[iter=28810] rollout_mean_bb=2.5409 policy_loss=-0.034847 value_loss=0.427444
[iter=28815] rollout_mean_bb=-1.8412 policy_loss=-0.003397 value_loss=0.420341
[iter=28820] rollout_mean_bb=1.3878 policy_loss=0.008430 value_loss=0.594091
[iter=28825] rollout_mean_bb=1.8423 policy_loss=-0.009360 value_loss=0.354801
[iter=28830] rollout_mean_bb=2.8931 policy_loss=0.018835 value_loss=0.332172
[iter=28835] rollout_mean_bb=2.4490 policy_loss=-0.014514 value_loss=0.583164
[iter=28840] rollout_mean_bb=2.5301 policy_loss=0.000309 value_loss=0.289419
[iter=28845] rollout_mean_bb=0.6451 policy_loss=0.007233 value_loss=0.351750
[iter=28850] rollout_mean_bb=0.8451 policy_loss=0.167366 value_loss=0.549328
[iter=28855] rollout_mean_bb=4.5057 policy_loss=-0.071281 value_loss=0.473514
[iter=28860] rollout_mean_bb=1.4488 policy_loss=-0.056855 value_loss=0.304129
[iter=28865] rollout_mean_bb=3.4488 policy_loss=-0.003774 value_loss=0.408660
[iter=28870] rollout_mean_bb=3.6413 policy_loss=-0.005365 value_loss=0.333855
[iter=28875] rollout_mean_bb=-0.3608 policy_loss=-0.019722 value_loss=0.292059
[iter=28880] rollout_mean_bb=4.1002 policy_loss=0.000157 value_loss=0.371632
[iter=28885] rollout_mean_bb=5.5914 policy_loss=-0.045103 value_loss=0.449330
[iter=28890] rollout_mean_bb=-0.9299 policy_loss=0.135561 value_loss=0.489793
[iter=28895] rollout_mean_bb=1.9523 policy_loss=0.007430 value_loss=0.462518
[iter=28900] rollout_mean_bb=2.1662 policy_loss=0.022343 value_loss=0.446863
[iter=28905] rollout_mean_bb=3.3052 policy_loss=-0.008079 value_loss=0.379465
[iter=28910] rollout_mean_bb=2.4735 policy_loss=-0.026980 value_loss=0.570691
[iter=28915] rollout_mean_bb=-0.6194 policy_loss=-0.017709 value_loss=0.635059
[iter=28920] rollout_mean_bb=3.4592 policy_loss=-0.075708 value_loss=0.478794
[iter=28925] rollout_mean_bb=3.1392 policy_loss=-0.002073 value_loss=0.422817
[iter=28930] rollout_mean_bb=5.1788 policy_loss=-0.072009 value_loss=0.635830
[iter=28935] rollout_mean_bb=4.8255 policy_loss=0.018275 value_loss=0.626830
[iter=28940] rollout_mean_bb=1.7300 policy_loss=-0.005986 value_loss=0.467356
[iter=28945] rollout_mean_bb=1.5274 policy_loss=-0.025162 value_loss=0.298627
[iter=28950] rollout_mean_bb=2.8231 policy_loss=0.008054 value_loss=0.420931
[iter=28955] rollout_mean_bb=5.0301 policy_loss=-0.262445 value_loss=1.027366
[iter=28960] rollout_mean_bb=6.0824 policy_loss=0.004326 value_loss=0.398518
[iter=28965] rollout_mean_bb=6.4311 policy_loss=0.003055 value_loss=0.635748
[iter=28970] rollout_mean_bb=4.2704 policy_loss=-0.005039 value_loss=0.638017
[iter=28975] rollout_mean_bb=2.9706 policy_loss=0.000961 value_loss=0.578408
[iter=28980] rollout_mean_bb=-2.5258 policy_loss=-0.003192 value_loss=0.581954
[iter=28985] rollout_mean_bb=1.1002 policy_loss=-0.005104 value_loss=0.767976
[iter=28990] rollout_mean_bb=2.1270 policy_loss=0.003208 value_loss=0.652308
[iter=28995] rollout_mean_bb=3.3891 policy_loss=-0.010638 value_loss=0.573869
[iter=29000] rollout_mean_bb=4.4240 policy_loss=-0.003763 value_loss=0.488088
[iter=29005] rollout_mean_bb=3.9224 policy_loss=0.035960 value_loss=0.627219
[iter=29010] rollout_mean_bb=0.3410 policy_loss=0.013035 value_loss=0.543928
[iter=29015] rollout_mean_bb=-2.4126 policy_loss=-0.263363 value_loss=1.000136
[iter=29020] rollout_mean_bb=0.9287 policy_loss=-0.164304 value_loss=0.871848
[iter=29025] rollout_mean_bb=4.1732 policy_loss=0.018323 value_loss=0.592700
[iter=29030] rollout_mean_bb=1.8636 policy_loss=-0.007563 value_loss=0.709061
[iter=29035] rollout_mean_bb=6.0986 policy_loss=-0.030927 value_loss=0.485678
[iter=29040] rollout_mean_bb=1.0539 policy_loss=-0.112080 value_loss=0.500384
[iter=29045] rollout_mean_bb=-1.7837 policy_loss=-0.031455 value_loss=0.410377
[iter=29050] rollout_mean_bb=3.1126 policy_loss=0.006023 value_loss=0.562000
[iter=29055] rollout_mean_bb=3.7053 policy_loss=0.003968 value_loss=0.470691
[iter=29060] rollout_mean_bb=5.1649 policy_loss=-0.028301 value_loss=0.606495
[iter=29065] rollout_mean_bb=4.3912 policy_loss=-0.004007 value_loss=0.594690
[iter=29070] rollout_mean_bb=6.0562 policy_loss=-0.050157 value_loss=0.578942
[iter=29075] rollout_mean_bb=3.1277 policy_loss=-0.022272 value_loss=0.659869
[iter=29080] rollout_mean_bb=1.9295 policy_loss=0.015154 value_loss=0.690659
[iter=29085] rollout_mean_bb=4.7549 policy_loss=-0.004426 value_loss=0.524118
[iter=29090] rollout_mean_bb=1.3665 policy_loss=-0.043407 value_loss=0.466572
[iter=29095] rollout_mean_bb=4.4705 policy_loss=0.022382 value_loss=0.552360
[iter=29100] rollout_mean_bb=-2.1953 policy_loss=-0.002037 value_loss=0.594564
[iter=29105] rollout_mean_bb=-1.6863 policy_loss=-0.066601 value_loss=0.506703
[iter=29110] rollout_mean_bb=3.7179 policy_loss=0.011997 value_loss=0.698582
[iter=29115] rollout_mean_bb=4.5346 policy_loss=0.001517 value_loss=0.497158
[iter=29120] rollout_mean_bb=1.4497 policy_loss=-0.072326 value_loss=0.533074
[iter=29125] rollout_mean_bb=4.4222 policy_loss=0.003488 value_loss=0.673045
[iter=29130] rollout_mean_bb=5.6694 policy_loss=0.060999 value_loss=0.745086
[iter=29135] rollout_mean_bb=2.8246 policy_loss=-0.021622 value_loss=0.579653
[iter=29140] rollout_mean_bb=4.3565 policy_loss=-0.063446 value_loss=0.473969
[iter=29145] rollout_mean_bb=6.0535 policy_loss=0.006078 value_loss=0.571371
[iter=29150] rollout_mean_bb=4.5528 policy_loss=-0.037808 value_loss=0.424969
[iter=29155] rollout_mean_bb=0.8746 policy_loss=-0.007020 value_loss=0.395968
[iter=29160] rollout_mean_bb=6.5952 policy_loss=-0.023977 value_loss=0.684122
[iter=29165] rollout_mean_bb=-2.0756 policy_loss=-0.005262 value_loss=0.654064
[iter=29170] rollout_mean_bb=1.5435 policy_loss=0.000167 value_loss=0.630436
[iter=29175] rollout_mean_bb=4.4215 policy_loss=-0.081008 value_loss=0.592846
[iter=29180] rollout_mean_bb=3.4602 policy_loss=0.169144 value_loss=0.761105
[iter=29185] rollout_mean_bb=1.7958 policy_loss=0.382907 value_loss=1.009225
[iter=29190] rollout_mean_bb=4.2939 policy_loss=0.014088 value_loss=0.642448
[iter=29195] rollout_mean_bb=3.4489 policy_loss=-0.014108 value_loss=0.713123
[iter=29200] rollout_mean_bb=5.1602 policy_loss=0.000016 value_loss=0.400592
[iter=29205] rollout_mean_bb=3.6717 policy_loss=-0.005836 value_loss=0.597521
[iter=29210] rollout_mean_bb=3.1202 policy_loss=-0.032271 value_loss=0.637497
[iter=29215] rollout_mean_bb=1.6791 policy_loss=0.038594 value_loss=0.842622
[iter=29220] rollout_mean_bb=4.1275 policy_loss=0.180297 value_loss=0.803550
[iter=29225] rollout_mean_bb=0.7549 policy_loss=-0.090842 value_loss=0.610543
[iter=29230] rollout_mean_bb=7.3500 policy_loss=-0.002354 value_loss=0.536196
[iter=29235] rollout_mean_bb=4.0677 policy_loss=-0.001063 value_loss=0.532063
[iter=29240] rollout_mean_bb=2.0902 policy_loss=0.065278 value_loss=0.715134
[iter=29245] rollout_mean_bb=-0.9992 policy_loss=-0.034298 value_loss=0.604916
[iter=29250] rollout_mean_bb=1.5948 policy_loss=-0.007637 value_loss=0.555686
[iter=29255] rollout_mean_bb=5.9824 policy_loss=0.000482 value_loss=0.522405
[iter=29260] rollout_mean_bb=-0.2000 policy_loss=-0.037070 value_loss=0.504452
[iter=29265] rollout_mean_bb=-0.5277 policy_loss=0.254036 value_loss=1.021573
[iter=29270] rollout_mean_bb=5.2703 policy_loss=-0.024553 value_loss=0.448768
[iter=29275] rollout_mean_bb=-0.3544 policy_loss=-0.047216 value_loss=0.556493
[iter=29280] rollout_mean_bb=0.2846 policy_loss=-0.013290 value_loss=0.593433
[iter=29285] rollout_mean_bb=5.7139 policy_loss=0.001826 value_loss=0.596240
[iter=29290] rollout_mean_bb=6.9613 policy_loss=-0.003594 value_loss=0.519669
[iter=29295] rollout_mean_bb=4.4832 policy_loss=-0.024634 value_loss=0.529736
[iter=29300] rollout_mean_bb=3.6600 policy_loss=0.113471 value_loss=0.746742
[iter=29305] rollout_mean_bb=1.6112 policy_loss=0.041011 value_loss=0.509643
[iter=29310] rollout_mean_bb=2.6898 policy_loss=0.051320 value_loss=0.764413
[iter=29315] rollout_mean_bb=3.5867 policy_loss=-0.020134 value_loss=0.520330
[iter=29320] rollout_mean_bb=2.7671 policy_loss=0.015387 value_loss=0.620700
[iter=29325] rollout_mean_bb=1.9229 policy_loss=-0.014815 value_loss=0.602186
[iter=29330] rollout_mean_bb=3.3805 policy_loss=0.002671 value_loss=0.587907
[iter=29335] rollout_mean_bb=5.0027 policy_loss=0.000659 value_loss=0.628560
[iter=29340] rollout_mean_bb=1.2668 policy_loss=-0.004737 value_loss=0.516997
[iter=29345] rollout_mean_bb=6.0864 policy_loss=0.010773 value_loss=0.510446
[iter=29350] rollout_mean_bb=2.9304 policy_loss=-0.002147 value_loss=0.626832
[iter=29355] rollout_mean_bb=1.5073 policy_loss=0.014080 value_loss=0.655194
[iter=29360] rollout_mean_bb=1.4920 policy_loss=0.052892 value_loss=0.559863
[iter=29365] rollout_mean_bb=-0.9445 policy_loss=0.003309 value_loss=0.748959
[iter=29370] rollout_mean_bb=3.5812 policy_loss=-0.045130 value_loss=0.567176
[iter=29375] rollout_mean_bb=4.0404 policy_loss=0.046600 value_loss=0.587723
[iter=29380] rollout_mean_bb=2.0728 policy_loss=0.077050 value_loss=0.559223
[iter=29385] rollout_mean_bb=4.8176 policy_loss=0.008397 value_loss=0.741036
[iter=29390] rollout_mean_bb=4.6273 policy_loss=-0.030952 value_loss=0.839532
[iter=29395] rollout_mean_bb=1.1982 policy_loss=0.017318 value_loss=0.585164
[iter=29400] rollout_mean_bb=6.7530 policy_loss=-0.001331 value_loss=0.584647
[iter=29405] rollout_mean_bb=3.0461 policy_loss=0.001111 value_loss=0.686499
[iter=29410] rollout_mean_bb=4.5316 policy_loss=0.040558 value_loss=0.670362
[iter=29415] rollout_mean_bb=8.0292 policy_loss=-0.020289 value_loss=0.808143
[iter=29420] rollout_mean_bb=2.1502 policy_loss=-0.047201 value_loss=0.643977
[iter=29425] rollout_mean_bb=0.4821 policy_loss=0.024842 value_loss=0.761896
[iter=29430] rollout_mean_bb=9.9852 policy_loss=0.000308 value_loss=0.692890
[iter=29435] rollout_mean_bb=7.3738 policy_loss=-0.009617 value_loss=0.526647
[iter=29440] rollout_mean_bb=2.4377 policy_loss=-0.014137 value_loss=0.545978
[iter=29445] rollout_mean_bb=6.0714 policy_loss=0.020868 value_loss=0.656433
[iter=29450] rollout_mean_bb=3.4479 policy_loss=0.022578 value_loss=0.634814
[iter=29455] rollout_mean_bb=0.9769 policy_loss=0.000779 value_loss=0.678983
[iter=29460] rollout_mean_bb=3.8717 policy_loss=0.026973 value_loss=0.609270
[iter=29465] rollout_mean_bb=4.5335 policy_loss=0.015102 value_loss=0.657427
[iter=29470] rollout_mean_bb=5.6647 policy_loss=-0.051287 value_loss=0.634207
[iter=29475] rollout_mean_bb=1.8647 policy_loss=0.006330 value_loss=0.754356
[iter=29480] rollout_mean_bb=1.7277 policy_loss=-0.008464 value_loss=0.639633
[iter=29485] rollout_mean_bb=1.5042 policy_loss=-0.142210 value_loss=0.762195
[iter=29490] rollout_mean_bb=1.5747 policy_loss=-0.069883 value_loss=0.776359
[iter=29495] rollout_mean_bb=7.9612 policy_loss=-0.047019 value_loss=0.649807
[iter=29500] rollout_mean_bb=0.7057 policy_loss=-0.007026 value_loss=0.554916
[iter=29505] rollout_mean_bb=8.7104 policy_loss=0.052416 value_loss=0.650751
[iter=29510] rollout_mean_bb=1.3083 policy_loss=-0.039960 value_loss=0.768510
[iter=29515] rollout_mean_bb=3.0723 policy_loss=0.003431 value_loss=0.846014
[iter=29520] rollout_mean_bb=7.8650 policy_loss=-0.006089 value_loss=0.587517
[iter=29525] rollout_mean_bb=2.2389 policy_loss=0.001003 value_loss=0.547725
[iter=29530] rollout_mean_bb=6.1773 policy_loss=0.025701 value_loss=0.686431
[iter=29535] rollout_mean_bb=5.6389 policy_loss=0.101270 value_loss=0.784956
[iter=29540] rollout_mean_bb=3.8523 policy_loss=0.009086 value_loss=0.764115
[iter=29545] rollout_mean_bb=5.9366 policy_loss=-0.001496 value_loss=0.574654
[iter=29550] rollout_mean_bb=3.3319 policy_loss=0.005032 value_loss=0.797295
[iter=29555] rollout_mean_bb=5.6189 policy_loss=-0.000850 value_loss=0.599641
[iter=29560] rollout_mean_bb=6.2181 policy_loss=-0.002956 value_loss=0.627266
[iter=29565] rollout_mean_bb=4.3205 policy_loss=-0.015160 value_loss=0.536052
[iter=29570] rollout_mean_bb=5.7059 policy_loss=0.018849 value_loss=0.752879
[iter=29575] rollout_mean_bb=3.1721 policy_loss=-0.008572 value_loss=0.532135
[iter=29580] rollout_mean_bb=7.1904 policy_loss=-0.078770 value_loss=0.802886
[iter=29585] rollout_mean_bb=5.0842 policy_loss=-0.035956 value_loss=0.535294
[iter=29590] rollout_mean_bb=7.1942 policy_loss=-0.001805 value_loss=0.567526
[iter=29595] rollout_mean_bb=2.6196 policy_loss=-0.003248 value_loss=0.619468
[iter=29600] rollout_mean_bb=6.8429 policy_loss=0.002468 value_loss=0.810345
[iter=29605] rollout_mean_bb=5.2779 policy_loss=-0.009467 value_loss=0.529690
[iter=29610] rollout_mean_bb=3.3909 policy_loss=-0.024576 value_loss=0.530955
[iter=29615] rollout_mean_bb=0.9386 policy_loss=-0.029888 value_loss=0.666991
[iter=29620] rollout_mean_bb=7.2731 policy_loss=0.015673 value_loss=0.539686
[iter=29625] rollout_mean_bb=2.3443 policy_loss=0.000916 value_loss=0.652254
[iter=29630] rollout_mean_bb=4.1076 policy_loss=-0.066597 value_loss=0.412635
[iter=29635] rollout_mean_bb=3.3306 policy_loss=0.060701 value_loss=0.779858
[iter=29640] rollout_mean_bb=1.1677 policy_loss=-0.020826 value_loss=0.938758
[iter=29645] rollout_mean_bb=4.8519 policy_loss=-0.000530 value_loss=0.652070
[iter=29650] rollout_mean_bb=4.8304 policy_loss=-0.025606 value_loss=0.633646
[iter=29655] rollout_mean_bb=6.4950 policy_loss=0.001862 value_loss=0.666499
[iter=29660] rollout_mean_bb=9.5899 policy_loss=-0.001173 value_loss=0.688535
[iter=29665] rollout_mean_bb=6.7000 policy_loss=0.001090 value_loss=0.469378
[iter=29670] rollout_mean_bb=2.0073 policy_loss=0.030733 value_loss=0.592328
[iter=29675] rollout_mean_bb=8.0035 policy_loss=0.001912 value_loss=0.786186
[iter=29680] rollout_mean_bb=2.5894 policy_loss=0.112358 value_loss=0.889577
[iter=29685] rollout_mean_bb=2.5466 policy_loss=-0.000402 value_loss=0.780276
[iter=29690] rollout_mean_bb=-0.2224 policy_loss=-0.025096 value_loss=0.761719
[iter=29695] rollout_mean_bb=3.4055 policy_loss=-0.018856 value_loss=0.542061
[iter=29700] rollout_mean_bb=4.7823 policy_loss=-0.001766 value_loss=0.596699
[iter=29705] rollout_mean_bb=7.4039 policy_loss=-0.001240 value_loss=0.670536
[iter=29710] rollout_mean_bb=2.6051 policy_loss=-0.000727 value_loss=0.564416
[iter=29715] rollout_mean_bb=1.4791 policy_loss=-0.045757 value_loss=0.812020
[iter=29720] rollout_mean_bb=3.2650 policy_loss=0.052577 value_loss=0.745988
[iter=29725] rollout_mean_bb=1.0228 policy_loss=-0.010420 value_loss=0.405997
[iter=29730] rollout_mean_bb=5.1393 policy_loss=0.016506 value_loss=0.584661
[iter=29735] rollout_mean_bb=5.3848 policy_loss=0.022788 value_loss=0.645675
[iter=29740] rollout_mean_bb=8.0383 policy_loss=-0.009917 value_loss=0.565558
[iter=29745] rollout_mean_bb=2.2056 policy_loss=-0.021891 value_loss=0.447697
[iter=29750] rollout_mean_bb=3.6470 policy_loss=0.003942 value_loss=0.572157
[iter=29755] rollout_mean_bb=2.1695 policy_loss=0.037503 value_loss=0.738741
[iter=29760] rollout_mean_bb=4.7337 policy_loss=0.026688 value_loss=0.761498
[iter=29765] rollout_mean_bb=4.3264 policy_loss=-0.011281 value_loss=0.544745
[iter=29770] rollout_mean_bb=0.2088 policy_loss=0.000125 value_loss=0.817500
[iter=29775] rollout_mean_bb=4.3812 policy_loss=0.067221 value_loss=0.925706
[iter=29780] rollout_mean_bb=5.0490 policy_loss=-0.001308 value_loss=0.570454
[iter=29785] rollout_mean_bb=4.9895 policy_loss=0.013672 value_loss=0.638227
[iter=29790] rollout_mean_bb=0.4000 policy_loss=0.007721 value_loss=0.471863
[iter=29795] rollout_mean_bb=3.8115 policy_loss=0.004324 value_loss=0.637715
[iter=29800] rollout_mean_bb=5.2189 policy_loss=-0.064664 value_loss=0.425390
[iter=29805] rollout_mean_bb=0.7049 policy_loss=-0.025520 value_loss=0.819011
[iter=29810] rollout_mean_bb=1.2876 policy_loss=-0.189138 value_loss=0.945400
[iter=29815] rollout_mean_bb=5.2732 policy_loss=0.500785 value_loss=1.191554
[iter=29820] rollout_mean_bb=3.0566 policy_loss=0.002827 value_loss=0.811761
[iter=29825] rollout_mean_bb=3.4715 policy_loss=-0.052074 value_loss=0.677597
[iter=29830] rollout_mean_bb=6.3163 policy_loss=-0.024977 value_loss=0.988692
[iter=29835] rollout_mean_bb=-1.4723 policy_loss=-0.026493 value_loss=0.651878
[iter=29840] rollout_mean_bb=1.6480 policy_loss=0.024785 value_loss=1.025492
[iter=29845] rollout_mean_bb=4.5192 policy_loss=-0.038800 value_loss=0.568264
[iter=29850] rollout_mean_bb=4.6133 policy_loss=0.000283 value_loss=0.494497
[iter=29855] rollout_mean_bb=-1.6289 policy_loss=0.047688 value_loss=0.820324
[iter=29860] rollout_mean_bb=6.6830 policy_loss=-0.088727 value_loss=0.827756
[iter=29865] rollout_mean_bb=1.2083 policy_loss=-0.001643 value_loss=0.718066
[iter=29870] rollout_mean_bb=-1.2423 policy_loss=0.010502 value_loss=0.910785
[iter=29875] rollout_mean_bb=1.1569 policy_loss=-0.002547 value_loss=0.848594
[iter=29880] rollout_mean_bb=4.9288 policy_loss=-0.010789 value_loss=0.801938
[iter=29885] rollout_mean_bb=5.6216 policy_loss=-0.030227 value_loss=0.887597
[iter=29890] rollout_mean_bb=2.7825 policy_loss=0.024874 value_loss=0.789426
[iter=29895] rollout_mean_bb=-1.5357 policy_loss=0.003388 value_loss=0.868737
[iter=29900] rollout_mean_bb=4.6643 policy_loss=0.025780 value_loss=0.668378
[iter=29905] rollout_mean_bb=2.4400 policy_loss=-0.022960 value_loss=0.838324
[iter=29910] rollout_mean_bb=6.0760 policy_loss=-0.006213 value_loss=0.796961
[iter=29915] rollout_mean_bb=2.0637 policy_loss=-0.011109 value_loss=0.696331
[iter=29920] rollout_mean_bb=3.8034 policy_loss=-0.001998 value_loss=0.787445
[iter=29925] rollout_mean_bb=3.7034 policy_loss=0.080498 value_loss=0.930118
[iter=29930] rollout_mean_bb=2.7602 policy_loss=-0.008881 value_loss=0.503989
[iter=29935] rollout_mean_bb=3.7356 policy_loss=0.003044 value_loss=0.715859
[iter=29940] rollout_mean_bb=3.2171 policy_loss=-0.096229 value_loss=0.642866
[iter=29945] rollout_mean_bb=3.0475 policy_loss=-0.026274 value_loss=0.634612
[iter=29950] rollout_mean_bb=1.2267 policy_loss=0.010720 value_loss=0.953804
[iter=29955] rollout_mean_bb=3.0860 policy_loss=0.012399 value_loss=0.839425
[iter=29960] rollout_mean_bb=6.9218 policy_loss=-0.001313 value_loss=0.689267
[iter=29965] rollout_mean_bb=5.1717 policy_loss=0.022274 value_loss=0.712393
[iter=29970] rollout_mean_bb=5.9662 policy_loss=0.032878 value_loss=0.711162
[iter=29975] rollout_mean_bb=3.1880 policy_loss=-0.006719 value_loss=0.685378
[iter=29980] rollout_mean_bb=9.6188 policy_loss=0.009114 value_loss=0.732527
[iter=29985] rollout_mean_bb=4.3098 policy_loss=-0.019841 value_loss=0.844170
[iter=29990] rollout_mean_bb=1.3009 policy_loss=0.002800 value_loss=0.857499
[iter=29995] rollout_mean_bb=3.2104 policy_loss=-0.008841 value_loss=0.790892
[iter=30000] rollout_mean_bb=2.8170 policy_loss=-0.014662 value_loss=0.751719
Training completed successfully at step 30000
Copied corrective checkpoint snapshot: checkpoints/snapshots/stage_d/recovery/longrun_30k_20260217_111124.pt
Wrote index: /oscar/home/smdesai/antigravity_poker/anitgravity-txhm/checkpoints/checkpoint_index.json
