## SLURM PROLOG ###############################################################
##    Job ID : 419598
##  Job Name : ah_stage_d_fchpa_corrective_train
##  Nodelist : gpu2253
##      CPUs : 1
##  Mem/Node : 32768 MB
## Directory : /oscar/home/smdesai/antigravity_poker/anitgravity-txhm
##   Job Started : Wed Feb 18 11:01:00 PM EST 2026
###############################################################################
Job: ah_stage_d_fchpa_corrective_train (419598)
Node: gpu2253
Date: Wed Feb 18 11:01:00 PM EST 2026
Submit dir: /oscar/home/smdesai/antigravity_poker/anitgravity-txhm
-------------------
Running Stage D corrective continuation training:
  config=quadro_stage_d_fchpa_longrun_rebalance_34k
  strict_abstraction=true
  wandb_group=stage_d_longrun_rebalance_34k
Optional module pokerkit_wrapper was not importable: No module named 'pokerkit'
Loaded Config: quadro_stage_d_fchpa_longrun_rebalance_34k
Config(GAME_NAME='universal_poker', ENV_PRESET='hunl_fchpa', BETTING_ABSTRACTION='fchpa', STRICT_ABSTRACTION=True, PLAYERS=2, STACK_SIZE=20000, SMALL_BLIND=50, BIG_BLIND=100, MAX_ACTION_HISTORY=64, NUM_ACTORS=1, FULLGAME_CURRICULUM_ENABLE=True, FULLGAME_CURRICULUM_PHASE1_END=0.3, FULLGAME_CURRICULUM_PHASE2_END=0.7, FULLGAME_CURRICULUM_MAX_RAISE_POT_MULT_P1=1.0, FULLGAME_CURRICULUM_MAX_RAISE_POT_MULT_P2=2.5, EMBEDDING_DIM=64, HIDDEN_DIM=256, NUM_LAYERS_CARD=3, NUM_LAYERS_ACTION=2, DROPOUT=0.1, USE_LAYERNORM=True, USE_RESIDUAL=True, SCALAR_DIM=11, ALGO='ppo_ksp', CFR_ITERATIONS=34000, ROLLOUT_EPISODES=384, SELF_PLAY_GAMES=20, PPO_EPOCHS=2, PPO_MINIBATCH_SIZE=256, PPO_CLIP_EPS=0.2, PPO_GAMMA=0.995, PPO_GAE_LAMBDA=0.95, PPO_VALUE_COEF=0.35, PPO_ENTROPY_COEF=0.003, PPO_TARGET_KL=0.007, PPO_ADV_CLIP=5.0, PPO_ADAPTIVE_KL_ENABLE=True, PPO_ADAPTIVE_KL_HIGH=2.0, PPO_ADAPTIVE_KL_LOW=0.5, PPO_ADAPTIVE_LR_DECAY=0.5, PPO_ADAPTIVE_LR_GROWTH=1.05, VALUE_LOSS_TYPE='huber', VALUE_HUBER_DELTA=10.0, VALUE_TARGET_SCALE=20.0, EXPLAINED_VAR_VAR_FLOOR=0.0001, SKIP_NONFINITE_GRAD=True, SCHEDULE_RELATIVE_TO_RESUME=True, MIN_ROLLOUT_TRANSITIONS=1536, SELF_PLAY_TEMPERATURE_START=1.01, SELF_PLAY_TEMPERATURE_END=1.0, SELF_PLAY_TEMPERATURE_DECAY_FRAC=0.25, PPO_ENTROPY_COEF_START=0.0032, PPO_ENTROPY_COEF_END=0.0018, PPO_ENTROPY_DECAY_FRAC=0.35, LEAGUE_RANDOM_OPPONENT_PROB=0.0, LEAGUE_OPPONENT_PROB=0.85, RANDOM_OPPONENT_PROB=0.07, EXPLOIT_OPPONENT_PROB=0.08, EXPLOIT_OPPONENT_SET='pot_pressure,sticky_call', STYLE_TARGET_PROFILE_PATH='', STYLE_TARGET_USE_SOLVER_PROFILE=False, STYLE_REG_ENABLE=False, STYLE_REG_COEF_START=0.0, STYLE_REG_COEF_END=0.0, STYLE_REG_DECAY_FRAC=0.6, STYLE_POT_HINGE_COEF=0.5, K_BEST=20, LEAGUE_INIT_RATING=1200.0, LEAGUE_K_FACTOR=24.0, PFSP_BETA=1.1, SNAPSHOT_INTERVAL=20, LR=5e-05, WEIGHT_DECAY=1e-05, BATCH_SIZE=256, BUFFER_SIZE=500000, GRAD_CLIP=0.5, GRAD_ACCUM_STEPS=1, AMP=False, LR_SCHEDULER='none', EVAL_FREQ=1000, EVAL_EPISODES=800, EVAL_BASELINE_ALGO='mccfr_external_sampling', EVAL_BASELINE_ITERS=2000, EVAL_BASELINE_SEEDS=3, EVAL_BASELINE_CACHE_MODE='process', EVAL_BASELINE_LABEL='MCCFR-ES', EVAL_CFR_ITERATIONS=2000, EVAL_REQUIRE_BEHAVIOR_EXTENDED=False, EVAL_AGGRESSION_GATE_ENABLE=True, EVAL_MIN_PRE_FLOP_RAISE_TOTAL_FREQ=0.08, EVAL_ENVELOPE_ENABLE=True, EVAL_MIN_PRE_FLOP_FOLD_FREQ=0.35, EVAL_MAX_PRE_FLOP_FOLD_FREQ=0.55, EVAL_MIN_PRE_FLOP_CALL_CHECK_FREQ=0.4, EVAL_MAX_PRE_FLOP_ALLIN_FREQ=0.05, EVAL_MIN_PRE_FLOP_ENTROPY_BITS=1.1, EVAL_MAX_PRE_FLOP_ENTROPY_BITS=1.8, EVAL_POT_MIX_GATE_ENABLE=True, EVAL_POT_MIX_MIN_ABS=0.01, EVAL_POT_MIX_TARGET_FRACTION=0.6, EVAL_EXPLOIT_WEIGHT=0.2, EVAL_EXPLOIT_CLIP_BB100=500.0, EVAL_ENABLE_RANDOM=True, EVAL_ENABLE_CFR=True, EVAL_ENABLE_NASH_CONV=False, BEHAVIOR_GATE_ENABLE=True, BEHAVIOR_GATE_MAX_FOLD_FREQ=0.78, BEHAVIOR_GATE_MAX_ALLIN_FREQ=0.03, BEHAVIOR_GATE_MIN_PRE_FLOP_ENTROPY_BITS=0.75, BEHAVIOR_GATE_MIN_CALL_CHECK_FREQ=0.47, BEHAVIOR_GATE_MIN_HALF_POT_FREQ=0.01, BB_SIZE=100.0, CHECKPOINT_FREQ=50, MAX_CHECKPOINTS=1, CHECKPOINT_SINGLE_FILE=True, CHECKPOINT_SAVE_OPTIMIZER=False, CHECKPOINT_SAVE_SCHEDULER=False, CHECKPOINT_SAVE_LEAGUE=False, CHECKPOINT_SAVE_EXTRA=False, CHECKPOINT_SAVE_BEST_EVAL=True, CHECKPOINT_BEST_EVAL_PATH='checkpoints/best_eval_stage_d_longrun_rebalance_34k.pt', LOG_INTERVAL=5, RUN_DIR='.', RESUME_FROM='checkpoints/snapshots/interview_ready/interview_ready_1.pt', RUN_ID='', CONFIG_NAME='quadro_stage_d_fchpa_longrun_rebalance_34k', ARCHIVE_ROOT='artifacts/runs', WANDB_PROJECT='alpha-holdem-poker', WANDB_ENTITY='', WANDB_RUN_NAME='', WANDB_TAGS='', WANDB_REQUIRE_ONLINE=True, WANDB_MODE='online', OFFLINE_LOGGING=True, SEED=42, DEVICE='cuda')
Starting training: start_step=21000, target_iterations=34000, device=cuda, run_id=20260219_040114
[iter=21005] rollout_mean_bb=6.6073 policy_loss=0.013267 value_loss=1.259863
[iter=21010] rollout_mean_bb=5.7059 policy_loss=0.044499 value_loss=1.345976
[iter=21015] rollout_mean_bb=7.8251 policy_loss=-0.000125 value_loss=1.514147
[iter=21020] rollout_mean_bb=12.5842 policy_loss=0.068733 value_loss=1.424585
[iter=21025] rollout_mean_bb=4.3812 policy_loss=0.018199 value_loss=1.376757
[iter=21030] rollout_mean_bb=9.5012 policy_loss=0.015062 value_loss=1.489760
[iter=21035] rollout_mean_bb=1.4677 policy_loss=0.005620 value_loss=1.340849
[iter=21040] rollout_mean_bb=5.1037 policy_loss=0.003817 value_loss=1.369718
[iter=21045] rollout_mean_bb=10.2742 policy_loss=0.014462 value_loss=1.646620
[iter=21050] rollout_mean_bb=16.0483 policy_loss=0.005408 value_loss=1.388182
[iter=21055] rollout_mean_bb=10.6109 policy_loss=-0.063118 value_loss=1.527381
[iter=21060] rollout_mean_bb=2.9929 policy_loss=-0.130177 value_loss=1.499939
[iter=21065] rollout_mean_bb=8.4445 policy_loss=0.002472 value_loss=1.452615
[iter=21070] rollout_mean_bb=6.0641 policy_loss=0.003719 value_loss=1.424189
[iter=21075] rollout_mean_bb=9.6369 policy_loss=-0.033185 value_loss=1.360089
[iter=21080] rollout_mean_bb=11.9069 policy_loss=0.003606 value_loss=1.164811
[iter=21085] rollout_mean_bb=11.3830 policy_loss=0.002338 value_loss=1.408161
[iter=21090] rollout_mean_bb=8.3325 policy_loss=-0.055212 value_loss=1.284930
[iter=21095] rollout_mean_bb=10.3344 policy_loss=0.004620 value_loss=1.516626
[iter=21100] rollout_mean_bb=5.0731 policy_loss=0.001312 value_loss=1.346579
[iter=21105] rollout_mean_bb=7.5984 policy_loss=0.001335 value_loss=1.405735
[iter=21110] rollout_mean_bb=5.9867 policy_loss=-0.001600 value_loss=1.281300
[iter=21115] rollout_mean_bb=7.0185 policy_loss=-0.037464 value_loss=1.414144
[iter=21120] rollout_mean_bb=8.6956 policy_loss=0.022549 value_loss=1.265995
[iter=21125] rollout_mean_bb=7.9866 policy_loss=0.000880 value_loss=1.516639
[iter=21130] rollout_mean_bb=7.8039 policy_loss=-0.000287 value_loss=1.481567
[iter=21135] rollout_mean_bb=5.9870 policy_loss=0.009952 value_loss=1.427854
[iter=21140] rollout_mean_bb=9.4698 policy_loss=0.023000 value_loss=1.516379
[iter=21145] rollout_mean_bb=11.6018 policy_loss=0.011097 value_loss=1.371446
[iter=21150] rollout_mean_bb=10.6696 policy_loss=-0.033677 value_loss=1.714033
[iter=21155] rollout_mean_bb=8.9924 policy_loss=0.010932 value_loss=1.505666
[iter=21160] rollout_mean_bb=8.6853 policy_loss=0.133903 value_loss=1.466243
[iter=21165] rollout_mean_bb=4.5148 policy_loss=0.002520 value_loss=1.463105
[iter=21170] rollout_mean_bb=8.3707 policy_loss=0.048707 value_loss=1.552570
[iter=21175] rollout_mean_bb=13.5554 policy_loss=0.001498 value_loss=1.408609
[iter=21180] rollout_mean_bb=10.7949 policy_loss=-0.001727 value_loss=1.229770
[iter=21185] rollout_mean_bb=11.2476 policy_loss=-0.069008 value_loss=1.481106
[iter=21190] rollout_mean_bb=11.6638 policy_loss=0.000998 value_loss=1.419365
[iter=21195] rollout_mean_bb=12.7694 policy_loss=0.001168 value_loss=1.568449
[iter=21200] rollout_mean_bb=8.6351 policy_loss=-0.001410 value_loss=1.275269
[iter=21205] rollout_mean_bb=14.6850 policy_loss=-0.027411 value_loss=1.380960
[iter=21210] rollout_mean_bb=8.4411 policy_loss=0.020050 value_loss=1.424540
[iter=21215] rollout_mean_bb=7.5178 policy_loss=-0.013319 value_loss=1.474717
[iter=21220] rollout_mean_bb=15.5832 policy_loss=-0.001784 value_loss=1.568570
[iter=21225] rollout_mean_bb=14.1532 policy_loss=0.008673 value_loss=1.374609
[iter=21230] rollout_mean_bb=11.0908 policy_loss=0.009852 value_loss=1.396164
[iter=21235] rollout_mean_bb=10.4929 policy_loss=0.003231 value_loss=1.225153
[iter=21240] rollout_mean_bb=6.2032 policy_loss=-0.010925 value_loss=1.562627
[iter=21245] rollout_mean_bb=6.4317 policy_loss=0.001770 value_loss=1.417441
[iter=21250] rollout_mean_bb=13.1202 policy_loss=0.032187 value_loss=1.506942
[iter=21255] rollout_mean_bb=10.0484 policy_loss=0.008285 value_loss=1.312446
[iter=21260] rollout_mean_bb=11.7194 policy_loss=0.002466 value_loss=1.643817
[iter=21265] rollout_mean_bb=8.6822 policy_loss=-0.006797 value_loss=1.401584
[iter=21270] rollout_mean_bb=10.2442 policy_loss=0.002072 value_loss=1.367201
[iter=21275] rollout_mean_bb=11.9677 policy_loss=-0.045668 value_loss=1.397094
[iter=21280] rollout_mean_bb=5.8217 policy_loss=-0.001400 value_loss=1.535717
[iter=21285] rollout_mean_bb=12.0574 policy_loss=-0.024552 value_loss=1.328001
[iter=21290] rollout_mean_bb=12.2754 policy_loss=-0.014868 value_loss=1.292837
[iter=21295] rollout_mean_bb=12.6651 policy_loss=-0.026391 value_loss=1.602515
[iter=21300] rollout_mean_bb=10.2921 policy_loss=-0.026466 value_loss=1.456262
[iter=21305] rollout_mean_bb=12.8087 policy_loss=0.000583 value_loss=1.395855
[iter=21310] rollout_mean_bb=8.8218 policy_loss=0.009941 value_loss=1.572269
[iter=21315] rollout_mean_bb=6.5311 policy_loss=-0.005281 value_loss=1.321046
[iter=21320] rollout_mean_bb=6.5779 policy_loss=0.000878 value_loss=1.352760
[iter=21325] rollout_mean_bb=12.8548 policy_loss=0.000184 value_loss=1.358567
[iter=21330] rollout_mean_bb=4.3369 policy_loss=-0.005120 value_loss=1.344011
[iter=21335] rollout_mean_bb=7.5936 policy_loss=0.001739 value_loss=1.490295
[iter=21340] rollout_mean_bb=7.8192 policy_loss=0.114590 value_loss=1.601184
[iter=21345] rollout_mean_bb=4.8120 policy_loss=0.002325 value_loss=1.617099
[iter=21350] rollout_mean_bb=14.8644 policy_loss=-0.000243 value_loss=1.357800
[iter=21355] rollout_mean_bb=11.8495 policy_loss=0.001298 value_loss=1.352742
[iter=21360] rollout_mean_bb=9.6574 policy_loss=-0.034729 value_loss=1.560147
[iter=21365] rollout_mean_bb=11.5404 policy_loss=0.002582 value_loss=1.488369
[iter=21370] rollout_mean_bb=6.6513 policy_loss=0.015304 value_loss=1.236980
[iter=21375] rollout_mean_bb=8.9577 policy_loss=-0.008814 value_loss=1.518249
[iter=21380] rollout_mean_bb=6.9796 policy_loss=0.016780 value_loss=1.503848
[iter=21385] rollout_mean_bb=11.6759 policy_loss=0.016206 value_loss=1.445206
[iter=21390] rollout_mean_bb=5.7390 policy_loss=-0.011334 value_loss=1.420917
[iter=21395] rollout_mean_bb=11.4252 policy_loss=0.006157 value_loss=1.381763
[iter=21400] rollout_mean_bb=12.8928 policy_loss=-0.045097 value_loss=1.397374
[iter=21405] rollout_mean_bb=0.4648 policy_loss=-0.029613 value_loss=0.752330
[iter=21410] rollout_mean_bb=0.5706 policy_loss=-0.035684 value_loss=0.687531
[iter=21415] rollout_mean_bb=3.2120 policy_loss=-0.004169 value_loss=0.476567
[iter=21420] rollout_mean_bb=1.0435 policy_loss=0.082901 value_loss=0.939377
[iter=21425] rollout_mean_bb=2.3637 policy_loss=-0.007792 value_loss=0.477375
[iter=21430] rollout_mean_bb=-3.7877 policy_loss=0.123323 value_loss=0.882833
[iter=21435] rollout_mean_bb=2.0101 policy_loss=-0.024106 value_loss=0.654548
[iter=21440] rollout_mean_bb=-0.3075 policy_loss=0.089807 value_loss=0.745986
[iter=21445] rollout_mean_bb=4.5773 policy_loss=0.031958 value_loss=0.729885
[iter=21450] rollout_mean_bb=2.1460 policy_loss=0.016731 value_loss=0.749986
[iter=21455] rollout_mean_bb=1.3583 policy_loss=0.032082 value_loss=0.580492
[iter=21460] rollout_mean_bb=-0.7888 policy_loss=0.013930 value_loss=0.848062
[iter=21465] rollout_mean_bb=-0.2864 policy_loss=0.000354 value_loss=0.656183
[iter=21470] rollout_mean_bb=-2.5075 policy_loss=-0.092323 value_loss=0.639024
[iter=21475] rollout_mean_bb=1.0428 policy_loss=0.026232 value_loss=0.787391
[iter=21480] rollout_mean_bb=1.2565 policy_loss=-0.005127 value_loss=0.723294
[iter=21485] rollout_mean_bb=2.1865 policy_loss=0.028806 value_loss=0.602774
[iter=21490] rollout_mean_bb=1.7738 policy_loss=0.013760 value_loss=0.738188
[iter=21495] rollout_mean_bb=-0.3429 policy_loss=-0.002835 value_loss=0.692121
[iter=21500] rollout_mean_bb=0.1621 policy_loss=0.006188 value_loss=0.780725
[iter=21505] rollout_mean_bb=1.1641 policy_loss=-0.002744 value_loss=0.816864
[iter=21510] rollout_mean_bb=0.5899 policy_loss=0.016466 value_loss=0.596503
[iter=21515] rollout_mean_bb=-0.3531 policy_loss=0.106412 value_loss=0.586284
[iter=21520] rollout_mean_bb=0.6119 policy_loss=-0.017723 value_loss=0.684892
[iter=21525] rollout_mean_bb=0.7547 policy_loss=-0.019690 value_loss=0.616675
[iter=21530] rollout_mean_bb=5.3787 policy_loss=0.002707 value_loss=0.717245
[iter=21535] rollout_mean_bb=4.3516 policy_loss=0.005508 value_loss=0.839209
[iter=21540] rollout_mean_bb=-0.0383 policy_loss=0.027745 value_loss=0.670977
[iter=21545] rollout_mean_bb=2.8901 policy_loss=0.004129 value_loss=0.699682
[iter=21550] rollout_mean_bb=1.7746 policy_loss=-0.121015 value_loss=0.772108
[iter=21555] rollout_mean_bb=4.7959 policy_loss=-0.019342 value_loss=0.571706
[iter=21560] rollout_mean_bb=1.3284 policy_loss=0.058022 value_loss=0.701975
[iter=21565] rollout_mean_bb=-0.3571 policy_loss=-0.016613 value_loss=0.494274
[iter=21570] rollout_mean_bb=0.2854 policy_loss=-0.005118 value_loss=0.607033
[iter=21575] rollout_mean_bb=2.4645 policy_loss=0.012051 value_loss=0.497845
[iter=21580] rollout_mean_bb=1.8388 policy_loss=-0.014072 value_loss=0.626075
[iter=21585] rollout_mean_bb=3.3521 policy_loss=0.017876 value_loss=0.526406
[iter=21590] rollout_mean_bb=-0.2178 policy_loss=-0.013016 value_loss=0.535395
[iter=21595] rollout_mean_bb=1.6958 policy_loss=-0.021122 value_loss=0.531854
[iter=21600] rollout_mean_bb=-2.7824 policy_loss=0.012993 value_loss=0.981368
[iter=21605] rollout_mean_bb=1.6652 policy_loss=0.017119 value_loss=0.687953
[iter=21610] rollout_mean_bb=0.1267 policy_loss=0.000976 value_loss=0.726000
[iter=21615] rollout_mean_bb=-2.3901 policy_loss=0.047383 value_loss=0.836621
[iter=21620] rollout_mean_bb=1.9623 policy_loss=-0.005724 value_loss=0.681457
[iter=21625] rollout_mean_bb=-0.3705 policy_loss=-0.003649 value_loss=0.613018
[iter=21630] rollout_mean_bb=1.3610 policy_loss=0.040075 value_loss=0.634347
[iter=21635] rollout_mean_bb=4.5957 policy_loss=-0.022898 value_loss=0.587012
[iter=21640] rollout_mean_bb=-0.0950 policy_loss=0.006425 value_loss=0.648905
[iter=21645] rollout_mean_bb=3.7030 policy_loss=-0.035893 value_loss=0.529881
[iter=21650] rollout_mean_bb=1.5843 policy_loss=-0.002299 value_loss=0.599089
[iter=21655] rollout_mean_bb=-1.5343 policy_loss=0.005010 value_loss=0.627093
[iter=21660] rollout_mean_bb=-2.0555 policy_loss=-0.036539 value_loss=0.648301
[iter=21665] rollout_mean_bb=2.2915 policy_loss=-0.008456 value_loss=0.599866
[iter=21670] rollout_mean_bb=0.4638 policy_loss=0.001816 value_loss=0.849213
[iter=21675] rollout_mean_bb=-1.2682 policy_loss=-0.007690 value_loss=0.774784
[iter=21680] rollout_mean_bb=0.3308 policy_loss=-0.020674 value_loss=0.534043
[iter=21685] rollout_mean_bb=3.1178 policy_loss=-0.034460 value_loss=0.525094
[iter=21690] rollout_mean_bb=4.0994 policy_loss=0.000606 value_loss=0.788429
[iter=21695] rollout_mean_bb=-0.4704 policy_loss=-0.007028 value_loss=0.722710
[iter=21700] rollout_mean_bb=3.0582 policy_loss=0.001669 value_loss=0.581168
[iter=21705] rollout_mean_bb=1.8008 policy_loss=0.000990 value_loss=0.709452
[iter=21710] rollout_mean_bb=-0.4332 policy_loss=-0.001085 value_loss=0.588426
[iter=21715] rollout_mean_bb=2.0123 policy_loss=-0.002363 value_loss=0.615159
[iter=21720] rollout_mean_bb=5.1204 policy_loss=0.004590 value_loss=0.625149
[iter=21725] rollout_mean_bb=4.9942 policy_loss=0.027720 value_loss=0.605479
[iter=21730] rollout_mean_bb=0.4668 policy_loss=0.000441 value_loss=0.622155
[iter=21735] rollout_mean_bb=3.0340 policy_loss=-0.014147 value_loss=0.799948
[iter=21740] rollout_mean_bb=1.2162 policy_loss=-0.006800 value_loss=0.610414
[iter=21745] rollout_mean_bb=-1.5653 policy_loss=-0.019747 value_loss=0.753372
[iter=21750] rollout_mean_bb=2.4505 policy_loss=-0.003792 value_loss=0.589729
[iter=21755] rollout_mean_bb=0.0901 policy_loss=0.063933 value_loss=0.545331
[iter=21760] rollout_mean_bb=1.6479 policy_loss=-0.037653 value_loss=0.667915
[iter=21765] rollout_mean_bb=0.3120 policy_loss=-0.071666 value_loss=0.505022
[iter=21770] rollout_mean_bb=0.7781 policy_loss=0.011969 value_loss=0.729539
[iter=21775] rollout_mean_bb=1.0816 policy_loss=0.000622 value_loss=0.625721
[iter=21780] rollout_mean_bb=1.1202 policy_loss=0.067219 value_loss=0.621179
[iter=21785] rollout_mean_bb=2.6001 policy_loss=0.000303 value_loss=0.824832
[iter=21790] rollout_mean_bb=-0.3466 policy_loss=0.018106 value_loss=0.618004
[iter=21795] rollout_mean_bb=-1.2528 policy_loss=-0.008443 value_loss=0.521864
[iter=21800] rollout_mean_bb=-0.7361 policy_loss=-0.008043 value_loss=0.574669
[iter=21805] rollout_mean_bb=2.1506 policy_loss=0.044317 value_loss=0.615683
[iter=21810] rollout_mean_bb=1.8231 policy_loss=-0.000504 value_loss=0.712010
[iter=21815] rollout_mean_bb=3.9159 policy_loss=-0.009058 value_loss=0.692998
[iter=21820] rollout_mean_bb=-0.1982 policy_loss=-0.002658 value_loss=0.629213
[iter=21825] rollout_mean_bb=1.3252 policy_loss=0.019831 value_loss=0.773615
[iter=21830] rollout_mean_bb=2.6967 policy_loss=-0.021768 value_loss=0.591507
[iter=21835] rollout_mean_bb=-1.0709 policy_loss=-0.014023 value_loss=0.606334
[iter=21840] rollout_mean_bb=1.0931 policy_loss=-0.015138 value_loss=0.580892
[iter=21845] rollout_mean_bb=3.3169 policy_loss=0.002790 value_loss=0.684463
[iter=21850] rollout_mean_bb=2.6201 policy_loss=0.004444 value_loss=0.660436
[iter=21855] rollout_mean_bb=3.0305 policy_loss=0.000064 value_loss=0.707087
[iter=21860] rollout_mean_bb=3.2530 policy_loss=-0.002806 value_loss=0.648512
[iter=21865] rollout_mean_bb=1.5646 policy_loss=-0.000217 value_loss=0.711009
[iter=21870] rollout_mean_bb=2.7832 policy_loss=0.002580 value_loss=0.680303
[iter=21875] rollout_mean_bb=1.8102 policy_loss=-0.023832 value_loss=0.615170
[iter=21880] rollout_mean_bb=2.4443 policy_loss=-0.083685 value_loss=0.568201
[iter=21885] rollout_mean_bb=3.5171 policy_loss=-0.012324 value_loss=0.560344
[iter=21890] rollout_mean_bb=1.8636 policy_loss=-0.003353 value_loss=0.623682
[iter=21895] rollout_mean_bb=1.2828 policy_loss=-0.115076 value_loss=0.760606
[iter=21900] rollout_mean_bb=2.8693 policy_loss=-0.035632 value_loss=0.674524
[iter=21905] rollout_mean_bb=1.2779 policy_loss=0.007929 value_loss=0.631722
[iter=21910] rollout_mean_bb=2.3743 policy_loss=0.012611 value_loss=0.716320
[iter=21915] rollout_mean_bb=-1.9175 policy_loss=-0.015194 value_loss=0.623163
[iter=21920] rollout_mean_bb=-0.3364 policy_loss=0.057728 value_loss=0.917033
[iter=21925] rollout_mean_bb=1.1152 policy_loss=0.031744 value_loss=0.596604
[iter=21930] rollout_mean_bb=3.0271 policy_loss=0.000253 value_loss=0.580211
[iter=21935] rollout_mean_bb=3.6151 policy_loss=0.007861 value_loss=0.777464
[iter=21940] rollout_mean_bb=1.8821 policy_loss=-0.073208 value_loss=0.579041
[iter=21945] rollout_mean_bb=-0.3158 policy_loss=0.015640 value_loss=0.660154
[iter=21950] rollout_mean_bb=2.2081 policy_loss=0.007107 value_loss=0.640758
[iter=21955] rollout_mean_bb=2.6238 policy_loss=-0.085567 value_loss=0.643367
[iter=21960] rollout_mean_bb=0.1044 policy_loss=0.049078 value_loss=0.775715
[iter=21965] rollout_mean_bb=1.1707 policy_loss=0.071986 value_loss=0.831995
[iter=21970] rollout_mean_bb=1.9398 policy_loss=0.016791 value_loss=0.789256
[iter=21975] rollout_mean_bb=0.4068 policy_loss=-0.000797 value_loss=0.668735
[iter=21980] rollout_mean_bb=-1.1297 policy_loss=-0.019085 value_loss=0.834746
[iter=21985] rollout_mean_bb=6.2012 policy_loss=-0.004173 value_loss=0.712684
[iter=21990] rollout_mean_bb=1.1137 policy_loss=-0.007066 value_loss=0.664521
[iter=21995] rollout_mean_bb=5.4778 policy_loss=-0.039620 value_loss=0.507783
[iter=22000] rollout_mean_bb=0.4229 policy_loss=-0.019340 value_loss=0.910672
[iter=22005] rollout_mean_bb=2.2169 policy_loss=0.001790 value_loss=0.432659
[iter=22010] rollout_mean_bb=-0.0416 policy_loss=0.002689 value_loss=0.719115
[iter=22015] rollout_mean_bb=2.3936 policy_loss=0.004613 value_loss=0.692307
[iter=22020] rollout_mean_bb=2.2844 policy_loss=-0.010283 value_loss=0.625055
[iter=22025] rollout_mean_bb=1.6105 policy_loss=-0.044271 value_loss=0.914477
[iter=22030] rollout_mean_bb=3.6099 policy_loss=-0.010648 value_loss=0.652163
[iter=22035] rollout_mean_bb=4.7407 policy_loss=0.004161 value_loss=0.624059
[iter=22040] rollout_mean_bb=2.4682 policy_loss=-0.009834 value_loss=0.524037
[iter=22045] rollout_mean_bb=3.3316 policy_loss=0.001900 value_loss=0.548564
[iter=22050] rollout_mean_bb=3.9524 policy_loss=0.008921 value_loss=0.639694
[iter=22055] rollout_mean_bb=2.0897 policy_loss=-0.046232 value_loss=0.722937
[iter=22060] rollout_mean_bb=1.9468 policy_loss=-0.008486 value_loss=0.605676
[iter=22065] rollout_mean_bb=0.3112 policy_loss=-0.019532 value_loss=0.494478
[iter=22070] rollout_mean_bb=3.5282 policy_loss=-0.005000 value_loss=0.698479
[iter=22075] rollout_mean_bb=-2.6201 policy_loss=0.039759 value_loss=0.789625
[iter=22080] rollout_mean_bb=3.0073 policy_loss=-0.000282 value_loss=0.534369
[iter=22085] rollout_mean_bb=0.4942 policy_loss=-0.012286 value_loss=0.590305
[iter=22090] rollout_mean_bb=1.0639 policy_loss=-0.028775 value_loss=0.844245
[iter=22095] rollout_mean_bb=-0.8950 policy_loss=-0.018838 value_loss=0.682805
[iter=22100] rollout_mean_bb=0.1663 policy_loss=0.014440 value_loss=0.663712
[iter=22105] rollout_mean_bb=2.3108 policy_loss=-0.001217 value_loss=0.633890
[iter=22110] rollout_mean_bb=5.8258 policy_loss=-0.052257 value_loss=0.752383
[iter=22115] rollout_mean_bb=1.3700 policy_loss=-0.020512 value_loss=0.617473
[iter=22120] rollout_mean_bb=1.0654 policy_loss=-0.008189 value_loss=0.648342
[iter=22125] rollout_mean_bb=1.7195 policy_loss=0.004902 value_loss=0.640062
[iter=22130] rollout_mean_bb=0.2997 policy_loss=0.007619 value_loss=0.654339
[iter=22135] rollout_mean_bb=0.9537 policy_loss=-0.040077 value_loss=0.653092
[iter=22140] rollout_mean_bb=1.4146 policy_loss=0.062492 value_loss=0.726202
[iter=22145] rollout_mean_bb=2.0583 policy_loss=-0.030962 value_loss=0.648684
[iter=22150] rollout_mean_bb=2.9377 policy_loss=-0.018969 value_loss=0.686607
[iter=22155] rollout_mean_bb=1.8000 policy_loss=0.088649 value_loss=0.764866
[iter=22160] rollout_mean_bb=2.9519 policy_loss=-0.014614 value_loss=0.450037
[iter=22165] rollout_mean_bb=0.7526 policy_loss=-0.003121 value_loss=0.598625
[iter=22170] rollout_mean_bb=-0.0824 policy_loss=-0.013314 value_loss=0.609934
[iter=22175] rollout_mean_bb=2.5676 policy_loss=0.004124 value_loss=0.494375
[iter=22180] rollout_mean_bb=0.8966 policy_loss=-0.006678 value_loss=0.489484
[iter=22185] rollout_mean_bb=0.5783 policy_loss=0.190134 value_loss=0.952743
[iter=22190] rollout_mean_bb=3.3756 policy_loss=-0.006082 value_loss=0.561506
[iter=22195] rollout_mean_bb=1.2108 policy_loss=-0.007387 value_loss=0.701756
[iter=22200] rollout_mean_bb=-0.3368 policy_loss=-0.004226 value_loss=0.704560
[iter=22205] rollout_mean_bb=-0.2286 policy_loss=0.036938 value_loss=0.641829
[iter=22210] rollout_mean_bb=1.1520 policy_loss=-0.019281 value_loss=0.494545
[iter=22215] rollout_mean_bb=-1.0379 policy_loss=-0.000058 value_loss=0.743408
[iter=22220] rollout_mean_bb=1.6118 policy_loss=0.014762 value_loss=0.681956
[iter=22225] rollout_mean_bb=3.6055 policy_loss=-0.130974 value_loss=0.809418
[iter=22230] rollout_mean_bb=2.2278 policy_loss=-0.004814 value_loss=0.549681
[iter=22235] rollout_mean_bb=2.6308 policy_loss=0.021561 value_loss=0.574870
[iter=22240] rollout_mean_bb=2.7716 policy_loss=0.064996 value_loss=0.757202
[iter=22245] rollout_mean_bb=5.2640 policy_loss=-0.015864 value_loss=0.808543
[iter=22250] rollout_mean_bb=2.0530 policy_loss=0.016228 value_loss=0.915259
[iter=22255] rollout_mean_bb=2.8720 policy_loss=0.098322 value_loss=0.686037
[iter=22260] rollout_mean_bb=0.8190 policy_loss=0.067977 value_loss=0.684759
[iter=22265] rollout_mean_bb=3.8129 policy_loss=-0.041410 value_loss=0.592141
[iter=22270] rollout_mean_bb=1.0187 policy_loss=-0.016705 value_loss=0.415546
[iter=22275] rollout_mean_bb=1.1086 policy_loss=-0.010984 value_loss=0.633137
[iter=22280] rollout_mean_bb=6.2119 policy_loss=-0.017685 value_loss=0.653641
[iter=22285] rollout_mean_bb=3.1630 policy_loss=0.045224 value_loss=0.598647
[iter=22290] rollout_mean_bb=0.5538 policy_loss=-0.017524 value_loss=0.598060
[iter=22295] rollout_mean_bb=1.0544 policy_loss=-0.101341 value_loss=0.637761
[iter=22300] rollout_mean_bb=0.0423 policy_loss=0.033982 value_loss=0.516314
[iter=22305] rollout_mean_bb=-0.6714 policy_loss=-0.058318 value_loss=0.839100
[iter=22310] rollout_mean_bb=1.6235 policy_loss=0.028405 value_loss=0.644593
[iter=22315] rollout_mean_bb=2.7145 policy_loss=0.038578 value_loss=0.684828
[iter=22320] rollout_mean_bb=0.6595 policy_loss=-0.004071 value_loss=0.376594
[iter=22325] rollout_mean_bb=2.8567 policy_loss=0.162300 value_loss=0.788870
[iter=22330] rollout_mean_bb=2.6864 policy_loss=-0.002798 value_loss=0.585508
[iter=22335] rollout_mean_bb=0.3186 policy_loss=-0.011761 value_loss=0.691663
[iter=22340] rollout_mean_bb=-1.2078 policy_loss=-0.000280 value_loss=0.669197
[iter=22345] rollout_mean_bb=0.0687 policy_loss=0.034921 value_loss=0.519098
[iter=22350] rollout_mean_bb=1.4339 policy_loss=0.017114 value_loss=0.656677
[iter=22355] rollout_mean_bb=5.5349 policy_loss=-0.038662 value_loss=0.702400
[iter=22360] rollout_mean_bb=3.9601 policy_loss=-0.001768 value_loss=0.610373
[iter=22365] rollout_mean_bb=-0.7692 policy_loss=0.011571 value_loss=0.698146
[iter=22370] rollout_mean_bb=5.6224 policy_loss=0.045326 value_loss=0.417252
[iter=22375] rollout_mean_bb=1.8931 policy_loss=-0.000480 value_loss=0.647406
[iter=22380] rollout_mean_bb=0.6092 policy_loss=-0.012729 value_loss=0.542115
[iter=22385] rollout_mean_bb=2.3510 policy_loss=0.026536 value_loss=0.748981
[iter=22390] rollout_mean_bb=3.6157 policy_loss=0.002789 value_loss=0.540816
[iter=22395] rollout_mean_bb=-3.4486 policy_loss=0.035022 value_loss=0.876776
[iter=22400] rollout_mean_bb=0.5547 policy_loss=-0.010354 value_loss=0.565749
[iter=22405] rollout_mean_bb=3.8428 policy_loss=-0.008860 value_loss=0.813597
[iter=22410] rollout_mean_bb=2.7506 policy_loss=-0.007129 value_loss=0.624883
[iter=22415] rollout_mean_bb=3.6767 policy_loss=0.006458 value_loss=0.513194
[iter=22420] rollout_mean_bb=2.6927 policy_loss=0.008772 value_loss=0.527310
[iter=22425] rollout_mean_bb=0.1893 policy_loss=0.002263 value_loss=0.759872
[iter=22430] rollout_mean_bb=2.0292 policy_loss=0.007989 value_loss=0.755914
[iter=22435] rollout_mean_bb=0.8671 policy_loss=0.001533 value_loss=0.667270
[iter=22440] rollout_mean_bb=1.3889 policy_loss=-0.005926 value_loss=0.569666
[iter=22445] rollout_mean_bb=2.8068 policy_loss=-0.008957 value_loss=0.600238
[iter=22450] rollout_mean_bb=4.9016 policy_loss=-0.003212 value_loss=0.514722
[iter=22455] rollout_mean_bb=3.8331 policy_loss=-0.008231 value_loss=0.582510
[iter=22460] rollout_mean_bb=2.8532 policy_loss=-0.014846 value_loss=0.589564
[iter=22465] rollout_mean_bb=-0.2666 policy_loss=-0.063569 value_loss=0.640250
[iter=22470] rollout_mean_bb=0.4663 policy_loss=-0.046629 value_loss=0.407951
[iter=22475] rollout_mean_bb=0.4982 policy_loss=0.003282 value_loss=0.624207
[iter=22480] rollout_mean_bb=3.0082 policy_loss=-0.006698 value_loss=0.543118
[iter=22485] rollout_mean_bb=1.0684 policy_loss=-0.000288 value_loss=0.602003
[iter=22490] rollout_mean_bb=3.4994 policy_loss=0.003289 value_loss=0.689322
[iter=22495] rollout_mean_bb=0.3620 policy_loss=0.023644 value_loss=0.704541
[iter=22500] rollout_mean_bb=2.0903 policy_loss=-0.052454 value_loss=0.653176
[iter=22505] rollout_mean_bb=2.0369 policy_loss=-0.015212 value_loss=0.647645
[iter=22510] rollout_mean_bb=2.3238 policy_loss=-0.005328 value_loss=0.600217
[iter=22515] rollout_mean_bb=3.1790 policy_loss=-0.038083 value_loss=0.688901
[iter=22520] rollout_mean_bb=1.7529 policy_loss=0.051469 value_loss=0.612756
[iter=22525] rollout_mean_bb=1.8490 policy_loss=-0.092892 value_loss=0.766720
[iter=22530] rollout_mean_bb=5.4093 policy_loss=0.183412 value_loss=0.906559
[iter=22535] rollout_mean_bb=1.9451 policy_loss=0.086483 value_loss=0.662751
[iter=22540] rollout_mean_bb=-1.2943 policy_loss=-0.002239 value_loss=0.502009
[iter=22545] rollout_mean_bb=3.5241 policy_loss=0.004577 value_loss=0.702704
[iter=22550] rollout_mean_bb=2.3769 policy_loss=0.043973 value_loss=0.530938
[iter=22555] rollout_mean_bb=1.8743 policy_loss=-0.005955 value_loss=0.573108
[iter=22560] rollout_mean_bb=-0.4912 policy_loss=-0.003642 value_loss=0.614092
[iter=22565] rollout_mean_bb=3.5577 policy_loss=-0.005305 value_loss=0.478573
[iter=22570] rollout_mean_bb=0.4757 policy_loss=-0.003097 value_loss=0.499811
[iter=22575] rollout_mean_bb=0.7486 policy_loss=-0.010355 value_loss=0.406448
[iter=22580] rollout_mean_bb=-0.9648 policy_loss=-0.002356 value_loss=0.599302
[iter=22585] rollout_mean_bb=0.1946 policy_loss=-0.012292 value_loss=0.426645
[iter=22590] rollout_mean_bb=-0.1356 policy_loss=-0.016131 value_loss=0.678677
[iter=22595] rollout_mean_bb=1.9191 policy_loss=0.005329 value_loss=0.659377
[iter=22600] rollout_mean_bb=2.8706 policy_loss=0.007535 value_loss=0.609855
[iter=22605] rollout_mean_bb=0.8766 policy_loss=-0.008021 value_loss=0.520972
[iter=22610] rollout_mean_bb=1.5413 policy_loss=-0.009779 value_loss=0.398186
[iter=22615] rollout_mean_bb=1.1359 policy_loss=0.014064 value_loss=0.543722
[iter=22620] rollout_mean_bb=1.6887 policy_loss=-0.006198 value_loss=0.434863
[iter=22625] rollout_mean_bb=0.7696 policy_loss=-0.077553 value_loss=0.454229
[iter=22630] rollout_mean_bb=-0.4745 policy_loss=-0.087903 value_loss=0.553418
[iter=22635] rollout_mean_bb=-1.0461 policy_loss=-0.002023 value_loss=0.552638
[iter=22640] rollout_mean_bb=4.5439 policy_loss=-0.002814 value_loss=0.453514
[iter=22645] rollout_mean_bb=1.0956 policy_loss=0.008024 value_loss=0.515043
[iter=22650] rollout_mean_bb=1.0534 policy_loss=-0.035932 value_loss=0.569724
[iter=22655] rollout_mean_bb=-0.1455 policy_loss=-0.005216 value_loss=0.633352
[iter=22660] rollout_mean_bb=1.0766 policy_loss=0.038754 value_loss=0.456228
[iter=22665] rollout_mean_bb=-0.4508 policy_loss=0.006676 value_loss=0.417265
[iter=22670] rollout_mean_bb=0.1233 policy_loss=0.031764 value_loss=0.601774
[iter=22675] rollout_mean_bb=2.5968 policy_loss=-0.009411 value_loss=0.488353
[iter=22680] rollout_mean_bb=1.3966 policy_loss=-0.006997 value_loss=0.463835
[iter=22685] rollout_mean_bb=3.5830 policy_loss=-0.006861 value_loss=0.403010
[iter=22690] rollout_mean_bb=2.6670 policy_loss=-0.006641 value_loss=0.413324
[iter=22695] rollout_mean_bb=3.7985 policy_loss=0.046419 value_loss=0.521767
[iter=22700] rollout_mean_bb=-1.5727 policy_loss=0.000587 value_loss=0.545704
[iter=22705] rollout_mean_bb=3.2245 policy_loss=-0.004908 value_loss=0.672412
[iter=22710] rollout_mean_bb=0.2539 policy_loss=0.001424 value_loss=0.417574
[iter=22715] rollout_mean_bb=-1.4250 policy_loss=0.004304 value_loss=0.571286
[iter=22720] rollout_mean_bb=2.6718 policy_loss=-0.006396 value_loss=0.456247
[iter=22725] rollout_mean_bb=0.3606 policy_loss=0.001992 value_loss=0.478715
[iter=22730] rollout_mean_bb=0.7135 policy_loss=-0.009119 value_loss=0.535538
[iter=22735] rollout_mean_bb=4.0977 policy_loss=0.009269 value_loss=0.437999
[iter=22740] rollout_mean_bb=3.2926 policy_loss=0.004182 value_loss=0.578636
[iter=22745] rollout_mean_bb=1.9582 policy_loss=0.073202 value_loss=0.693300
[iter=22750] rollout_mean_bb=2.1937 policy_loss=-0.012145 value_loss=0.386429
[iter=22755] rollout_mean_bb=2.0333 policy_loss=-0.002211 value_loss=0.436002
[iter=22760] rollout_mean_bb=1.9071 policy_loss=-0.002305 value_loss=0.429053
[iter=22765] rollout_mean_bb=-0.7472 policy_loss=0.003445 value_loss=0.608987
[iter=22770] rollout_mean_bb=0.4601 policy_loss=-0.007964 value_loss=0.543640
[iter=22775] rollout_mean_bb=2.6646 policy_loss=-0.006585 value_loss=0.511672
[iter=22780] rollout_mean_bb=4.8612 policy_loss=0.005980 value_loss=0.390579
[iter=22785] rollout_mean_bb=1.7928 policy_loss=0.000585 value_loss=0.710575
[iter=22790] rollout_mean_bb=2.2957 policy_loss=-0.009996 value_loss=0.434468
[iter=22795] rollout_mean_bb=2.1138 policy_loss=-0.005774 value_loss=0.535819
[iter=22800] rollout_mean_bb=2.3183 policy_loss=-0.043568 value_loss=0.490339
[iter=22805] rollout_mean_bb=1.9839 policy_loss=0.025192 value_loss=0.633821
[iter=22810] rollout_mean_bb=3.7404 policy_loss=-0.020979 value_loss=0.465359
[iter=22815] rollout_mean_bb=3.5930 policy_loss=0.001837 value_loss=0.633253
[iter=22820] rollout_mean_bb=0.9932 policy_loss=-0.000516 value_loss=0.606924
[iter=22825] rollout_mean_bb=3.3799 policy_loss=-0.022542 value_loss=0.429228
[iter=22830] rollout_mean_bb=1.7241 policy_loss=-0.000037 value_loss=0.596258
[iter=22835] rollout_mean_bb=1.6809 policy_loss=-0.004245 value_loss=0.537067
[iter=22840] rollout_mean_bb=3.3320 policy_loss=0.034346 value_loss=0.406829
[iter=22845] rollout_mean_bb=3.3498 policy_loss=0.013521 value_loss=0.526121
[iter=22850] rollout_mean_bb=5.2473 policy_loss=0.076939 value_loss=0.794058
[iter=22855] rollout_mean_bb=-0.0403 policy_loss=-0.006481 value_loss=0.561880
[iter=22860] rollout_mean_bb=0.4267 policy_loss=-0.009388 value_loss=0.977704
[iter=22865] rollout_mean_bb=-0.3838 policy_loss=-0.033699 value_loss=0.552154
[iter=22870] rollout_mean_bb=3.6501 policy_loss=0.045519 value_loss=0.502341
[iter=22875] rollout_mean_bb=1.6070 policy_loss=-0.017161 value_loss=0.428090
[iter=22880] rollout_mean_bb=1.1051 policy_loss=-0.014298 value_loss=0.602715
[iter=22885] rollout_mean_bb=-1.6309 policy_loss=-0.003972 value_loss=0.538669
[iter=22890] rollout_mean_bb=2.4099 policy_loss=-0.014861 value_loss=0.544263
[iter=22895] rollout_mean_bb=2.9410 policy_loss=-0.043325 value_loss=0.623882
[iter=22900] rollout_mean_bb=-0.0531 policy_loss=-0.086222 value_loss=0.687191
[iter=22905] rollout_mean_bb=1.3786 policy_loss=0.020910 value_loss=0.623173
[iter=22910] rollout_mean_bb=1.8347 policy_loss=-0.034458 value_loss=0.533896
[iter=22915] rollout_mean_bb=0.2048 policy_loss=-0.011966 value_loss=0.712771
[iter=22920] rollout_mean_bb=2.5763 policy_loss=0.000074 value_loss=0.479554
[iter=22925] rollout_mean_bb=2.5799 policy_loss=0.011357 value_loss=0.500128
[iter=22930] rollout_mean_bb=5.0719 policy_loss=-0.017982 value_loss=0.484524
[iter=22935] rollout_mean_bb=6.2255 policy_loss=0.009578 value_loss=0.569283
[iter=22940] rollout_mean_bb=0.3594 policy_loss=0.144038 value_loss=0.697276
[iter=22945] rollout_mean_bb=2.4164 policy_loss=0.003726 value_loss=0.623974
[iter=22950] rollout_mean_bb=3.2861 policy_loss=-0.167699 value_loss=0.640779
[iter=22955] rollout_mean_bb=0.9495 policy_loss=-0.035933 value_loss=0.688156
[iter=22960] rollout_mean_bb=1.1885 policy_loss=-0.018903 value_loss=0.535393
[iter=22965] rollout_mean_bb=1.3037 policy_loss=-0.016600 value_loss=0.468766
[iter=22970] rollout_mean_bb=0.8799 policy_loss=-0.061361 value_loss=0.413865
[iter=22975] rollout_mean_bb=3.8068 policy_loss=0.122001 value_loss=0.629911
[iter=22980] rollout_mean_bb=2.6403 policy_loss=0.013788 value_loss=0.576082
[iter=22985] rollout_mean_bb=2.3686 policy_loss=0.001103 value_loss=0.592905
[iter=22990] rollout_mean_bb=1.6192 policy_loss=-0.126641 value_loss=0.768406
[iter=22995] rollout_mean_bb=-0.5453 policy_loss=-0.011571 value_loss=0.512556
[iter=23000] rollout_mean_bb=3.7268 policy_loss=0.323045 value_loss=0.969984
[iter=23005] rollout_mean_bb=4.2531 policy_loss=-0.005913 value_loss=0.464477
[iter=23010] rollout_mean_bb=0.1206 policy_loss=-0.008796 value_loss=0.491580
[iter=23015] rollout_mean_bb=3.3870 policy_loss=-0.007829 value_loss=0.560452
[iter=23020] rollout_mean_bb=2.5911 policy_loss=-0.000815 value_loss=0.557677
[iter=23025] rollout_mean_bb=3.7126 policy_loss=0.009226 value_loss=0.536039
[iter=23030] rollout_mean_bb=-0.0046 policy_loss=0.034404 value_loss=0.611964
[iter=23035] rollout_mean_bb=1.8229 policy_loss=-0.003139 value_loss=0.449132
[iter=23040] rollout_mean_bb=1.7446 policy_loss=-0.008123 value_loss=0.473065
[iter=23045] rollout_mean_bb=2.7065 policy_loss=-0.016666 value_loss=0.473915
[iter=23050] rollout_mean_bb=1.5620 policy_loss=-0.016574 value_loss=0.509765
[iter=23055] rollout_mean_bb=2.5676 policy_loss=0.083727 value_loss=0.519709
[iter=23060] rollout_mean_bb=1.1250 policy_loss=0.046052 value_loss=0.574836
[iter=23065] rollout_mean_bb=-0.3115 policy_loss=-0.015825 value_loss=0.491790
[iter=23070] rollout_mean_bb=2.0364 policy_loss=0.012391 value_loss=0.501996
[iter=23075] rollout_mean_bb=-1.0241 policy_loss=-0.003026 value_loss=0.508388
[iter=23080] rollout_mean_bb=2.1971 policy_loss=0.004724 value_loss=0.557643
[iter=23085] rollout_mean_bb=3.2557 policy_loss=-0.000025 value_loss=0.335777
[iter=23090] rollout_mean_bb=0.7130 policy_loss=-0.000099 value_loss=0.561811
[iter=23095] rollout_mean_bb=1.8944 policy_loss=-0.013325 value_loss=0.337882
[iter=23100] rollout_mean_bb=1.3242 policy_loss=-0.002793 value_loss=0.422279
[iter=23105] rollout_mean_bb=2.6030 policy_loss=-0.008633 value_loss=0.581669
[iter=23110] rollout_mean_bb=1.4785 policy_loss=-0.007841 value_loss=0.589512
[iter=23115] rollout_mean_bb=-0.9194 policy_loss=-0.007708 value_loss=0.530629
[iter=23120] rollout_mean_bb=3.2422 policy_loss=-0.024217 value_loss=0.379335
[iter=23125] rollout_mean_bb=2.9521 policy_loss=-0.011133 value_loss=0.403231
[iter=23130] rollout_mean_bb=2.3254 policy_loss=0.075868 value_loss=0.512423
[iter=23135] rollout_mean_bb=2.0545 policy_loss=-0.078042 value_loss=0.428325
[iter=23140] rollout_mean_bb=-1.2877 policy_loss=-0.028233 value_loss=0.477418
[iter=23145] rollout_mean_bb=3.6593 policy_loss=-0.007576 value_loss=0.409709
[iter=23150] rollout_mean_bb=3.7704 policy_loss=-0.012878 value_loss=0.508677
[iter=23155] rollout_mean_bb=0.2333 policy_loss=-0.011355 value_loss=0.383880
[iter=23160] rollout_mean_bb=5.9833 policy_loss=0.018001 value_loss=0.566546
[iter=23165] rollout_mean_bb=4.0254 policy_loss=-0.006207 value_loss=0.532031
[iter=23170] rollout_mean_bb=3.5354 policy_loss=-0.049196 value_loss=0.289670
[iter=23175] rollout_mean_bb=3.1728 policy_loss=0.009033 value_loss=0.530690
[iter=23180] rollout_mean_bb=3.2316 policy_loss=-0.006381 value_loss=0.430333
[iter=23185] rollout_mean_bb=3.1103 policy_loss=-0.004429 value_loss=0.528498
[iter=23190] rollout_mean_bb=1.3738 policy_loss=-0.011229 value_loss=0.508493
[iter=23195] rollout_mean_bb=0.5569 policy_loss=-0.038653 value_loss=0.438349
[iter=23200] rollout_mean_bb=1.4713 policy_loss=0.121046 value_loss=0.589158
[iter=23205] rollout_mean_bb=0.6470 policy_loss=0.000538 value_loss=0.445211
[iter=23210] rollout_mean_bb=0.9128 policy_loss=-0.007477 value_loss=0.405924
[iter=23215] rollout_mean_bb=4.1890 policy_loss=-0.000013 value_loss=0.451522
[iter=23220] rollout_mean_bb=3.8296 policy_loss=-0.009769 value_loss=0.464300
[iter=23225] rollout_mean_bb=2.0055 policy_loss=-0.028059 value_loss=0.453565
[iter=23230] rollout_mean_bb=2.9271 policy_loss=0.096373 value_loss=0.475670
[iter=23235] rollout_mean_bb=2.5886 policy_loss=-0.009617 value_loss=0.398648
[iter=23240] rollout_mean_bb=2.5671 policy_loss=-0.013097 value_loss=0.415916
[iter=23245] rollout_mean_bb=1.1695 policy_loss=-0.011775 value_loss=0.453883
[iter=23250] rollout_mean_bb=2.1108 policy_loss=-0.009417 value_loss=0.423260
[iter=23255] rollout_mean_bb=2.2047 policy_loss=-0.034292 value_loss=0.306971
[iter=23260] rollout_mean_bb=-1.3582 policy_loss=-0.011544 value_loss=0.350240
[iter=23265] rollout_mean_bb=0.3821 policy_loss=-0.009603 value_loss=0.323860
[iter=23270] rollout_mean_bb=2.8339 policy_loss=-0.017108 value_loss=0.344004
[iter=23275] rollout_mean_bb=0.9959 policy_loss=0.020678 value_loss=0.442832
[iter=23280] rollout_mean_bb=0.6481 policy_loss=-0.014190 value_loss=0.424894
[iter=23285] rollout_mean_bb=-0.9588 policy_loss=-0.061436 value_loss=0.355609
[iter=23290] rollout_mean_bb=2.9949 policy_loss=-0.018352 value_loss=0.335571
[iter=23295] rollout_mean_bb=2.5034 policy_loss=0.153566 value_loss=0.634328
[iter=23300] rollout_mean_bb=1.3727 policy_loss=-0.008041 value_loss=0.350310
[iter=23305] rollout_mean_bb=-1.2752 policy_loss=-0.045626 value_loss=0.361044
[iter=23310] rollout_mean_bb=1.0070 policy_loss=-0.042533 value_loss=0.381722
[iter=23315] rollout_mean_bb=1.2312 policy_loss=-0.040914 value_loss=0.565590
[iter=23320] rollout_mean_bb=4.3462 policy_loss=0.023871 value_loss=0.384335
[iter=23325] rollout_mean_bb=1.5631 policy_loss=-0.101328 value_loss=0.539382
[iter=23330] rollout_mean_bb=-1.5395 policy_loss=-0.015813 value_loss=0.428213
[iter=23335] rollout_mean_bb=1.0218 policy_loss=0.072290 value_loss=0.406891
[iter=23340] rollout_mean_bb=1.0439 policy_loss=-0.008436 value_loss=0.412251
[iter=23345] rollout_mean_bb=2.4923 policy_loss=-0.006952 value_loss=0.436828
[iter=23350] rollout_mean_bb=0.4923 policy_loss=-0.072549 value_loss=0.431773
[iter=23355] rollout_mean_bb=0.2235 policy_loss=-0.033159 value_loss=0.539049
[iter=23360] rollout_mean_bb=3.6282 policy_loss=-0.011352 value_loss=0.354567
[iter=23365] rollout_mean_bb=3.0346 policy_loss=-0.010757 value_loss=0.479661
[iter=23370] rollout_mean_bb=1.9626 policy_loss=-0.007045 value_loss=0.440479
[iter=23375] rollout_mean_bb=1.7509 policy_loss=-0.006618 value_loss=0.330665
[iter=23380] rollout_mean_bb=1.1644 policy_loss=-0.018749 value_loss=0.377401
[iter=23385] rollout_mean_bb=2.6733 policy_loss=0.000020 value_loss=0.379278
[iter=23390] rollout_mean_bb=6.0525 policy_loss=-0.052789 value_loss=0.476413
[iter=23395] rollout_mean_bb=3.7203 policy_loss=0.000374 value_loss=0.362209
[iter=23400] rollout_mean_bb=0.8302 policy_loss=-0.018225 value_loss=0.564804
[iter=23405] rollout_mean_bb=0.6415 policy_loss=-0.005549 value_loss=0.409730
[iter=23410] rollout_mean_bb=1.1913 policy_loss=-0.036186 value_loss=0.371643
[iter=23415] rollout_mean_bb=1.3816 policy_loss=-0.014455 value_loss=0.374856
[iter=23420] rollout_mean_bb=3.5850 policy_loss=-0.012140 value_loss=0.483201
[iter=23425] rollout_mean_bb=-0.4476 policy_loss=-0.059737 value_loss=0.365987
[iter=23430] rollout_mean_bb=1.2970 policy_loss=-0.020361 value_loss=0.350475
[iter=23435] rollout_mean_bb=0.7825 policy_loss=-0.014534 value_loss=0.454787
[iter=23440] rollout_mean_bb=1.8228 policy_loss=-0.008770 value_loss=0.486388
[iter=23445] rollout_mean_bb=-0.0382 policy_loss=-0.075156 value_loss=0.285197
[iter=23450] rollout_mean_bb=2.9120 policy_loss=-0.007945 value_loss=0.336435
[iter=23455] rollout_mean_bb=-0.1421 policy_loss=-0.018566 value_loss=0.424894
[iter=23460] rollout_mean_bb=0.3054 policy_loss=-0.010165 value_loss=0.364498
[iter=23465] rollout_mean_bb=0.1142 policy_loss=-0.038352 value_loss=0.422897
[iter=23470] rollout_mean_bb=-1.7548 policy_loss=-0.020225 value_loss=0.558204
[iter=23475] rollout_mean_bb=-0.5380 policy_loss=-0.006920 value_loss=0.543044
[iter=23480] rollout_mean_bb=4.0180 policy_loss=0.161488 value_loss=0.464893
[iter=23485] rollout_mean_bb=-0.1370 policy_loss=0.008395 value_loss=0.583766
[iter=23490] rollout_mean_bb=0.2185 policy_loss=-0.043420 value_loss=0.399746
[iter=23495] rollout_mean_bb=2.4431 policy_loss=-0.007447 value_loss=0.377890
[iter=23500] rollout_mean_bb=1.8139 policy_loss=-0.037304 value_loss=0.516253
[iter=23505] rollout_mean_bb=0.4899 policy_loss=-0.022201 value_loss=0.567414
[iter=23510] rollout_mean_bb=0.7115 policy_loss=-0.016558 value_loss=0.313393
[iter=23515] rollout_mean_bb=0.7574 policy_loss=-0.007272 value_loss=0.452488
[iter=23520] rollout_mean_bb=-0.2075 policy_loss=-0.018671 value_loss=0.409336
[iter=23525] rollout_mean_bb=4.3072 policy_loss=-0.009087 value_loss=0.576708
[iter=23530] rollout_mean_bb=1.2164 policy_loss=0.003141 value_loss=0.342274
[iter=23535] rollout_mean_bb=0.2411 policy_loss=-0.007579 value_loss=0.297345
[iter=23540] rollout_mean_bb=0.2253 policy_loss=-0.011959 value_loss=0.427829
[iter=23545] rollout_mean_bb=0.2408 policy_loss=-0.003265 value_loss=0.365844
[iter=23550] rollout_mean_bb=0.5091 policy_loss=-0.014257 value_loss=0.234184
[iter=23555] rollout_mean_bb=3.4459 policy_loss=-0.038760 value_loss=0.635291
[iter=23560] rollout_mean_bb=0.6304 policy_loss=-0.003680 value_loss=0.389191
[iter=23565] rollout_mean_bb=1.4885 policy_loss=-0.011133 value_loss=0.379294
[iter=23570] rollout_mean_bb=1.5505 policy_loss=-0.023519 value_loss=0.372593
[iter=23575] rollout_mean_bb=2.5558 policy_loss=-0.005873 value_loss=0.314242
[iter=23580] rollout_mean_bb=2.2724 policy_loss=0.003935 value_loss=0.412898
[iter=23585] rollout_mean_bb=1.0805 policy_loss=0.019864 value_loss=0.490762
[iter=23590] rollout_mean_bb=2.3386 policy_loss=-0.019287 value_loss=0.329630
[iter=23595] rollout_mean_bb=2.3269 policy_loss=0.108970 value_loss=0.657919
[iter=23600] rollout_mean_bb=1.4972 policy_loss=0.004859 value_loss=0.326748
[iter=23605] rollout_mean_bb=0.7254 policy_loss=0.072336 value_loss=0.441292
[iter=23610] rollout_mean_bb=2.0321 policy_loss=-0.008735 value_loss=0.288768
[iter=23615] rollout_mean_bb=2.1413 policy_loss=0.046140 value_loss=0.362148
[iter=23620] rollout_mean_bb=1.0826 policy_loss=0.009373 value_loss=0.520163
[iter=23625] rollout_mean_bb=1.3949 policy_loss=-0.007532 value_loss=0.318856
[iter=23630] rollout_mean_bb=1.0906 policy_loss=-0.024081 value_loss=0.293894
[iter=23635] rollout_mean_bb=-0.0148 policy_loss=-0.294248 value_loss=0.593563
[iter=23640] rollout_mean_bb=0.8510 policy_loss=0.061880 value_loss=0.412226
[iter=23645] rollout_mean_bb=2.8523 policy_loss=-0.004579 value_loss=0.310407
[iter=23650] rollout_mean_bb=0.7662 policy_loss=0.017059 value_loss=0.439181
[iter=23655] rollout_mean_bb=1.5732 policy_loss=-0.009069 value_loss=0.403566
[iter=23660] rollout_mean_bb=1.3272 policy_loss=-0.020618 value_loss=0.303109
[iter=23665] rollout_mean_bb=-0.2840 policy_loss=-0.025669 value_loss=0.374106
[iter=23670] rollout_mean_bb=1.6684 policy_loss=0.045068 value_loss=0.403278
[iter=23675] rollout_mean_bb=2.2282 policy_loss=-0.012413 value_loss=0.400842
[iter=23680] rollout_mean_bb=4.7952 policy_loss=0.010985 value_loss=0.382064
[iter=23685] rollout_mean_bb=0.5934 policy_loss=-0.018437 value_loss=0.329901
[iter=23690] rollout_mean_bb=2.6169 policy_loss=0.082047 value_loss=0.559411
[iter=23695] rollout_mean_bb=-0.3256 policy_loss=-0.032499 value_loss=0.365649
[iter=23700] rollout_mean_bb=1.7529 policy_loss=0.095110 value_loss=0.537660
[iter=23705] rollout_mean_bb=2.7950 policy_loss=-0.016029 value_loss=0.421023
[iter=23710] rollout_mean_bb=-0.5914 policy_loss=-0.075622 value_loss=0.275751
[iter=23715] rollout_mean_bb=0.5944 policy_loss=0.027644 value_loss=0.411687
[iter=23720] rollout_mean_bb=3.4336 policy_loss=-0.008047 value_loss=0.420210
[iter=23725] rollout_mean_bb=-0.2398 policy_loss=0.031077 value_loss=0.464797
[iter=23730] rollout_mean_bb=2.4201 policy_loss=-0.056522 value_loss=0.400577
[iter=23735] rollout_mean_bb=2.2563 policy_loss=0.113279 value_loss=0.509917
[iter=23740] rollout_mean_bb=3.4243 policy_loss=-0.021715 value_loss=0.263713
[iter=23745] rollout_mean_bb=2.1789 policy_loss=-0.014670 value_loss=0.328677
[iter=23750] rollout_mean_bb=0.2377 policy_loss=-0.001066 value_loss=0.374878
[iter=23755] rollout_mean_bb=-1.7962 policy_loss=-0.024874 value_loss=0.366546
[iter=23760] rollout_mean_bb=1.8107 policy_loss=-0.174739 value_loss=0.469765
[iter=23765] rollout_mean_bb=2.2040 policy_loss=-0.006531 value_loss=0.384082
[iter=23770] rollout_mean_bb=1.9904 policy_loss=0.098659 value_loss=0.512144
[iter=23775] rollout_mean_bb=1.3243 policy_loss=-0.008296 value_loss=0.308772
[iter=23780] rollout_mean_bb=1.3729 policy_loss=-0.007653 value_loss=0.466894
[iter=23785] rollout_mean_bb=0.5878 policy_loss=0.039136 value_loss=0.534082
[iter=23790] rollout_mean_bb=2.8760 policy_loss=-0.019954 value_loss=0.322426
[iter=23795] rollout_mean_bb=1.0467 policy_loss=-0.020343 value_loss=0.343479
[iter=23800] rollout_mean_bb=2.3584 policy_loss=-0.014312 value_loss=0.333673
[iter=23805] rollout_mean_bb=1.4445 policy_loss=-0.001888 value_loss=0.653802
[iter=23810] rollout_mean_bb=2.2958 policy_loss=-0.006801 value_loss=0.369589
[iter=23815] rollout_mean_bb=1.6324 policy_loss=-0.011496 value_loss=0.317544
[iter=23820] rollout_mean_bb=2.8951 policy_loss=-0.113427 value_loss=0.413510
[iter=23825] rollout_mean_bb=3.8716 policy_loss=-0.142742 value_loss=0.483145
[iter=23830] rollout_mean_bb=1.2054 policy_loss=-0.012681 value_loss=0.357246
[iter=23835] rollout_mean_bb=1.1150 policy_loss=-0.020455 value_loss=0.398189
[iter=23840] rollout_mean_bb=1.6368 policy_loss=0.016608 value_loss=0.430937
[iter=23845] rollout_mean_bb=0.1967 policy_loss=-0.018458 value_loss=0.390655
[iter=23850] rollout_mean_bb=-1.3227 policy_loss=-0.034203 value_loss=0.271021
[iter=23855] rollout_mean_bb=3.0685 policy_loss=-0.081142 value_loss=0.499552
[iter=23860] rollout_mean_bb=-0.9597 policy_loss=-0.010425 value_loss=0.421475
[iter=23865] rollout_mean_bb=0.3644 policy_loss=-0.023392 value_loss=0.248398
[iter=23870] rollout_mean_bb=2.3481 policy_loss=-0.006803 value_loss=0.442965
[iter=23875] rollout_mean_bb=1.2873 policy_loss=-0.009195 value_loss=0.383273
[iter=23880] rollout_mean_bb=2.9874 policy_loss=-0.002484 value_loss=0.335777
[iter=23885] rollout_mean_bb=1.9546 policy_loss=-0.013111 value_loss=0.324681
[iter=23890] rollout_mean_bb=-0.6218 policy_loss=-0.012273 value_loss=0.457569
[iter=23895] rollout_mean_bb=1.9430 policy_loss=0.004177 value_loss=0.365810
[iter=23900] rollout_mean_bb=2.2011 policy_loss=0.026205 value_loss=0.288161
[iter=23905] rollout_mean_bb=0.1549 policy_loss=-0.010450 value_loss=0.479018
[iter=23910] rollout_mean_bb=1.3943 policy_loss=-0.059399 value_loss=0.470090
[iter=23915] rollout_mean_bb=0.6867 policy_loss=-0.009308 value_loss=0.369449
[iter=23920] rollout_mean_bb=0.0476 policy_loss=-0.021190 value_loss=0.350826
[iter=23925] rollout_mean_bb=2.3111 policy_loss=0.025659 value_loss=0.341051
[iter=23930] rollout_mean_bb=3.1813 policy_loss=-0.087871 value_loss=0.330526
[iter=23935] rollout_mean_bb=0.9297 policy_loss=-0.034681 value_loss=0.323309
[iter=23940] rollout_mean_bb=3.0230 policy_loss=-0.018635 value_loss=0.496896
[iter=23945] rollout_mean_bb=2.8234 policy_loss=0.006492 value_loss=0.416456
[iter=23950] rollout_mean_bb=1.2632 policy_loss=-0.056314 value_loss=0.455897
[iter=23955] rollout_mean_bb=2.1871 policy_loss=-0.014977 value_loss=0.305944
[iter=23960] rollout_mean_bb=0.3027 policy_loss=-0.020686 value_loss=0.423328
[iter=23965] rollout_mean_bb=3.2843 policy_loss=0.003941 value_loss=0.378893
[iter=23970] rollout_mean_bb=2.2644 policy_loss=0.000533 value_loss=0.374053
[iter=23975] rollout_mean_bb=1.4889 policy_loss=0.015938 value_loss=0.276611
[iter=23980] rollout_mean_bb=1.3548 policy_loss=0.028408 value_loss=0.224702
[iter=23985] rollout_mean_bb=-1.2210 policy_loss=-0.017584 value_loss=0.362806
[iter=23990] rollout_mean_bb=2.6257 policy_loss=-0.072470 value_loss=0.279660
[iter=23995] rollout_mean_bb=1.4444 policy_loss=-0.015469 value_loss=0.408793
[iter=24000] rollout_mean_bb=2.2583 policy_loss=-0.008869 value_loss=0.195150
[iter=24005] rollout_mean_bb=3.6399 policy_loss=-0.006981 value_loss=0.404230
[iter=24010] rollout_mean_bb=-0.0059 policy_loss=-0.006285 value_loss=0.442271
[iter=24015] rollout_mean_bb=-0.2550 policy_loss=0.020307 value_loss=0.344775
[iter=24020] rollout_mean_bb=0.5171 policy_loss=-0.013031 value_loss=0.300065
[iter=24025] rollout_mean_bb=0.5582 policy_loss=-0.029842 value_loss=0.545140
[iter=24030] rollout_mean_bb=1.8730 policy_loss=0.007399 value_loss=0.391723
[iter=24035] rollout_mean_bb=1.7023 policy_loss=-0.014395 value_loss=0.324757
[iter=24040] rollout_mean_bb=1.8057 policy_loss=-0.007299 value_loss=0.458959
[iter=24045] rollout_mean_bb=2.5728 policy_loss=0.021755 value_loss=0.351797
[iter=24050] rollout_mean_bb=0.3443 policy_loss=-0.010201 value_loss=0.336899
[iter=24055] rollout_mean_bb=3.0236 policy_loss=0.020640 value_loss=0.359561
[iter=24060] rollout_mean_bb=-0.7116 policy_loss=-0.023495 value_loss=0.327694
[iter=24065] rollout_mean_bb=-1.3715 policy_loss=-0.018752 value_loss=0.392619
[iter=24070] rollout_mean_bb=1.9893 policy_loss=-0.002383 value_loss=0.412334
[iter=24075] rollout_mean_bb=2.5425 policy_loss=-0.015539 value_loss=0.369988
[iter=24080] rollout_mean_bb=3.1768 policy_loss=-0.051843 value_loss=0.437967
[iter=24085] rollout_mean_bb=0.7323 policy_loss=-0.036089 value_loss=0.292513
[iter=24090] rollout_mean_bb=-0.4278 policy_loss=-0.017111 value_loss=0.418238
[iter=24095] rollout_mean_bb=1.6573 policy_loss=-0.000579 value_loss=0.449936
[iter=24100] rollout_mean_bb=2.3005 policy_loss=-0.011142 value_loss=0.393442
[iter=24105] rollout_mean_bb=1.6683 policy_loss=-0.014708 value_loss=0.318983
[iter=24110] rollout_mean_bb=1.3152 policy_loss=-0.030983 value_loss=0.352163
[iter=24115] rollout_mean_bb=1.2642 policy_loss=-0.013765 value_loss=0.341260
[iter=24120] rollout_mean_bb=2.0600 policy_loss=-0.021467 value_loss=0.271259
[iter=24125] rollout_mean_bb=0.6943 policy_loss=0.003620 value_loss=0.427835
[iter=24130] rollout_mean_bb=1.9811 policy_loss=-0.101126 value_loss=0.182833
[iter=24135] rollout_mean_bb=1.9615 policy_loss=-0.019263 value_loss=0.283722
[iter=24140] rollout_mean_bb=1.3848 policy_loss=0.001415 value_loss=0.378255
[iter=24145] rollout_mean_bb=1.4877 policy_loss=-0.031397 value_loss=0.345622
[iter=24150] rollout_mean_bb=2.0162 policy_loss=-0.008189 value_loss=0.371718
[iter=24155] rollout_mean_bb=2.6562 policy_loss=-0.000688 value_loss=0.369092
[iter=24160] rollout_mean_bb=0.6022 policy_loss=-0.003897 value_loss=0.462128
[iter=24165] rollout_mean_bb=4.1828 policy_loss=-0.019622 value_loss=0.401650
[iter=24170] rollout_mean_bb=3.5818 policy_loss=-0.007054 value_loss=0.399587
[iter=24175] rollout_mean_bb=1.3007 policy_loss=0.074334 value_loss=0.504724
[iter=24180] rollout_mean_bb=0.6487 policy_loss=0.024545 value_loss=0.353720
[iter=24185] rollout_mean_bb=2.1485 policy_loss=0.091929 value_loss=0.424419
[iter=24190] rollout_mean_bb=2.1403 policy_loss=-0.008809 value_loss=0.399003
[iter=24195] rollout_mean_bb=1.3766 policy_loss=-0.048461 value_loss=0.322701
[iter=24200] rollout_mean_bb=-1.2439 policy_loss=-0.002424 value_loss=0.561973
[iter=24205] rollout_mean_bb=0.2831 policy_loss=-0.023499 value_loss=0.329708
[iter=24210] rollout_mean_bb=2.1963 policy_loss=-0.051660 value_loss=0.357880
[iter=24215] rollout_mean_bb=0.9108 policy_loss=-0.008510 value_loss=0.422841
[iter=24220] rollout_mean_bb=0.7021 policy_loss=-0.006274 value_loss=0.613541
[iter=24225] rollout_mean_bb=2.3328 policy_loss=-0.001714 value_loss=0.388377
[iter=24230] rollout_mean_bb=0.9309 policy_loss=-0.042444 value_loss=0.430615
[iter=24235] rollout_mean_bb=2.9390 policy_loss=0.013277 value_loss=0.376003
[iter=24240] rollout_mean_bb=4.8500 policy_loss=0.000109 value_loss=0.356394
[iter=24245] rollout_mean_bb=1.3194 policy_loss=-0.046725 value_loss=0.365122
[iter=24250] rollout_mean_bb=1.2407 policy_loss=-0.027889 value_loss=0.241949
[iter=24255] rollout_mean_bb=0.3173 policy_loss=-0.005868 value_loss=0.457171
[iter=24260] rollout_mean_bb=1.8796 policy_loss=-0.003723 value_loss=0.345606
[iter=24265] rollout_mean_bb=0.3160 policy_loss=0.076342 value_loss=0.384857
[iter=24270] rollout_mean_bb=2.0795 policy_loss=0.022083 value_loss=0.272459
[iter=24275] rollout_mean_bb=1.0861 policy_loss=-0.023821 value_loss=0.277296
[iter=24280] rollout_mean_bb=2.8678 policy_loss=0.016321 value_loss=0.323544
[iter=24285] rollout_mean_bb=2.6981 policy_loss=-0.032757 value_loss=0.555503
[iter=24290] rollout_mean_bb=0.9396 policy_loss=-0.025048 value_loss=0.368077
[iter=24295] rollout_mean_bb=0.9130 policy_loss=-0.006332 value_loss=0.475594
[iter=24300] rollout_mean_bb=2.0298 policy_loss=-0.005894 value_loss=0.462771
[iter=24305] rollout_mean_bb=0.8608 policy_loss=0.005442 value_loss=0.427115
[iter=24310] rollout_mean_bb=0.9641 policy_loss=-0.022385 value_loss=0.315942
[iter=24315] rollout_mean_bb=0.9401 policy_loss=-0.001926 value_loss=0.394570
[iter=24320] rollout_mean_bb=4.2339 policy_loss=-0.009373 value_loss=0.472377
[iter=24325] rollout_mean_bb=1.9059 policy_loss=0.013690 value_loss=0.513776
[iter=24330] rollout_mean_bb=1.8267 policy_loss=-0.034782 value_loss=0.217396
[iter=24335] rollout_mean_bb=1.5274 policy_loss=-0.009691 value_loss=0.394414
[iter=24340] rollout_mean_bb=2.6203 policy_loss=-0.010938 value_loss=0.282546
[iter=24345] rollout_mean_bb=3.5260 policy_loss=-0.006018 value_loss=0.378468
[iter=24350] rollout_mean_bb=1.3116 policy_loss=-0.013627 value_loss=0.363432
[iter=24355] rollout_mean_bb=-1.2972 policy_loss=0.066053 value_loss=0.569604
[iter=24360] rollout_mean_bb=-1.3099 policy_loss=-0.005900 value_loss=0.507611
[iter=24365] rollout_mean_bb=2.5280 policy_loss=-0.027294 value_loss=0.466611
[iter=24370] rollout_mean_bb=2.3490 policy_loss=-0.130083 value_loss=0.351007
[iter=24375] rollout_mean_bb=2.6260 policy_loss=-0.028878 value_loss=0.304419
[iter=24380] rollout_mean_bb=0.5739 policy_loss=-0.015009 value_loss=0.360153
[iter=24385] rollout_mean_bb=1.9989 policy_loss=-0.014473 value_loss=0.313886
[iter=24390] rollout_mean_bb=1.8773 policy_loss=-0.169855 value_loss=0.650301
[iter=24395] rollout_mean_bb=0.8293 policy_loss=-0.009196 value_loss=0.314134
[iter=24400] rollout_mean_bb=0.2899 policy_loss=-0.009538 value_loss=0.352775
[iter=24405] rollout_mean_bb=0.4755 policy_loss=-0.007335 value_loss=0.360745
[iter=24410] rollout_mean_bb=0.6404 policy_loss=-0.005574 value_loss=0.473260
[iter=24415] rollout_mean_bb=2.2097 policy_loss=-0.037072 value_loss=0.368074
[iter=24420] rollout_mean_bb=2.5058 policy_loss=-0.027768 value_loss=0.305198
[iter=24425] rollout_mean_bb=2.0593 policy_loss=-0.067251 value_loss=0.414995
[iter=24430] rollout_mean_bb=0.7411 policy_loss=-0.055411 value_loss=0.329399
[iter=24435] rollout_mean_bb=3.3705 policy_loss=0.300854 value_loss=1.042988
[iter=24440] rollout_mean_bb=2.5461 policy_loss=-0.024269 value_loss=0.436982
[iter=24445] rollout_mean_bb=0.2425 policy_loss=-0.001515 value_loss=0.380178
[iter=24450] rollout_mean_bb=2.9544 policy_loss=-0.010954 value_loss=0.392683
[iter=24455] rollout_mean_bb=3.1012 policy_loss=-0.006285 value_loss=0.324001
[iter=24460] rollout_mean_bb=0.3158 policy_loss=-0.000889 value_loss=0.359334
[iter=24465] rollout_mean_bb=3.9259 policy_loss=-0.009453 value_loss=0.337778
[iter=24470] rollout_mean_bb=1.8802 policy_loss=0.014919 value_loss=0.477236
[iter=24475] rollout_mean_bb=-0.5220 policy_loss=-0.015129 value_loss=0.404484
[iter=24480] rollout_mean_bb=2.7816 policy_loss=-0.060103 value_loss=0.260189
[iter=24485] rollout_mean_bb=2.9095 policy_loss=-0.004957 value_loss=0.483883
[iter=24490] rollout_mean_bb=-0.3493 policy_loss=-0.011214 value_loss=0.395096
[iter=24495] rollout_mean_bb=0.0280 policy_loss=0.224910 value_loss=0.670030
[iter=24500] rollout_mean_bb=1.2068 policy_loss=-0.085561 value_loss=0.494289
[iter=24505] rollout_mean_bb=2.5392 policy_loss=-0.014866 value_loss=0.321369
[iter=24510] rollout_mean_bb=4.6879 policy_loss=-0.009014 value_loss=0.459403
[iter=24515] rollout_mean_bb=-0.5412 policy_loss=-0.001454 value_loss=0.490853
[iter=24520] rollout_mean_bb=1.4080 policy_loss=-0.012343 value_loss=0.463918
[iter=24525] rollout_mean_bb=0.3677 policy_loss=-0.014060 value_loss=0.392320
[iter=24530] rollout_mean_bb=0.4877 policy_loss=-0.015275 value_loss=0.486409
[iter=24535] rollout_mean_bb=2.1595 policy_loss=0.000762 value_loss=0.353411
[iter=24540] rollout_mean_bb=1.3628 policy_loss=-0.002145 value_loss=0.441180
[iter=24545] rollout_mean_bb=0.5918 policy_loss=0.004533 value_loss=0.409025
[iter=24550] rollout_mean_bb=3.3172 policy_loss=-0.050622 value_loss=0.511546
[iter=24555] rollout_mean_bb=1.8330 policy_loss=0.090048 value_loss=0.574129
[iter=24560] rollout_mean_bb=2.5596 policy_loss=-0.009858 value_loss=0.345030
[iter=24565] rollout_mean_bb=-1.6606 policy_loss=-0.003336 value_loss=0.418680
[iter=24570] rollout_mean_bb=2.2756 policy_loss=0.025932 value_loss=0.391179
[iter=24575] rollout_mean_bb=0.5012 policy_loss=-0.010901 value_loss=0.441965
[iter=24580] rollout_mean_bb=2.3316 policy_loss=-0.015923 value_loss=0.315931
[iter=24585] rollout_mean_bb=1.2876 policy_loss=-0.004817 value_loss=0.444462
[iter=24590] rollout_mean_bb=1.8899 policy_loss=-0.004306 value_loss=0.516927
[iter=24595] rollout_mean_bb=2.2557 policy_loss=-0.049838 value_loss=0.241212
[iter=24600] rollout_mean_bb=1.9716 policy_loss=-0.035388 value_loss=0.464439
[iter=24605] rollout_mean_bb=3.4099 policy_loss=-0.007116 value_loss=0.323678
[iter=24610] rollout_mean_bb=2.2965 policy_loss=-0.029515 value_loss=0.249240
[iter=24615] rollout_mean_bb=1.2971 policy_loss=-0.015229 value_loss=0.348680
[iter=24620] rollout_mean_bb=0.4267 policy_loss=-0.031963 value_loss=0.430591
[iter=24625] rollout_mean_bb=0.3944 policy_loss=-0.024698 value_loss=0.292671
[iter=24630] rollout_mean_bb=-0.8637 policy_loss=-0.002411 value_loss=0.470175
[iter=24635] rollout_mean_bb=0.5315 policy_loss=-0.120603 value_loss=0.576576
[iter=24640] rollout_mean_bb=1.1446 policy_loss=-0.001575 value_loss=0.380746
[iter=24645] rollout_mean_bb=0.5391 policy_loss=-0.006387 value_loss=0.473460
[iter=24650] rollout_mean_bb=2.1963 policy_loss=-0.021040 value_loss=0.352030
[iter=24655] rollout_mean_bb=1.4684 policy_loss=-0.023416 value_loss=0.268309
[iter=24660] rollout_mean_bb=0.4642 policy_loss=0.024091 value_loss=0.433992
[iter=24665] rollout_mean_bb=2.8831 policy_loss=-0.040977 value_loss=0.340596
[iter=24670] rollout_mean_bb=0.0819 policy_loss=-0.014793 value_loss=0.270831
[iter=24675] rollout_mean_bb=-0.3379 policy_loss=-0.014962 value_loss=0.370842
[iter=24680] rollout_mean_bb=1.7554 policy_loss=-0.038086 value_loss=0.351273
[iter=24685] rollout_mean_bb=0.2323 policy_loss=-0.023180 value_loss=0.393873
[iter=24690] rollout_mean_bb=1.7390 policy_loss=0.033252 value_loss=0.248726
[iter=24695] rollout_mean_bb=3.0920 policy_loss=0.036334 value_loss=0.310066
[iter=24700] rollout_mean_bb=1.5521 policy_loss=0.012880 value_loss=0.366413
[iter=24705] rollout_mean_bb=4.3135 policy_loss=0.000248 value_loss=0.468836
[iter=24710] rollout_mean_bb=1.3158 policy_loss=-0.007594 value_loss=0.433329
[iter=24715] rollout_mean_bb=2.4460 policy_loss=-0.011803 value_loss=0.370230
[iter=24720] rollout_mean_bb=-1.5281 policy_loss=-0.018444 value_loss=0.458701
[iter=24725] rollout_mean_bb=-0.9308 policy_loss=-0.008129 value_loss=0.319219
[iter=24730] rollout_mean_bb=1.1412 policy_loss=-0.010504 value_loss=0.429661
[iter=24735] rollout_mean_bb=1.9857 policy_loss=-0.002626 value_loss=0.456732
[iter=24740] rollout_mean_bb=2.8797 policy_loss=-0.014579 value_loss=0.306800
[iter=24745] rollout_mean_bb=0.9001 policy_loss=-0.009069 value_loss=0.447231
[iter=24750] rollout_mean_bb=1.3576 policy_loss=-0.013057 value_loss=0.336856
[iter=24755] rollout_mean_bb=0.8233 policy_loss=0.039665 value_loss=0.375885
[iter=24760] rollout_mean_bb=2.5594 policy_loss=-0.022403 value_loss=0.367126
[iter=24765] rollout_mean_bb=2.8008 policy_loss=-0.001378 value_loss=0.381856
[iter=24770] rollout_mean_bb=0.2120 policy_loss=-0.002031 value_loss=0.494443
[iter=24775] rollout_mean_bb=1.6962 policy_loss=0.000675 value_loss=0.452541
[iter=24780] rollout_mean_bb=1.0475 policy_loss=0.032902 value_loss=0.398723
[iter=24785] rollout_mean_bb=0.4711 policy_loss=-0.053849 value_loss=0.556103
[iter=24790] rollout_mean_bb=1.8806 policy_loss=-0.017959 value_loss=0.435817
[iter=24795] rollout_mean_bb=1.5480 policy_loss=-0.023944 value_loss=0.362812
[iter=24800] rollout_mean_bb=0.5713 policy_loss=-0.004881 value_loss=0.339757
[iter=24805] rollout_mean_bb=2.1125 policy_loss=-0.062250 value_loss=0.323588
[iter=24810] rollout_mean_bb=-0.2669 policy_loss=-0.001901 value_loss=0.524325
[iter=24815] rollout_mean_bb=3.1041 policy_loss=0.092907 value_loss=0.445805
[iter=24820] rollout_mean_bb=1.5314 policy_loss=0.064407 value_loss=0.470614
[iter=24825] rollout_mean_bb=4.7081 policy_loss=-0.004428 value_loss=0.332802
[iter=24830] rollout_mean_bb=1.3774 policy_loss=-0.034974 value_loss=0.326692
[iter=24835] rollout_mean_bb=1.5000 policy_loss=-0.023499 value_loss=0.356080
[iter=24840] rollout_mean_bb=1.4364 policy_loss=-0.005965 value_loss=0.281779
[iter=24845] rollout_mean_bb=2.2322 policy_loss=-0.005419 value_loss=0.268327
[iter=24850] rollout_mean_bb=3.4418 policy_loss=-0.013950 value_loss=0.262501
[iter=24855] rollout_mean_bb=1.6917 policy_loss=-0.006769 value_loss=0.436019
[iter=24860] rollout_mean_bb=3.6000 policy_loss=-0.028717 value_loss=0.331631
[iter=24865] rollout_mean_bb=-0.3314 policy_loss=-0.006399 value_loss=0.507224
[iter=24870] rollout_mean_bb=-0.0990 policy_loss=-0.010429 value_loss=0.377737
[iter=24875] rollout_mean_bb=2.0641 policy_loss=-0.017634 value_loss=0.404538
[iter=24880] rollout_mean_bb=2.8240 policy_loss=0.045936 value_loss=0.631917
[iter=24885] rollout_mean_bb=1.3470 policy_loss=-0.000962 value_loss=0.545345
[iter=24890] rollout_mean_bb=3.1379 policy_loss=-0.008465 value_loss=0.441324
[iter=24895] rollout_mean_bb=2.2975 policy_loss=0.001759 value_loss=0.419652
[iter=24900] rollout_mean_bb=0.6050 policy_loss=-0.340447 value_loss=0.893958
[iter=24905] rollout_mean_bb=3.6703 policy_loss=0.013570 value_loss=0.421630
[iter=24910] rollout_mean_bb=2.6127 policy_loss=0.045361 value_loss=0.389281
[iter=24915] rollout_mean_bb=1.6217 policy_loss=-0.007621 value_loss=0.398936
[iter=24920] rollout_mean_bb=3.4352 policy_loss=-0.004388 value_loss=0.319578
[iter=24925] rollout_mean_bb=4.7376 policy_loss=-0.008771 value_loss=0.441720
[iter=24930] rollout_mean_bb=2.0926 policy_loss=-0.015824 value_loss=0.363155
[iter=24935] rollout_mean_bb=1.3753 policy_loss=-0.092843 value_loss=0.514365
[iter=24940] rollout_mean_bb=1.7065 policy_loss=-0.142870 value_loss=0.590603
[iter=24945] rollout_mean_bb=3.9094 policy_loss=0.049787 value_loss=0.298577
[iter=24950] rollout_mean_bb=0.1853 policy_loss=-0.028151 value_loss=0.279148
[iter=24955] rollout_mean_bb=0.1627 policy_loss=-0.006119 value_loss=0.452508
[iter=24960] rollout_mean_bb=0.8598 policy_loss=-0.081202 value_loss=0.343357
[iter=24965] rollout_mean_bb=1.4684 policy_loss=-0.012560 value_loss=0.345865
[iter=24970] rollout_mean_bb=0.5723 policy_loss=0.009610 value_loss=0.441788
[iter=24975] rollout_mean_bb=2.7198 policy_loss=0.008435 value_loss=0.456824
[iter=24980] rollout_mean_bb=2.7563 policy_loss=0.028884 value_loss=0.431656
[iter=24985] rollout_mean_bb=0.7101 policy_loss=-0.032173 value_loss=0.534142
[iter=24990] rollout_mean_bb=0.5814 policy_loss=-0.036201 value_loss=0.435633
[iter=24995] rollout_mean_bb=2.1152 policy_loss=-0.012162 value_loss=0.507426
[iter=25000] rollout_mean_bb=0.7454 policy_loss=-0.042280 value_loss=0.419787
[iter=25005] rollout_mean_bb=3.1390 policy_loss=0.000568 value_loss=0.377335
[iter=25010] rollout_mean_bb=-0.4691 policy_loss=-0.011314 value_loss=0.467699
[iter=25015] rollout_mean_bb=3.4073 policy_loss=-0.012861 value_loss=0.526199
[iter=25020] rollout_mean_bb=2.3411 policy_loss=-0.099961 value_loss=0.512453
[iter=25025] rollout_mean_bb=5.3763 policy_loss=-0.008938 value_loss=0.406557
[iter=25030] rollout_mean_bb=2.8688 policy_loss=0.001966 value_loss=0.457495
[iter=25035] rollout_mean_bb=3.9120 policy_loss=-0.015004 value_loss=0.333658
[iter=25040] rollout_mean_bb=2.4102 policy_loss=0.021988 value_loss=0.403405
[iter=25045] rollout_mean_bb=0.4879 policy_loss=-0.017529 value_loss=0.408949
[iter=25050] rollout_mean_bb=0.9622 policy_loss=-0.036996 value_loss=0.303630
[iter=25055] rollout_mean_bb=2.3081 policy_loss=0.005387 value_loss=0.355066
[iter=25060] rollout_mean_bb=0.7029 policy_loss=-0.054487 value_loss=0.495781
[iter=25065] rollout_mean_bb=2.6580 policy_loss=-0.007582 value_loss=0.421883
[iter=25070] rollout_mean_bb=3.5516 policy_loss=-0.024187 value_loss=0.327434
[iter=25075] rollout_mean_bb=4.1615 policy_loss=-0.003036 value_loss=0.488625
[iter=25080] rollout_mean_bb=0.9349 policy_loss=-0.011269 value_loss=0.585710
[iter=25085] rollout_mean_bb=0.3117 policy_loss=0.005207 value_loss=0.339874
[iter=25090] rollout_mean_bb=0.0314 policy_loss=-0.006347 value_loss=0.433765
[iter=25095] rollout_mean_bb=0.2215 policy_loss=0.020748 value_loss=0.314731
[iter=25100] rollout_mean_bb=1.5489 policy_loss=0.032673 value_loss=0.483690
[iter=25105] rollout_mean_bb=2.0089 policy_loss=0.026655 value_loss=0.335237
[iter=25110] rollout_mean_bb=-2.5961 policy_loss=-0.004705 value_loss=0.410398
[iter=25115] rollout_mean_bb=2.3506 policy_loss=-0.009828 value_loss=0.430174
[iter=25120] rollout_mean_bb=0.8490 policy_loss=0.062647 value_loss=0.462326
[iter=25125] rollout_mean_bb=3.2432 policy_loss=-0.041339 value_loss=0.528551
[iter=25130] rollout_mean_bb=2.5559 policy_loss=-0.007763 value_loss=0.418301
[iter=25135] rollout_mean_bb=2.0420 policy_loss=-0.037980 value_loss=0.493198
[iter=25140] rollout_mean_bb=-0.6520 policy_loss=0.046560 value_loss=0.587518
[iter=25145] rollout_mean_bb=3.3808 policy_loss=0.042270 value_loss=0.551513
[iter=25150] rollout_mean_bb=2.4208 policy_loss=-0.005755 value_loss=0.325925
[iter=25155] rollout_mean_bb=1.8366 policy_loss=-0.007268 value_loss=0.555462
[iter=25160] rollout_mean_bb=0.5644 policy_loss=0.020920 value_loss=0.495103
[iter=25165] rollout_mean_bb=0.3083 policy_loss=-0.041849 value_loss=0.397746
[iter=25170] rollout_mean_bb=2.3444 policy_loss=-0.060226 value_loss=0.423246
[iter=25175] rollout_mean_bb=0.8571 policy_loss=-0.046125 value_loss=0.509875
[iter=25180] rollout_mean_bb=1.5460 policy_loss=-0.081302 value_loss=0.245538
[iter=25185] rollout_mean_bb=-0.0285 policy_loss=-0.018898 value_loss=0.429507
[iter=25190] rollout_mean_bb=1.0372 policy_loss=0.012880 value_loss=0.361160
[iter=25195] rollout_mean_bb=4.8591 policy_loss=-0.014607 value_loss=0.449998
[iter=25200] rollout_mean_bb=5.6936 policy_loss=-0.002853 value_loss=0.468513
[iter=25205] rollout_mean_bb=4.3424 policy_loss=-0.007304 value_loss=0.452654
[iter=25210] rollout_mean_bb=3.6571 policy_loss=-0.025748 value_loss=0.409725
[iter=25215] rollout_mean_bb=2.2143 policy_loss=-0.073871 value_loss=0.356808
[iter=25220] rollout_mean_bb=2.7873 policy_loss=-0.038369 value_loss=0.372205
[iter=25225] rollout_mean_bb=1.0593 policy_loss=-0.009799 value_loss=0.472562
[iter=25230] rollout_mean_bb=1.4349 policy_loss=-0.014475 value_loss=0.373578
[iter=25235] rollout_mean_bb=0.2887 policy_loss=-0.012279 value_loss=0.353076
[iter=25240] rollout_mean_bb=1.1807 policy_loss=0.017659 value_loss=0.524559
[iter=25245] rollout_mean_bb=2.6957 policy_loss=-0.027219 value_loss=0.225665
[iter=25250] rollout_mean_bb=1.5078 policy_loss=-0.027873 value_loss=0.315817
[iter=25255] rollout_mean_bb=1.7635 policy_loss=-0.005504 value_loss=0.428305
[iter=25260] rollout_mean_bb=1.6118 policy_loss=-0.005349 value_loss=0.310946
[iter=25265] rollout_mean_bb=0.4226 policy_loss=0.031916 value_loss=0.629448
[iter=25270] rollout_mean_bb=3.7375 policy_loss=0.005920 value_loss=0.368801
[iter=25275] rollout_mean_bb=0.4197 policy_loss=0.002502 value_loss=0.353961
[iter=25280] rollout_mean_bb=1.5042 policy_loss=0.013980 value_loss=0.431740
[iter=25285] rollout_mean_bb=2.2865 policy_loss=-0.015624 value_loss=0.326187
[iter=25290] rollout_mean_bb=3.8890 policy_loss=-0.017511 value_loss=0.395404
[iter=25295] rollout_mean_bb=2.9420 policy_loss=-0.011909 value_loss=0.360035
[iter=25300] rollout_mean_bb=1.0452 policy_loss=-0.073057 value_loss=0.397453
[iter=25305] rollout_mean_bb=1.9912 policy_loss=-0.030330 value_loss=0.347186
[iter=25310] rollout_mean_bb=3.8445 policy_loss=-0.011425 value_loss=0.426886
[iter=25315] rollout_mean_bb=0.8452 policy_loss=0.635069 value_loss=1.359558
[iter=25320] rollout_mean_bb=-0.5870 policy_loss=0.046353 value_loss=0.482256
[iter=25325] rollout_mean_bb=0.9276 policy_loss=0.013305 value_loss=0.442032
[iter=25330] rollout_mean_bb=2.3054 policy_loss=0.113910 value_loss=0.608472
[iter=25335] rollout_mean_bb=2.4926 policy_loss=0.009776 value_loss=0.541749
[iter=25340] rollout_mean_bb=2.9446 policy_loss=-0.028189 value_loss=0.607184
[iter=25345] rollout_mean_bb=1.6107 policy_loss=0.013819 value_loss=0.455276
[iter=25350] rollout_mean_bb=0.5686 policy_loss=-0.004085 value_loss=0.644014
[iter=25355] rollout_mean_bb=1.6144 policy_loss=0.040049 value_loss=0.366692
[iter=25360] rollout_mean_bb=1.9070 policy_loss=0.029852 value_loss=0.417160
[iter=25365] rollout_mean_bb=3.0269 policy_loss=-0.039338 value_loss=0.412342
[iter=25370] rollout_mean_bb=0.7433 policy_loss=-0.057811 value_loss=0.326258
[iter=25375] rollout_mean_bb=0.2649 policy_loss=0.003071 value_loss=0.263176
[iter=25380] rollout_mean_bb=0.3710 policy_loss=-0.011500 value_loss=0.391717
[iter=25385] rollout_mean_bb=1.0384 policy_loss=-0.010206 value_loss=0.559380
[iter=25390] rollout_mean_bb=2.2377 policy_loss=-0.011609 value_loss=0.376935
[iter=25395] rollout_mean_bb=0.6899 policy_loss=-0.008326 value_loss=0.476991
[iter=25400] rollout_mean_bb=1.4872 policy_loss=0.027739 value_loss=0.331241
[iter=25405] rollout_mean_bb=-0.0571 policy_loss=0.002214 value_loss=0.444659
[iter=25410] rollout_mean_bb=4.0285 policy_loss=-0.001743 value_loss=0.538222
[iter=25415] rollout_mean_bb=2.0000 policy_loss=0.001935 value_loss=0.409712
[iter=25420] rollout_mean_bb=0.8886 policy_loss=-0.007843 value_loss=0.473776
[iter=25425] rollout_mean_bb=0.8028 policy_loss=-0.016027 value_loss=0.474814
[iter=25430] rollout_mean_bb=0.7958 policy_loss=-0.023698 value_loss=0.323201
[iter=25435] rollout_mean_bb=0.3576 policy_loss=-0.054816 value_loss=0.362297
[iter=25440] rollout_mean_bb=0.6147 policy_loss=0.027173 value_loss=0.339901
[iter=25445] rollout_mean_bb=2.1429 policy_loss=0.023447 value_loss=0.519680
[iter=25450] rollout_mean_bb=-2.8314 policy_loss=-0.049790 value_loss=0.428178
[iter=25455] rollout_mean_bb=0.5685 policy_loss=-0.019372 value_loss=0.364325
[iter=25460] rollout_mean_bb=0.9352 policy_loss=-0.022194 value_loss=0.304131
[iter=25465] rollout_mean_bb=1.1399 policy_loss=-0.019078 value_loss=0.422008
[iter=25470] rollout_mean_bb=3.3596 policy_loss=-0.011716 value_loss=0.638379
[iter=25475] rollout_mean_bb=1.5006 policy_loss=-0.068840 value_loss=0.546179
[iter=25480] rollout_mean_bb=2.2257 policy_loss=-0.007978 value_loss=0.429483
[iter=25485] rollout_mean_bb=0.1712 policy_loss=-0.011613 value_loss=0.387772
[iter=25490] rollout_mean_bb=0.5116 policy_loss=-0.021672 value_loss=0.401005
[iter=25495] rollout_mean_bb=2.8295 policy_loss=-0.038912 value_loss=0.376429
[iter=25500] rollout_mean_bb=2.0782 policy_loss=-0.075244 value_loss=0.348991
[iter=25505] rollout_mean_bb=2.5800 policy_loss=0.075088 value_loss=0.485375
[iter=25510] rollout_mean_bb=-0.9298 policy_loss=0.016089 value_loss=0.421301
[iter=25515] rollout_mean_bb=2.8234 policy_loss=-0.020832 value_loss=0.463258
[iter=25520] rollout_mean_bb=-1.0251 policy_loss=-0.016967 value_loss=0.462984
[iter=25525] rollout_mean_bb=2.5170 policy_loss=-0.059057 value_loss=0.622891
[iter=25530] rollout_mean_bb=2.5383 policy_loss=-0.018587 value_loss=0.404331
[iter=25535] rollout_mean_bb=0.3914 policy_loss=0.032094 value_loss=0.499141
[iter=25540] rollout_mean_bb=1.4448 policy_loss=-0.017441 value_loss=0.522823
[iter=25545] rollout_mean_bb=4.4501 policy_loss=0.004946 value_loss=0.373369
[iter=25550] rollout_mean_bb=1.2138 policy_loss=-0.025189 value_loss=0.381495
[iter=25555] rollout_mean_bb=2.9331 policy_loss=0.000820 value_loss=0.429731
[iter=25560] rollout_mean_bb=0.9184 policy_loss=-0.022136 value_loss=0.312181
[iter=25565] rollout_mean_bb=2.7182 policy_loss=-0.020652 value_loss=0.474770
[iter=25570] rollout_mean_bb=1.1208 policy_loss=0.005736 value_loss=0.388562
[iter=25575] rollout_mean_bb=0.5520 policy_loss=-0.024684 value_loss=0.370511
[iter=25580] rollout_mean_bb=0.8974 policy_loss=0.091012 value_loss=0.489378
[iter=25585] rollout_mean_bb=0.0066 policy_loss=0.036068 value_loss=0.441144
[iter=25590] rollout_mean_bb=0.6975 policy_loss=0.010136 value_loss=0.545509
[iter=25595] rollout_mean_bb=3.9608 policy_loss=0.025600 value_loss=0.452439
[iter=25600] rollout_mean_bb=2.9203 policy_loss=0.044549 value_loss=0.530784
[iter=25605] rollout_mean_bb=-0.2641 policy_loss=0.009182 value_loss=0.468722
[iter=25610] rollout_mean_bb=0.2846 policy_loss=-0.017033 value_loss=0.347378
[iter=25615] rollout_mean_bb=0.2486 policy_loss=0.062284 value_loss=0.634211
[iter=25620] rollout_mean_bb=2.8523 policy_loss=-0.017928 value_loss=0.335635
[iter=25625] rollout_mean_bb=2.2479 policy_loss=0.087798 value_loss=0.488639
[iter=25630] rollout_mean_bb=0.1080 policy_loss=-0.013272 value_loss=0.459355
[iter=25635] rollout_mean_bb=3.0185 policy_loss=-0.022372 value_loss=0.467424
[iter=25640] rollout_mean_bb=1.5889 policy_loss=-0.013344 value_loss=0.366814
[iter=25645] rollout_mean_bb=4.6786 policy_loss=0.088765 value_loss=0.443695
[iter=25650] rollout_mean_bb=2.4666 policy_loss=-0.013424 value_loss=0.356180
[iter=25655] rollout_mean_bb=0.6467 policy_loss=-0.004815 value_loss=0.523455
[iter=25660] rollout_mean_bb=0.9773 policy_loss=-0.017958 value_loss=0.385128
[iter=25665] rollout_mean_bb=2.3906 policy_loss=0.005996 value_loss=0.471062
[iter=25670] rollout_mean_bb=3.4294 policy_loss=-0.017882 value_loss=0.297358
[iter=25675] rollout_mean_bb=2.5052 policy_loss=0.000381 value_loss=0.292600
[iter=25680] rollout_mean_bb=-0.9994 policy_loss=-0.015690 value_loss=0.531319
[iter=25685] rollout_mean_bb=0.0634 policy_loss=-0.088277 value_loss=0.331437
[iter=25690] rollout_mean_bb=3.3268 policy_loss=-0.005063 value_loss=0.437110
[iter=25695] rollout_mean_bb=1.8624 policy_loss=-0.036908 value_loss=0.258563
[iter=25700] rollout_mean_bb=1.4053 policy_loss=-0.010116 value_loss=0.450293
[iter=25705] rollout_mean_bb=2.7008 policy_loss=-0.008073 value_loss=0.418909
[iter=25710] rollout_mean_bb=0.3607 policy_loss=-0.019781 value_loss=0.434379
[iter=25715] rollout_mean_bb=-1.1942 policy_loss=-0.003800 value_loss=0.601676
[iter=25720] rollout_mean_bb=1.9982 policy_loss=0.025398 value_loss=0.417250
[iter=25725] rollout_mean_bb=3.2509 policy_loss=-0.007979 value_loss=0.358606
[iter=25730] rollout_mean_bb=3.7971 policy_loss=-0.014353 value_loss=0.367763
[iter=25735] rollout_mean_bb=3.3363 policy_loss=-0.000673 value_loss=0.360254
[iter=25740] rollout_mean_bb=1.1733 policy_loss=0.018333 value_loss=0.399899
[iter=25745] rollout_mean_bb=-0.3911 policy_loss=-0.015993 value_loss=0.432044
[iter=25750] rollout_mean_bb=2.2787 policy_loss=-0.027564 value_loss=0.383220
[iter=25755] rollout_mean_bb=3.0927 policy_loss=-0.012725 value_loss=0.318541
[iter=25760] rollout_mean_bb=-0.2429 policy_loss=-0.048270 value_loss=0.406861
[iter=25765] rollout_mean_bb=-0.4272 policy_loss=-0.024447 value_loss=0.347501
[iter=25770] rollout_mean_bb=-0.2461 policy_loss=-0.008132 value_loss=0.407997
[iter=25775] rollout_mean_bb=2.2434 policy_loss=0.003085 value_loss=0.370943
[iter=25780] rollout_mean_bb=3.4434 policy_loss=0.002977 value_loss=0.419779
[iter=25785] rollout_mean_bb=2.5194 policy_loss=0.004092 value_loss=0.442116
[iter=25790] rollout_mean_bb=0.5991 policy_loss=0.018165 value_loss=0.529146
[iter=25795] rollout_mean_bb=0.2339 policy_loss=0.066254 value_loss=0.590767
[iter=25800] rollout_mean_bb=3.8645 policy_loss=-0.013310 value_loss=0.504241
[iter=25805] rollout_mean_bb=-0.5106 policy_loss=-0.019320 value_loss=0.420038
[iter=25810] rollout_mean_bb=1.7763 policy_loss=-0.003949 value_loss=0.387727
[iter=25815] rollout_mean_bb=1.3273 policy_loss=0.031355 value_loss=0.485824
[iter=25820] rollout_mean_bb=0.5275 policy_loss=-0.030921 value_loss=0.372834
[iter=25825] rollout_mean_bb=1.5421 policy_loss=0.023257 value_loss=0.437301
[iter=25830] rollout_mean_bb=0.1973 policy_loss=-0.009796 value_loss=0.380652
[iter=25835] rollout_mean_bb=4.1381 policy_loss=-0.004853 value_loss=0.366881
[iter=25840] rollout_mean_bb=2.2614 policy_loss=-0.024121 value_loss=0.360849
[iter=25845] rollout_mean_bb=2.2735 policy_loss=-0.018964 value_loss=0.396391
[iter=25850] rollout_mean_bb=4.1854 policy_loss=-0.010633 value_loss=0.387799
[iter=25855] rollout_mean_bb=1.4784 policy_loss=-0.004597 value_loss=0.671354
[iter=25860] rollout_mean_bb=2.6419 policy_loss=0.015426 value_loss=0.266675
[iter=25865] rollout_mean_bb=1.7715 policy_loss=-0.053028 value_loss=0.379248
[iter=25870] rollout_mean_bb=1.3020 policy_loss=-0.011021 value_loss=0.430032
[iter=25875] rollout_mean_bb=3.0956 policy_loss=-0.015005 value_loss=0.523569
[iter=25880] rollout_mean_bb=5.0328 policy_loss=0.053508 value_loss=0.536346
[iter=25885] rollout_mean_bb=2.3742 policy_loss=-0.021049 value_loss=0.479036
[iter=25890] rollout_mean_bb=2.3491 policy_loss=-0.002101 value_loss=0.431855
[iter=25895] rollout_mean_bb=2.1576 policy_loss=0.005263 value_loss=0.518010
[iter=25900] rollout_mean_bb=3.4474 policy_loss=0.027824 value_loss=0.501223
[iter=25905] rollout_mean_bb=3.9246 policy_loss=-0.007715 value_loss=0.420391
[iter=25910] rollout_mean_bb=-0.5926 policy_loss=-0.007384 value_loss=0.496530
[iter=25915] rollout_mean_bb=1.6230 policy_loss=0.002671 value_loss=0.461510
[iter=25920] rollout_mean_bb=-0.4230 policy_loss=-0.027222 value_loss=0.509236
[iter=25925] rollout_mean_bb=-0.3243 policy_loss=-0.005798 value_loss=0.365749
[iter=25930] rollout_mean_bb=2.6278 policy_loss=0.007237 value_loss=0.508053
[iter=25935] rollout_mean_bb=0.9576 policy_loss=-0.125740 value_loss=0.535397
[iter=25940] rollout_mean_bb=1.7222 policy_loss=-0.006200 value_loss=0.318996
[iter=25945] rollout_mean_bb=1.0629 policy_loss=0.005431 value_loss=0.437205
[iter=25950] rollout_mean_bb=3.1235 policy_loss=-0.009806 value_loss=0.345248
[iter=25955] rollout_mean_bb=2.2208 policy_loss=-0.094890 value_loss=0.238319
[iter=25960] rollout_mean_bb=2.8889 policy_loss=0.018478 value_loss=0.321692
[iter=25965] rollout_mean_bb=0.3987 policy_loss=-0.011057 value_loss=0.512162
[iter=25970] rollout_mean_bb=2.5114 policy_loss=-0.010044 value_loss=0.352246
[iter=25975] rollout_mean_bb=3.1088 policy_loss=0.007419 value_loss=0.438483
[iter=25980] rollout_mean_bb=1.8761 policy_loss=0.051748 value_loss=0.461767
[iter=25985] rollout_mean_bb=2.7174 policy_loss=-0.004624 value_loss=0.492581
[iter=25990] rollout_mean_bb=3.3494 policy_loss=0.045412 value_loss=0.500472
[iter=25995] rollout_mean_bb=0.4241 policy_loss=-0.013855 value_loss=0.398427
[iter=26000] rollout_mean_bb=-0.0748 policy_loss=0.007216 value_loss=0.478744
[iter=26005] rollout_mean_bb=2.3692 policy_loss=0.017467 value_loss=0.394785
[iter=26010] rollout_mean_bb=0.0767 policy_loss=-0.017506 value_loss=0.519444
[iter=26015] rollout_mean_bb=0.1542 policy_loss=-0.008553 value_loss=0.381343
[iter=26020] rollout_mean_bb=1.9303 policy_loss=-0.107196 value_loss=0.439035
[iter=26025] rollout_mean_bb=1.9504 policy_loss=0.079368 value_loss=0.495344
[iter=26030] rollout_mean_bb=5.1258 policy_loss=0.038649 value_loss=0.355617
[iter=26035] rollout_mean_bb=2.9790 policy_loss=-0.003184 value_loss=0.456487
[iter=26040] rollout_mean_bb=1.8399 policy_loss=-0.018148 value_loss=0.518052
[iter=26045] rollout_mean_bb=1.3665 policy_loss=-0.138645 value_loss=0.647860
[iter=26050] rollout_mean_bb=1.4948 policy_loss=-0.006331 value_loss=0.459118
[iter=26055] rollout_mean_bb=-1.0662 policy_loss=-0.025041 value_loss=0.380827
[iter=26060] rollout_mean_bb=0.8119 policy_loss=-0.022423 value_loss=0.365283
[iter=26065] rollout_mean_bb=1.5106 policy_loss=0.001246 value_loss=0.415959
[iter=26070] rollout_mean_bb=1.6744 policy_loss=-0.010401 value_loss=0.440016
[iter=26075] rollout_mean_bb=2.8657 policy_loss=-0.065106 value_loss=0.644331
[iter=26080] rollout_mean_bb=1.0303 policy_loss=-0.016949 value_loss=0.378079
[iter=26085] rollout_mean_bb=1.3147 policy_loss=0.024483 value_loss=0.571628
[iter=26090] rollout_mean_bb=4.4022 policy_loss=0.001335 value_loss=0.562318
[iter=26095] rollout_mean_bb=0.1802 policy_loss=-0.013866 value_loss=0.399350
[iter=26100] rollout_mean_bb=-0.2635 policy_loss=-0.004897 value_loss=0.461372
[iter=26105] rollout_mean_bb=-0.7880 policy_loss=-0.001121 value_loss=0.412078
[iter=26110] rollout_mean_bb=0.8904 policy_loss=0.001474 value_loss=0.462411
[iter=26115] rollout_mean_bb=1.7364 policy_loss=0.073036 value_loss=0.509185
[iter=26120] rollout_mean_bb=0.0151 policy_loss=-0.032393 value_loss=0.386604
[iter=26125] rollout_mean_bb=0.0645 policy_loss=0.065623 value_loss=0.414400
[iter=26130] rollout_mean_bb=1.6488 policy_loss=-0.041562 value_loss=0.395934
[iter=26135] rollout_mean_bb=1.6597 policy_loss=-0.313033 value_loss=0.837920
[iter=26140] rollout_mean_bb=-0.0018 policy_loss=-0.017441 value_loss=0.525269
[iter=26145] rollout_mean_bb=1.2272 policy_loss=-0.136517 value_loss=0.621345
[iter=26150] rollout_mean_bb=1.9807 policy_loss=-0.009325 value_loss=0.457074
[iter=26155] rollout_mean_bb=0.8152 policy_loss=-0.017663 value_loss=0.365903
[iter=26160] rollout_mean_bb=2.3539 policy_loss=-0.006584 value_loss=0.405811
[iter=26165] rollout_mean_bb=-0.2868 policy_loss=0.002139 value_loss=0.490731
[iter=26170] rollout_mean_bb=2.8600 policy_loss=-0.010311 value_loss=0.402495
[iter=26175] rollout_mean_bb=4.2760 policy_loss=0.048245 value_loss=0.439440
[iter=26180] rollout_mean_bb=4.2809 policy_loss=-0.020063 value_loss=0.330939
[iter=26185] rollout_mean_bb=1.1866 policy_loss=-0.016576 value_loss=0.350757
[iter=26190] rollout_mean_bb=2.5451 policy_loss=-0.029434 value_loss=0.360549
[iter=26195] rollout_mean_bb=2.5878 policy_loss=0.011883 value_loss=0.273311
[iter=26200] rollout_mean_bb=4.2429 policy_loss=0.016151 value_loss=0.388709
[iter=26205] rollout_mean_bb=0.6094 policy_loss=0.007574 value_loss=0.220874
[iter=26210] rollout_mean_bb=2.3600 policy_loss=-0.038309 value_loss=0.266619
[iter=26215] rollout_mean_bb=3.0865 policy_loss=-0.007576 value_loss=0.395666
[iter=26220] rollout_mean_bb=1.3475 policy_loss=-0.030114 value_loss=0.430984
[iter=26225] rollout_mean_bb=0.1616 policy_loss=-0.073690 value_loss=0.429500
[iter=26230] rollout_mean_bb=2.4671 policy_loss=-0.010103 value_loss=0.300500
[iter=26235] rollout_mean_bb=1.7230 policy_loss=-0.121809 value_loss=0.585094
[iter=26240] rollout_mean_bb=2.0938 policy_loss=-0.021371 value_loss=0.325873
[iter=26245] rollout_mean_bb=1.5751 policy_loss=-0.010309 value_loss=0.340959
[iter=26250] rollout_mean_bb=2.2500 policy_loss=-0.021906 value_loss=0.437152
[iter=26255] rollout_mean_bb=-1.0395 policy_loss=-0.014081 value_loss=0.380766
[iter=26260] rollout_mean_bb=1.9333 policy_loss=-0.067381 value_loss=0.280067
[iter=26265] rollout_mean_bb=0.3324 policy_loss=-0.004710 value_loss=0.374175
[iter=26270] rollout_mean_bb=1.4486 policy_loss=-0.026746 value_loss=0.307605
[iter=26275] rollout_mean_bb=0.2040 policy_loss=-0.025970 value_loss=0.200613
[iter=26280] rollout_mean_bb=2.9483 policy_loss=-0.007438 value_loss=0.389347
[iter=26285] rollout_mean_bb=2.0180 policy_loss=-0.004793 value_loss=0.490897
[iter=26290] rollout_mean_bb=2.0128 policy_loss=-0.011799 value_loss=0.394230
[iter=26295] rollout_mean_bb=-0.2620 policy_loss=-0.013678 value_loss=0.394101
[iter=26300] rollout_mean_bb=1.3771 policy_loss=-0.018957 value_loss=0.626584
[iter=26305] rollout_mean_bb=1.3968 policy_loss=0.002535 value_loss=0.287860
[iter=26310] rollout_mean_bb=2.1343 policy_loss=0.026210 value_loss=0.440629
[iter=26315] rollout_mean_bb=1.6472 policy_loss=-0.011798 value_loss=0.384589
[iter=26320] rollout_mean_bb=-0.2222 policy_loss=0.012163 value_loss=0.442688
[iter=26325] rollout_mean_bb=0.9276 policy_loss=0.648538 value_loss=1.235315
[iter=26330] rollout_mean_bb=2.5909 policy_loss=0.012593 value_loss=0.472272
[iter=26335] rollout_mean_bb=-0.8179 policy_loss=-0.046277 value_loss=0.449976
[iter=26340] rollout_mean_bb=3.7023 policy_loss=-0.001403 value_loss=0.325940
[iter=26345] rollout_mean_bb=-1.5096 policy_loss=-0.023051 value_loss=0.313047
[iter=26350] rollout_mean_bb=2.4180 policy_loss=-0.041673 value_loss=0.414918
[iter=26355] rollout_mean_bb=4.7145 policy_loss=0.021190 value_loss=0.447437
[iter=26360] rollout_mean_bb=-0.4563 policy_loss=0.012051 value_loss=0.423941
[iter=26365] rollout_mean_bb=1.5624 policy_loss=-0.085463 value_loss=0.254411
[iter=26370] rollout_mean_bb=0.4782 policy_loss=-0.013445 value_loss=0.353370
[iter=26375] rollout_mean_bb=0.0722 policy_loss=-0.010659 value_loss=0.310551
[iter=26380] rollout_mean_bb=2.4710 policy_loss=-0.020686 value_loss=0.321885
[iter=26385] rollout_mean_bb=2.5268 policy_loss=0.019362 value_loss=0.459437
[iter=26390] rollout_mean_bb=2.3534 policy_loss=-0.006972 value_loss=0.365594
[iter=26395] rollout_mean_bb=1.4188 policy_loss=-0.009601 value_loss=0.411266
[iter=26400] rollout_mean_bb=0.7936 policy_loss=-0.011820 value_loss=0.445005
[iter=26405] rollout_mean_bb=1.6817 policy_loss=-0.014717 value_loss=0.400842
[iter=26410] rollout_mean_bb=0.9280 policy_loss=-0.016575 value_loss=0.350275
[iter=26415] rollout_mean_bb=1.5521 policy_loss=0.017417 value_loss=0.361546
[iter=26420] rollout_mean_bb=-0.9709 policy_loss=-0.008705 value_loss=0.470500
[iter=26425] rollout_mean_bb=1.0877 policy_loss=0.013870 value_loss=0.397132
[iter=26430] rollout_mean_bb=3.2971 policy_loss=-0.062960 value_loss=0.361185
[iter=26435] rollout_mean_bb=1.5910 policy_loss=-0.015628 value_loss=0.335090
[iter=26440] rollout_mean_bb=2.7417 policy_loss=-0.008051 value_loss=0.271987
[iter=26445] rollout_mean_bb=3.1137 policy_loss=-0.013130 value_loss=0.325137
[iter=26450] rollout_mean_bb=0.5426 policy_loss=0.012007 value_loss=0.306754
[iter=26455] rollout_mean_bb=2.1204 policy_loss=0.063509 value_loss=0.271971
[iter=26460] rollout_mean_bb=-2.0926 policy_loss=-0.004446 value_loss=0.364192
[iter=26465] rollout_mean_bb=2.4599 policy_loss=0.000812 value_loss=0.400456
[iter=26470] rollout_mean_bb=4.8217 policy_loss=0.046280 value_loss=0.430243
[iter=26475] rollout_mean_bb=2.2547 policy_loss=-0.000488 value_loss=0.352331
[iter=26480] rollout_mean_bb=1.3857 policy_loss=-0.097571 value_loss=0.487978
[iter=26485] rollout_mean_bb=2.3280 policy_loss=-0.007608 value_loss=0.318534
[iter=26490] rollout_mean_bb=1.1970 policy_loss=-0.034366 value_loss=0.320421
[iter=26495] rollout_mean_bb=1.7098 policy_loss=-0.022632 value_loss=0.349001
[iter=26500] rollout_mean_bb=1.5303 policy_loss=-0.002583 value_loss=0.546873
[iter=26505] rollout_mean_bb=3.8742 policy_loss=-0.027139 value_loss=0.348128
[iter=26510] rollout_mean_bb=2.4959 policy_loss=-0.010579 value_loss=0.253523
[iter=26515] rollout_mean_bb=4.6912 policy_loss=-0.008591 value_loss=0.463117
[iter=26520] rollout_mean_bb=1.2748 policy_loss=-0.013975 value_loss=0.352745
[iter=26525] rollout_mean_bb=0.8191 policy_loss=-0.014734 value_loss=0.413662
[iter=26530] rollout_mean_bb=2.3460 policy_loss=-0.043236 value_loss=0.530001
[iter=26535] rollout_mean_bb=0.4260 policy_loss=-0.001436 value_loss=0.342381
[iter=26540] rollout_mean_bb=2.2522 policy_loss=-0.009237 value_loss=0.241716
[iter=26545] rollout_mean_bb=1.8749 policy_loss=-0.015044 value_loss=0.283981
[iter=26550] rollout_mean_bb=5.9425 policy_loss=0.071994 value_loss=0.279721
[iter=26555] rollout_mean_bb=0.6564 policy_loss=-0.012279 value_loss=0.442914
[iter=26560] rollout_mean_bb=1.6734 policy_loss=-0.091197 value_loss=0.386878
[iter=26565] rollout_mean_bb=1.4376 policy_loss=-0.023196 value_loss=0.448788
[iter=26570] rollout_mean_bb=1.9894 policy_loss=-0.018226 value_loss=0.414084
[iter=26575] rollout_mean_bb=1.2994 policy_loss=-0.009751 value_loss=0.308359
[iter=26580] rollout_mean_bb=-0.4542 policy_loss=-0.032043 value_loss=0.289548
[iter=26585] rollout_mean_bb=2.4546 policy_loss=-0.001078 value_loss=0.381198
[iter=26590] rollout_mean_bb=1.9271 policy_loss=0.022057 value_loss=0.409617
[iter=26595] rollout_mean_bb=1.1716 policy_loss=0.007345 value_loss=0.411389
[iter=26600] rollout_mean_bb=1.4184 policy_loss=0.017089 value_loss=0.369699
[iter=26605] rollout_mean_bb=0.1072 policy_loss=-0.022854 value_loss=0.398669
[iter=26610] rollout_mean_bb=0.9271 policy_loss=-0.005476 value_loss=0.399221
[iter=26615] rollout_mean_bb=1.0109 policy_loss=-0.014493 value_loss=0.299909
[iter=26620] rollout_mean_bb=3.7392 policy_loss=-0.071934 value_loss=0.466566
[iter=26625] rollout_mean_bb=3.1437 policy_loss=0.022854 value_loss=0.331590
[iter=26630] rollout_mean_bb=1.7934 policy_loss=-0.013979 value_loss=0.403776
[iter=26635] rollout_mean_bb=1.8489 policy_loss=0.022448 value_loss=0.342931
[iter=26640] rollout_mean_bb=2.4718 policy_loss=-0.026834 value_loss=0.380096
[iter=26645] rollout_mean_bb=1.6705 policy_loss=-0.032156 value_loss=0.471421
[iter=26650] rollout_mean_bb=1.1391 policy_loss=0.034570 value_loss=0.318705
[iter=26655] rollout_mean_bb=1.5626 policy_loss=0.013488 value_loss=0.419637
[iter=26660] rollout_mean_bb=1.9054 policy_loss=-0.003811 value_loss=0.305187
[iter=26665] rollout_mean_bb=3.8724 policy_loss=-0.020748 value_loss=0.462748
[iter=26670] rollout_mean_bb=1.9902 policy_loss=0.028410 value_loss=0.447857
[iter=26675] rollout_mean_bb=0.3692 policy_loss=-0.012042 value_loss=0.370012
[iter=26680] rollout_mean_bb=-0.0235 policy_loss=0.158033 value_loss=0.482555
[iter=26685] rollout_mean_bb=2.2991 policy_loss=0.058578 value_loss=0.395656
[iter=26690] rollout_mean_bb=3.2231 policy_loss=-0.142007 value_loss=0.379445
[iter=26695] rollout_mean_bb=1.6653 policy_loss=-0.051480 value_loss=0.318310
[iter=26700] rollout_mean_bb=2.7127 policy_loss=0.011692 value_loss=0.505851
[iter=26705] rollout_mean_bb=2.1837 policy_loss=-0.028970 value_loss=0.398086
[iter=26710] rollout_mean_bb=0.8762 policy_loss=-0.009651 value_loss=0.415357
[iter=26715] rollout_mean_bb=1.8216 policy_loss=-0.022756 value_loss=0.380941
[iter=26720] rollout_mean_bb=2.3631 policy_loss=-0.025727 value_loss=0.311780
[iter=26725] rollout_mean_bb=1.8974 policy_loss=-0.000353 value_loss=0.454617
[iter=26730] rollout_mean_bb=-0.2209 policy_loss=-0.017932 value_loss=0.346939
[iter=26735] rollout_mean_bb=0.6815 policy_loss=-0.010388 value_loss=0.330619
[iter=26740] rollout_mean_bb=1.3810 policy_loss=-0.065476 value_loss=0.264437
[iter=26745] rollout_mean_bb=1.3987 policy_loss=-0.014847 value_loss=0.323771
[iter=26750] rollout_mean_bb=2.2407 policy_loss=-0.036289 value_loss=0.368204
[iter=26755] rollout_mean_bb=1.2702 policy_loss=-0.005455 value_loss=0.383149
[iter=26760] rollout_mean_bb=3.6536 policy_loss=-0.116915 value_loss=0.568410
[iter=26765] rollout_mean_bb=2.9159 policy_loss=-0.030918 value_loss=0.411319
[iter=26770] rollout_mean_bb=1.0618 policy_loss=0.003656 value_loss=0.374714
[iter=26775] rollout_mean_bb=1.8208 policy_loss=-0.048203 value_loss=0.529040
[iter=26780] rollout_mean_bb=0.2655 policy_loss=-0.000597 value_loss=0.444344
[iter=26785] rollout_mean_bb=4.2159 policy_loss=-0.006837 value_loss=0.385782
[iter=26790] rollout_mean_bb=0.9168 policy_loss=-0.033478 value_loss=0.361960
[iter=26795] rollout_mean_bb=2.7843 policy_loss=-0.005882 value_loss=0.335103
[iter=26800] rollout_mean_bb=1.8557 policy_loss=0.006194 value_loss=0.337461
[iter=26805] rollout_mean_bb=0.8363 policy_loss=0.012588 value_loss=0.482618
[iter=26810] rollout_mean_bb=1.3874 policy_loss=-0.154851 value_loss=0.407595
[iter=26815] rollout_mean_bb=2.2159 policy_loss=-0.045744 value_loss=0.348916
[iter=26820] rollout_mean_bb=3.4789 policy_loss=0.042923 value_loss=0.435568
[iter=26825] rollout_mean_bb=0.4217 policy_loss=-0.039889 value_loss=0.297513
[iter=26830] rollout_mean_bb=1.4785 policy_loss=0.143144 value_loss=0.503230
[iter=26835] rollout_mean_bb=-0.1045 policy_loss=0.035696 value_loss=0.511470
[iter=26840] rollout_mean_bb=3.4861 policy_loss=-0.010139 value_loss=0.341720
[iter=26845] rollout_mean_bb=0.7736 policy_loss=0.000856 value_loss=0.391499
[iter=26850] rollout_mean_bb=1.1855 policy_loss=-0.004879 value_loss=0.368951
[iter=26855] rollout_mean_bb=2.1975 policy_loss=-0.003120 value_loss=0.500538
[iter=26860] rollout_mean_bb=1.2626 policy_loss=-0.120681 value_loss=0.604784
[iter=26865] rollout_mean_bb=2.6855 policy_loss=-0.035231 value_loss=0.438951
[iter=26870] rollout_mean_bb=-0.0316 policy_loss=0.012922 value_loss=0.561876
[iter=26875] rollout_mean_bb=1.0831 policy_loss=-0.105726 value_loss=0.362176
[iter=26880] rollout_mean_bb=2.2280 policy_loss=-0.052841 value_loss=0.279286
[iter=26885] rollout_mean_bb=1.3477 policy_loss=-0.011915 value_loss=0.408320
[iter=26890] rollout_mean_bb=3.5545 policy_loss=-0.005825 value_loss=0.357787
[iter=26895] rollout_mean_bb=2.7229 policy_loss=-0.027156 value_loss=0.444243
[iter=26900] rollout_mean_bb=0.2154 policy_loss=0.010063 value_loss=0.429439
[iter=26905] rollout_mean_bb=0.9002 policy_loss=-0.000500 value_loss=0.365753
[iter=26910] rollout_mean_bb=4.3362 policy_loss=0.002281 value_loss=0.441726
[iter=26915] rollout_mean_bb=3.3272 policy_loss=0.049103 value_loss=0.335206
[iter=26920] rollout_mean_bb=0.9727 policy_loss=-0.003641 value_loss=0.366527
[iter=26925] rollout_mean_bb=3.8438 policy_loss=-0.008023 value_loss=0.427820
[iter=26930] rollout_mean_bb=0.0183 policy_loss=-0.011770 value_loss=0.494333
[iter=26935] rollout_mean_bb=3.4302 policy_loss=-0.003066 value_loss=0.433751
[iter=26940] rollout_mean_bb=1.4856 policy_loss=-0.036210 value_loss=0.369408
[iter=26945] rollout_mean_bb=0.9575 policy_loss=-0.042031 value_loss=0.256041
[iter=26950] rollout_mean_bb=1.7472 policy_loss=-0.048213 value_loss=0.485133
[iter=26955] rollout_mean_bb=2.7639 policy_loss=-0.015309 value_loss=0.375305
[iter=26960] rollout_mean_bb=3.3207 policy_loss=0.005698 value_loss=0.258541
[iter=26965] rollout_mean_bb=-0.1325 policy_loss=-0.025124 value_loss=0.330249
[iter=26970] rollout_mean_bb=2.7238 policy_loss=-0.014027 value_loss=0.428250
[iter=26975] rollout_mean_bb=0.3134 policy_loss=-0.030152 value_loss=0.334346
[iter=26980] rollout_mean_bb=3.1476 policy_loss=-0.013105 value_loss=0.307872
[iter=26985] rollout_mean_bb=-0.5647 policy_loss=-0.027505 value_loss=0.373399
[iter=26990] rollout_mean_bb=1.3169 policy_loss=0.004306 value_loss=0.285949
[iter=26995] rollout_mean_bb=0.0264 policy_loss=-0.036807 value_loss=0.442222
[iter=27000] rollout_mean_bb=0.3093 policy_loss=-0.015892 value_loss=0.284141
[iter=27005] rollout_mean_bb=4.2007 policy_loss=0.011178 value_loss=0.313157
[iter=27010] rollout_mean_bb=0.2178 policy_loss=-0.007852 value_loss=0.447113
[iter=27015] rollout_mean_bb=1.8767 policy_loss=0.004462 value_loss=0.402024
[iter=27020] rollout_mean_bb=3.0066 policy_loss=-0.004974 value_loss=0.367612
[iter=27025] rollout_mean_bb=1.8911 policy_loss=-0.015661 value_loss=0.468501
[iter=27030] rollout_mean_bb=1.4537 policy_loss=-0.047738 value_loss=0.362400
[iter=27035] rollout_mean_bb=2.4312 policy_loss=0.022108 value_loss=0.483627
[iter=27040] rollout_mean_bb=4.0271 policy_loss=-0.057381 value_loss=0.368768
[iter=27045] rollout_mean_bb=1.3777 policy_loss=-0.006330 value_loss=0.312236
[iter=27050] rollout_mean_bb=4.0428 policy_loss=-0.001666 value_loss=0.457522
[iter=27055] rollout_mean_bb=1.8276 policy_loss=-0.005063 value_loss=0.500706
[iter=27060] rollout_mean_bb=2.8040 policy_loss=-0.044991 value_loss=0.447656
[iter=27065] rollout_mean_bb=4.1821 policy_loss=-0.071306 value_loss=0.389984
[iter=27070] rollout_mean_bb=3.4294 policy_loss=-0.035091 value_loss=0.275187
[iter=27075] rollout_mean_bb=2.3454 policy_loss=-0.018633 value_loss=0.418608
[iter=27080] rollout_mean_bb=1.1919 policy_loss=0.002668 value_loss=0.405792
[iter=27085] rollout_mean_bb=2.6309 policy_loss=-0.121095 value_loss=0.326807
[iter=27090] rollout_mean_bb=0.9846 policy_loss=-0.077438 value_loss=0.206658
[iter=27095] rollout_mean_bb=0.8630 policy_loss=-0.031654 value_loss=0.365758
[iter=27100] rollout_mean_bb=1.7636 policy_loss=-0.048759 value_loss=0.402933
[iter=27105] rollout_mean_bb=3.5930 policy_loss=-0.009515 value_loss=0.274602
[iter=27110] rollout_mean_bb=-1.4055 policy_loss=-0.019786 value_loss=0.419265
[iter=27115] rollout_mean_bb=3.8555 policy_loss=-0.021533 value_loss=0.447832
[iter=27120] rollout_mean_bb=0.8045 policy_loss=-0.014571 value_loss=0.330612
[iter=27125] rollout_mean_bb=1.0193 policy_loss=-0.008700 value_loss=0.422303
[iter=27130] rollout_mean_bb=2.1948 policy_loss=-0.013731 value_loss=0.402217
[iter=27135] rollout_mean_bb=1.6153 policy_loss=0.060484 value_loss=0.401320
[iter=27140] rollout_mean_bb=2.4384 policy_loss=-0.071529 value_loss=0.384589
[iter=27145] rollout_mean_bb=0.7268 policy_loss=0.005632 value_loss=0.444457
[iter=27150] rollout_mean_bb=3.1320 policy_loss=-0.069224 value_loss=0.436488
[iter=27155] rollout_mean_bb=2.0653 policy_loss=-0.010107 value_loss=0.349088
[iter=27160] rollout_mean_bb=3.1008 policy_loss=-0.083289 value_loss=0.408204
[iter=27165] rollout_mean_bb=1.0612 policy_loss=-0.014661 value_loss=0.279646
[iter=27170] rollout_mean_bb=2.3246 policy_loss=-0.070435 value_loss=0.385691
[iter=27175] rollout_mean_bb=4.1762 policy_loss=-0.024847 value_loss=0.534975
[iter=27180] rollout_mean_bb=2.6378 policy_loss=-0.054780 value_loss=0.249488
[iter=27185] rollout_mean_bb=0.6582 policy_loss=-0.015689 value_loss=0.304869
[iter=27190] rollout_mean_bb=0.1459 policy_loss=0.075857 value_loss=0.408215
[iter=27195] rollout_mean_bb=1.3146 policy_loss=-0.064048 value_loss=0.373920
[iter=27200] rollout_mean_bb=2.3536 policy_loss=0.010941 value_loss=0.348020
[iter=27205] rollout_mean_bb=0.4362 policy_loss=0.060845 value_loss=0.374751
[iter=27210] rollout_mean_bb=1.6472 policy_loss=-0.011149 value_loss=0.278218
[iter=27215] rollout_mean_bb=-0.3575 policy_loss=-0.020580 value_loss=0.243469
[iter=27220] rollout_mean_bb=1.8693 policy_loss=-0.008557 value_loss=0.442021
[iter=27225] rollout_mean_bb=-0.4075 policy_loss=-0.105142 value_loss=0.347210
[iter=27230] rollout_mean_bb=2.5428 policy_loss=0.004135 value_loss=0.465521
[iter=27235] rollout_mean_bb=1.1023 policy_loss=-0.006096 value_loss=0.282618
[iter=27240] rollout_mean_bb=0.9964 policy_loss=-0.049540 value_loss=0.346269
[iter=27245] rollout_mean_bb=0.2053 policy_loss=-0.009157 value_loss=0.366914
[iter=27250] rollout_mean_bb=1.9983 policy_loss=-0.052241 value_loss=0.373924
[iter=27255] rollout_mean_bb=0.5105 policy_loss=0.027822 value_loss=0.412115
[iter=27260] rollout_mean_bb=2.6886 policy_loss=0.022707 value_loss=0.338452
[iter=27265] rollout_mean_bb=1.2511 policy_loss=0.003538 value_loss=0.319610
[iter=27270] rollout_mean_bb=0.9618 policy_loss=-0.084481 value_loss=0.399575
[iter=27275] rollout_mean_bb=1.3844 policy_loss=-0.006313 value_loss=0.379920
[iter=27280] rollout_mean_bb=1.2871 policy_loss=-0.008308 value_loss=0.254273
[iter=27285] rollout_mean_bb=0.6727 policy_loss=-0.009470 value_loss=0.418453
[iter=27290] rollout_mean_bb=3.3979 policy_loss=-0.004436 value_loss=0.460592
[iter=27295] rollout_mean_bb=3.5616 policy_loss=-0.002095 value_loss=0.363711
[iter=27300] rollout_mean_bb=1.5110 policy_loss=-0.013182 value_loss=0.424675
[iter=27305] rollout_mean_bb=0.6408 policy_loss=-0.003130 value_loss=0.463965
[iter=27310] rollout_mean_bb=1.6166 policy_loss=-0.019559 value_loss=0.331305
[iter=27315] rollout_mean_bb=2.3045 policy_loss=-0.022762 value_loss=0.333544
[iter=27320] rollout_mean_bb=1.2549 policy_loss=-0.017171 value_loss=0.386680
[iter=27325] rollout_mean_bb=-0.5787 policy_loss=-0.031522 value_loss=0.420997
[iter=27330] rollout_mean_bb=2.8672 policy_loss=-0.010855 value_loss=0.316087
[iter=27335] rollout_mean_bb=0.5023 policy_loss=0.021152 value_loss=0.366045
[iter=27340] rollout_mean_bb=1.6899 policy_loss=0.002780 value_loss=0.317810
[iter=27345] rollout_mean_bb=2.1917 policy_loss=0.028425 value_loss=0.418751
[iter=27350] rollout_mean_bb=2.2912 policy_loss=-0.017991 value_loss=0.432775
[iter=27355] rollout_mean_bb=1.2169 policy_loss=-0.041210 value_loss=0.373308
[iter=27360] rollout_mean_bb=1.5487 policy_loss=-0.037841 value_loss=0.579007
[iter=27365] rollout_mean_bb=1.9022 policy_loss=-0.004787 value_loss=0.507579
[iter=27370] rollout_mean_bb=2.7795 policy_loss=-0.004535 value_loss=0.440812
[iter=27375] rollout_mean_bb=2.4586 policy_loss=-0.011627 value_loss=0.404327
[iter=27380] rollout_mean_bb=0.9402 policy_loss=0.001714 value_loss=0.460816
[iter=27385] rollout_mean_bb=0.8214 policy_loss=-0.086003 value_loss=0.375416
[iter=27390] rollout_mean_bb=2.5375 policy_loss=-0.010351 value_loss=0.309278
[iter=27395] rollout_mean_bb=1.1990 policy_loss=-0.015498 value_loss=0.376812
[iter=27400] rollout_mean_bb=0.4989 policy_loss=-0.014058 value_loss=0.264369
[iter=27405] rollout_mean_bb=2.2845 policy_loss=-0.020192 value_loss=0.410799
[iter=27410] rollout_mean_bb=-0.3968 policy_loss=-0.014278 value_loss=0.351045
[iter=27415] rollout_mean_bb=-1.4842 policy_loss=-0.021808 value_loss=0.464933
[iter=27420] rollout_mean_bb=-0.0567 policy_loss=-0.014033 value_loss=0.424839
[iter=27425] rollout_mean_bb=0.4829 policy_loss=-0.072825 value_loss=0.398722
[iter=27430] rollout_mean_bb=0.7977 policy_loss=0.027300 value_loss=0.379149
[iter=27435] rollout_mean_bb=2.3800 policy_loss=0.002100 value_loss=0.382796
[iter=27440] rollout_mean_bb=0.7363 policy_loss=-0.052904 value_loss=0.231295
[iter=27445] rollout_mean_bb=0.5723 policy_loss=-0.005965 value_loss=0.436880
[iter=27450] rollout_mean_bb=0.6506 policy_loss=-0.021827 value_loss=0.385552
[iter=27455] rollout_mean_bb=-0.4329 policy_loss=-0.014521 value_loss=0.385665
[iter=27460] rollout_mean_bb=0.3093 policy_loss=-0.015766 value_loss=0.382230
[iter=27465] rollout_mean_bb=2.9650 policy_loss=-0.014843 value_loss=0.383152
[iter=27470] rollout_mean_bb=2.6932 policy_loss=-0.033029 value_loss=0.318832
[iter=27475] rollout_mean_bb=-0.4542 policy_loss=-0.036508 value_loss=0.481827
[iter=27480] rollout_mean_bb=0.8416 policy_loss=-0.004563 value_loss=0.440856
[iter=27485] rollout_mean_bb=-0.3076 policy_loss=0.010500 value_loss=0.440289
[iter=27490] rollout_mean_bb=-0.0209 policy_loss=-0.012889 value_loss=0.369871
[iter=27495] rollout_mean_bb=1.0550 policy_loss=-0.046888 value_loss=0.308180
[iter=27500] rollout_mean_bb=2.0926 policy_loss=-0.013419 value_loss=0.319546
[iter=27505] rollout_mean_bb=2.3601 policy_loss=-0.008527 value_loss=0.362372
[iter=27510] rollout_mean_bb=2.8284 policy_loss=0.352024 value_loss=0.899171
[iter=27515] rollout_mean_bb=2.4366 policy_loss=-0.030513 value_loss=0.415786
[iter=27520] rollout_mean_bb=0.3856 policy_loss=0.008878 value_loss=0.511116
[iter=27525] rollout_mean_bb=1.0230 policy_loss=-0.012655 value_loss=0.461246
[iter=27530] rollout_mean_bb=1.0958 policy_loss=-0.033724 value_loss=0.370141
[iter=27535] rollout_mean_bb=1.9185 policy_loss=-0.000207 value_loss=0.566053
[iter=27540] rollout_mean_bb=0.2978 policy_loss=-0.030454 value_loss=0.311427
[iter=27545] rollout_mean_bb=1.6963 policy_loss=0.043489 value_loss=0.285418
[iter=27550] rollout_mean_bb=0.4882 policy_loss=-0.001138 value_loss=0.421925
[iter=27555] rollout_mean_bb=1.2226 policy_loss=0.008117 value_loss=0.378076
[iter=27560] rollout_mean_bb=2.6163 policy_loss=0.006393 value_loss=0.435367
[iter=27565] rollout_mean_bb=2.7275 policy_loss=0.000098 value_loss=0.499890
[iter=27570] rollout_mean_bb=-0.4111 policy_loss=-0.002970 value_loss=0.500673
[iter=27575] rollout_mean_bb=0.6423 policy_loss=-0.034226 value_loss=0.477449
[iter=27580] rollout_mean_bb=0.4320 policy_loss=0.010711 value_loss=0.285907
[iter=27585] rollout_mean_bb=1.7424 policy_loss=-0.004790 value_loss=0.241065
[iter=27590] rollout_mean_bb=0.1195 policy_loss=-0.015120 value_loss=0.319724
[iter=27595] rollout_mean_bb=0.4919 policy_loss=-0.022165 value_loss=0.457637
[iter=27600] rollout_mean_bb=0.9752 policy_loss=-0.004094 value_loss=0.467351
[iter=27605] rollout_mean_bb=2.1941 policy_loss=-0.121773 value_loss=0.474288
[iter=27610] rollout_mean_bb=1.1296 policy_loss=-0.005726 value_loss=0.398340
[iter=27615] rollout_mean_bb=2.5057 policy_loss=0.102149 value_loss=0.274812
[iter=27620] rollout_mean_bb=2.2004 policy_loss=-0.003107 value_loss=0.445650
[iter=27625] rollout_mean_bb=0.5751 policy_loss=-0.022224 value_loss=0.429852
[iter=27630] rollout_mean_bb=2.1396 policy_loss=-0.013480 value_loss=0.289254
[iter=27635] rollout_mean_bb=2.4615 policy_loss=0.040428 value_loss=0.238583
[iter=27640] rollout_mean_bb=0.6573 policy_loss=-0.023591 value_loss=0.262976
[iter=27645] rollout_mean_bb=1.5855 policy_loss=0.037413 value_loss=0.452154
[iter=27650] rollout_mean_bb=4.0600 policy_loss=0.042402 value_loss=0.439173
[iter=27655] rollout_mean_bb=2.7509 policy_loss=0.067670 value_loss=0.611055
[iter=27660] rollout_mean_bb=2.0355 policy_loss=0.000013 value_loss=0.383422
[iter=27665] rollout_mean_bb=1.5767 policy_loss=-0.016054 value_loss=0.384074
[iter=27670] rollout_mean_bb=2.5792 policy_loss=0.003617 value_loss=0.365760
[iter=27675] rollout_mean_bb=2.9738 policy_loss=-0.007163 value_loss=0.336330
[iter=27680] rollout_mean_bb=1.2680 policy_loss=-0.009598 value_loss=0.333543
[iter=27685] rollout_mean_bb=0.4505 policy_loss=0.005628 value_loss=0.357796
[iter=27690] rollout_mean_bb=-0.5159 policy_loss=-0.002562 value_loss=0.516134
[iter=27695] rollout_mean_bb=1.1239 policy_loss=-0.007634 value_loss=0.323634
[iter=27700] rollout_mean_bb=1.2665 policy_loss=-0.005739 value_loss=0.378709
[iter=27705] rollout_mean_bb=2.1339 policy_loss=-0.022174 value_loss=0.489441
[iter=27710] rollout_mean_bb=1.2616 policy_loss=-0.007223 value_loss=0.405760
[iter=27715] rollout_mean_bb=1.4343 policy_loss=-0.005662 value_loss=0.411708
[iter=27720] rollout_mean_bb=2.8335 policy_loss=0.000957 value_loss=0.138624
[iter=27725] rollout_mean_bb=2.1163 policy_loss=-0.004222 value_loss=0.381697
[iter=27730] rollout_mean_bb=2.6031 policy_loss=-0.013900 value_loss=0.393797
[iter=27735] rollout_mean_bb=0.6260 policy_loss=-0.008714 value_loss=0.401742
[iter=27740] rollout_mean_bb=2.3687 policy_loss=0.001582 value_loss=0.456852
[iter=27745] rollout_mean_bb=2.6801 policy_loss=-0.014653 value_loss=0.453004
[iter=27750] rollout_mean_bb=0.6184 policy_loss=-0.133893 value_loss=0.300570
[iter=27755] rollout_mean_bb=1.9354 policy_loss=-0.010440 value_loss=0.437753
[iter=27760] rollout_mean_bb=2.1882 policy_loss=0.049558 value_loss=0.427205
[iter=27765] rollout_mean_bb=3.3863 policy_loss=0.002991 value_loss=0.418872
[iter=27770] rollout_mean_bb=2.3756 policy_loss=0.013950 value_loss=0.462366
[iter=27775] rollout_mean_bb=0.8071 policy_loss=-0.011513 value_loss=0.393343
[iter=27780] rollout_mean_bb=2.0738 policy_loss=-0.010393 value_loss=0.328109
[iter=27785] rollout_mean_bb=0.6488 policy_loss=0.030999 value_loss=0.441524
[iter=27790] rollout_mean_bb=2.1934 policy_loss=-0.005948 value_loss=0.402482
[iter=27795] rollout_mean_bb=2.8940 policy_loss=-0.002426 value_loss=0.361365
[iter=27800] rollout_mean_bb=3.5070 policy_loss=-0.002068 value_loss=0.497613
[iter=27805] rollout_mean_bb=1.9369 policy_loss=-0.010970 value_loss=0.423782
[iter=27810] rollout_mean_bb=0.9873 policy_loss=-0.007018 value_loss=0.418412
[iter=27815] rollout_mean_bb=2.1294 policy_loss=0.012786 value_loss=0.480389
[iter=27820] rollout_mean_bb=1.1061 policy_loss=-0.001636 value_loss=0.408887
[iter=27825] rollout_mean_bb=3.0000 policy_loss=0.022917 value_loss=0.410141
[iter=27830] rollout_mean_bb=2.9948 policy_loss=-0.067375 value_loss=0.332287
[iter=27835] rollout_mean_bb=3.6750 policy_loss=-0.005537 value_loss=0.372267
[iter=27840] rollout_mean_bb=2.6678 policy_loss=-0.069917 value_loss=0.482124
[iter=27845] rollout_mean_bb=0.5110 policy_loss=0.006939 value_loss=0.415193
[iter=27850] rollout_mean_bb=-0.5404 policy_loss=-0.014946 value_loss=0.350689
[iter=27855] rollout_mean_bb=-0.5463 policy_loss=0.000115 value_loss=0.501327
[iter=27860] rollout_mean_bb=3.4123 policy_loss=0.006550 value_loss=0.269102
[iter=27865] rollout_mean_bb=0.0262 policy_loss=0.009532 value_loss=0.419533
[iter=27870] rollout_mean_bb=2.0018 policy_loss=-0.034604 value_loss=0.431726
[iter=27875] rollout_mean_bb=-0.9988 policy_loss=-0.057670 value_loss=0.479179
[iter=27880] rollout_mean_bb=3.4617 policy_loss=0.007773 value_loss=0.423321
[iter=27885] rollout_mean_bb=0.8187 policy_loss=-0.005077 value_loss=0.471297
[iter=27890] rollout_mean_bb=3.8396 policy_loss=-0.014038 value_loss=0.380185
[iter=27895] rollout_mean_bb=-0.0985 policy_loss=-0.045778 value_loss=0.495987
[iter=27900] rollout_mean_bb=0.3998 policy_loss=0.131795 value_loss=0.634818
[iter=27905] rollout_mean_bb=2.2734 policy_loss=-0.106079 value_loss=0.580369
[iter=27910] rollout_mean_bb=1.6673 policy_loss=-0.012058 value_loss=0.382389
[iter=27915] rollout_mean_bb=0.7626 policy_loss=0.019196 value_loss=0.385921
[iter=27920] rollout_mean_bb=1.7169 policy_loss=0.032051 value_loss=0.269173
[iter=27925] rollout_mean_bb=1.1645 policy_loss=-0.000781 value_loss=0.409029
[iter=27930] rollout_mean_bb=1.0111 policy_loss=-0.015450 value_loss=0.260054
[iter=27935] rollout_mean_bb=1.1241 policy_loss=-0.014435 value_loss=0.382179
[iter=27940] rollout_mean_bb=0.5433 policy_loss=0.019394 value_loss=0.401442
[iter=27945] rollout_mean_bb=2.7929 policy_loss=0.002260 value_loss=0.442918
[iter=27950] rollout_mean_bb=-0.4313 policy_loss=-0.022095 value_loss=0.379985
[iter=27955] rollout_mean_bb=0.8019 policy_loss=-0.014491 value_loss=0.318502
[iter=27960] rollout_mean_bb=1.9619 policy_loss=0.002807 value_loss=0.387894
[iter=27965] rollout_mean_bb=2.0558 policy_loss=-0.007659 value_loss=0.361475
[iter=27970] rollout_mean_bb=0.1989 policy_loss=-0.016607 value_loss=0.379926
[iter=27975] rollout_mean_bb=2.3786 policy_loss=-0.002897 value_loss=0.267846
[iter=27980] rollout_mean_bb=2.7200 policy_loss=-0.014417 value_loss=0.284464
[iter=27985] rollout_mean_bb=1.1673 policy_loss=-0.007461 value_loss=0.453699
[iter=27990] rollout_mean_bb=1.4989 policy_loss=0.045690 value_loss=0.353257
[iter=27995] rollout_mean_bb=1.2994 policy_loss=-0.007116 value_loss=0.334453
[iter=28000] rollout_mean_bb=0.5533 policy_loss=-0.006523 value_loss=0.381958
[iter=28005] rollout_mean_bb=1.5224 policy_loss=0.003425 value_loss=0.393273
[iter=28010] rollout_mean_bb=1.8831 policy_loss=-0.005980 value_loss=0.442542
[iter=28015] rollout_mean_bb=0.9472 policy_loss=-0.013299 value_loss=0.370625
[iter=28020] rollout_mean_bb=4.5117 policy_loss=0.002445 value_loss=0.331561
[iter=28025] rollout_mean_bb=2.9681 policy_loss=-0.042608 value_loss=0.465513
[iter=28030] rollout_mean_bb=2.3931 policy_loss=0.003093 value_loss=0.326605
[iter=28035] rollout_mean_bb=0.8277 policy_loss=0.035424 value_loss=0.342631
[iter=28040] rollout_mean_bb=1.7869 policy_loss=-0.009137 value_loss=0.296998
[iter=28045] rollout_mean_bb=2.6681 policy_loss=0.018115 value_loss=0.455938
[iter=28050] rollout_mean_bb=5.6888 policy_loss=0.001227 value_loss=0.295779
[iter=28055] rollout_mean_bb=3.6101 policy_loss=0.011281 value_loss=0.322653
[iter=28060] rollout_mean_bb=0.4068 policy_loss=0.004897 value_loss=0.468932
[iter=28065] rollout_mean_bb=2.7312 policy_loss=-0.013865 value_loss=0.366344
[iter=28070] rollout_mean_bb=0.9692 policy_loss=0.021567 value_loss=0.474878
[iter=28075] rollout_mean_bb=1.9665 policy_loss=0.000876 value_loss=0.362382
[iter=28080] rollout_mean_bb=2.8143 policy_loss=-0.031291 value_loss=0.343850
[iter=28085] rollout_mean_bb=0.7529 policy_loss=-0.012058 value_loss=0.272657
[iter=28090] rollout_mean_bb=2.2687 policy_loss=-0.018213 value_loss=0.344961
[iter=28095] rollout_mean_bb=1.1281 policy_loss=-0.019940 value_loss=0.350180
[iter=28100] rollout_mean_bb=2.5276 policy_loss=-0.006044 value_loss=0.449868
[iter=28105] rollout_mean_bb=1.4289 policy_loss=-0.012350 value_loss=0.341503
[iter=28110] rollout_mean_bb=1.1927 policy_loss=-0.021690 value_loss=0.361103
[iter=28115] rollout_mean_bb=3.2503 policy_loss=-0.036942 value_loss=0.320972
[iter=28120] rollout_mean_bb=1.6524 policy_loss=-0.002925 value_loss=0.331771
[iter=28125] rollout_mean_bb=2.1750 policy_loss=-0.006522 value_loss=0.327401
[iter=28130] rollout_mean_bb=4.9053 policy_loss=-0.011444 value_loss=0.313531
[iter=28135] rollout_mean_bb=0.9402 policy_loss=-0.014620 value_loss=0.489563
[iter=28140] rollout_mean_bb=4.3123 policy_loss=0.001504 value_loss=0.457333
[iter=28145] rollout_mean_bb=1.3049 policy_loss=-0.030215 value_loss=0.308935
[iter=28150] rollout_mean_bb=3.3963 policy_loss=-0.055972 value_loss=0.462900
[iter=28155] rollout_mean_bb=3.9582 policy_loss=-0.012872 value_loss=0.436678
[iter=28160] rollout_mean_bb=2.4838 policy_loss=-0.017231 value_loss=0.564155
[iter=28165] rollout_mean_bb=2.8642 policy_loss=0.007245 value_loss=0.463204
[iter=28170] rollout_mean_bb=2.4566 policy_loss=-0.001412 value_loss=0.345962
[iter=28175] rollout_mean_bb=2.4023 policy_loss=-0.010883 value_loss=0.317444
[iter=28180] rollout_mean_bb=1.0777 policy_loss=-0.003415 value_loss=0.393243
[iter=28185] rollout_mean_bb=2.3294 policy_loss=-0.009354 value_loss=0.412126
[iter=28190] rollout_mean_bb=3.4915 policy_loss=-0.014821 value_loss=0.387752
[iter=28195] rollout_mean_bb=2.5177 policy_loss=-0.008572 value_loss=0.434108
[iter=28200] rollout_mean_bb=3.4865 policy_loss=0.012862 value_loss=0.455124
[iter=28205] rollout_mean_bb=1.3648 policy_loss=-0.009295 value_loss=0.482126
[iter=28210] rollout_mean_bb=1.9289 policy_loss=-0.010876 value_loss=0.374743
[iter=28215] rollout_mean_bb=1.5968 policy_loss=-0.056655 value_loss=0.527623
[iter=28220] rollout_mean_bb=1.9319 policy_loss=-0.001671 value_loss=0.366185
[iter=28225] rollout_mean_bb=-0.6900 policy_loss=-0.047179 value_loss=0.493444
[iter=28230] rollout_mean_bb=2.9672 policy_loss=0.002355 value_loss=0.474536
[iter=28235] rollout_mean_bb=0.5888 policy_loss=0.009142 value_loss=0.325291
[iter=28240] rollout_mean_bb=-2.1510 policy_loss=-0.093183 value_loss=0.644560
[iter=28245] rollout_mean_bb=-0.5443 policy_loss=-0.023041 value_loss=0.404929
[iter=28250] rollout_mean_bb=0.5325 policy_loss=-0.011726 value_loss=0.409801
[iter=28255] rollout_mean_bb=2.4070 policy_loss=-0.005439 value_loss=0.420885
[iter=28260] rollout_mean_bb=2.1496 policy_loss=-0.063679 value_loss=0.325858
[iter=28265] rollout_mean_bb=2.4114 policy_loss=-0.025901 value_loss=0.379772
[iter=28270] rollout_mean_bb=2.1918 policy_loss=-0.013787 value_loss=0.305691
[iter=28275] rollout_mean_bb=1.3194 policy_loss=0.014671 value_loss=0.462497
[iter=28280] rollout_mean_bb=1.9989 policy_loss=-0.021133 value_loss=0.518980
[iter=28285] rollout_mean_bb=2.7077 policy_loss=0.034974 value_loss=0.510064
[iter=28290] rollout_mean_bb=7.0555 policy_loss=0.093346 value_loss=0.521865
[iter=28295] rollout_mean_bb=0.5807 policy_loss=-0.022582 value_loss=0.304266
[iter=28300] rollout_mean_bb=4.6228 policy_loss=-0.001119 value_loss=0.451360
[iter=28305] rollout_mean_bb=0.8716 policy_loss=-0.010748 value_loss=0.416849
[iter=28310] rollout_mean_bb=2.4785 policy_loss=-0.003679 value_loss=0.474248
[iter=28315] rollout_mean_bb=1.1654 policy_loss=-0.017733 value_loss=0.428244
[iter=28320] rollout_mean_bb=1.7822 policy_loss=-0.007968 value_loss=0.363026
[iter=28325] rollout_mean_bb=1.2325 policy_loss=-0.008017 value_loss=0.445927
[iter=28330] rollout_mean_bb=2.4844 policy_loss=-0.011460 value_loss=0.313998
[iter=28335] rollout_mean_bb=3.4971 policy_loss=0.000762 value_loss=0.463993
[iter=28340] rollout_mean_bb=1.5619 policy_loss=-0.100433 value_loss=0.515247
[iter=28345] rollout_mean_bb=4.0405 policy_loss=-0.022420 value_loss=0.499904
[iter=28350] rollout_mean_bb=0.8221 policy_loss=-0.001712 value_loss=0.459856
[iter=28355] rollout_mean_bb=2.2878 policy_loss=-0.023370 value_loss=0.452997
[iter=28360] rollout_mean_bb=2.5138 policy_loss=0.001619 value_loss=0.382120
[iter=28365] rollout_mean_bb=3.6137 policy_loss=-0.015073 value_loss=0.400807
[iter=28370] rollout_mean_bb=0.2319 policy_loss=-0.014094 value_loss=0.485345
[iter=28375] rollout_mean_bb=0.6347 policy_loss=-0.071854 value_loss=0.279974
[iter=28380] rollout_mean_bb=-0.1080 policy_loss=-0.003560 value_loss=0.424489
[iter=28385] rollout_mean_bb=4.4426 policy_loss=-0.018170 value_loss=0.393157
[iter=28390] rollout_mean_bb=-0.3282 policy_loss=-0.005010 value_loss=0.423194
[iter=28395] rollout_mean_bb=3.3877 policy_loss=0.028019 value_loss=0.443651
[iter=28400] rollout_mean_bb=2.6835 policy_loss=-0.005540 value_loss=0.536584
[iter=28405] rollout_mean_bb=2.6497 policy_loss=-0.003981 value_loss=0.466029
[iter=28410] rollout_mean_bb=3.5186 policy_loss=0.006196 value_loss=0.377862
[iter=28415] rollout_mean_bb=1.7114 policy_loss=0.012856 value_loss=0.390840
[iter=28420] rollout_mean_bb=1.2619 policy_loss=0.065378 value_loss=0.626617
[iter=28425] rollout_mean_bb=1.8954 policy_loss=0.006226 value_loss=0.381683
[iter=28430] rollout_mean_bb=0.9885 policy_loss=-0.025007 value_loss=0.579512
[iter=28435] rollout_mean_bb=-0.2030 policy_loss=-0.009401 value_loss=0.525138
[iter=28440] rollout_mean_bb=3.4383 policy_loss=-0.004224 value_loss=0.385823
[iter=28445] rollout_mean_bb=4.0229 policy_loss=-0.023320 value_loss=0.518385
[iter=28450] rollout_mean_bb=3.3442 policy_loss=-0.003643 value_loss=0.423120
[iter=28455] rollout_mean_bb=3.2707 policy_loss=0.001894 value_loss=0.391551
[iter=28460] rollout_mean_bb=2.6876 policy_loss=-0.020183 value_loss=0.538286
[iter=28465] rollout_mean_bb=1.1408 policy_loss=0.024606 value_loss=0.397544
[iter=28470] rollout_mean_bb=0.9171 policy_loss=-0.060450 value_loss=0.438087
[iter=28475] rollout_mean_bb=1.2050 policy_loss=-0.008223 value_loss=0.376106
[iter=28480] rollout_mean_bb=3.4695 policy_loss=0.003112 value_loss=0.488962
[iter=28485] rollout_mean_bb=4.4008 policy_loss=-0.002664 value_loss=0.371689
[iter=28490] rollout_mean_bb=2.0529 policy_loss=0.089642 value_loss=0.429054
[iter=28495] rollout_mean_bb=1.4041 policy_loss=-0.058961 value_loss=0.378443
[iter=28500] rollout_mean_bb=-0.7470 policy_loss=0.018747 value_loss=0.516340
[iter=28505] rollout_mean_bb=2.2968 policy_loss=0.024665 value_loss=0.588849
[iter=28510] rollout_mean_bb=1.4308 policy_loss=-0.008825 value_loss=0.454391
[iter=28515] rollout_mean_bb=2.1999 policy_loss=-0.048024 value_loss=0.424952
[iter=28520] rollout_mean_bb=0.8916 policy_loss=-0.003672 value_loss=0.369567
[iter=28525] rollout_mean_bb=2.6028 policy_loss=-0.006035 value_loss=0.392968
[iter=28530] rollout_mean_bb=0.6968 policy_loss=-0.002764 value_loss=0.405682
[iter=28535] rollout_mean_bb=1.0966 policy_loss=-0.018253 value_loss=0.544728
[iter=28540] rollout_mean_bb=2.3375 policy_loss=0.044517 value_loss=0.493215
[iter=28545] rollout_mean_bb=2.0941 policy_loss=-0.027568 value_loss=0.457713
[iter=28550] rollout_mean_bb=3.2236 policy_loss=-0.001694 value_loss=0.407099
[iter=28555] rollout_mean_bb=2.7831 policy_loss=-0.031940 value_loss=0.339257
[iter=28560] rollout_mean_bb=-0.8778 policy_loss=-0.023850 value_loss=0.449847
[iter=28565] rollout_mean_bb=-0.3438 policy_loss=-0.082253 value_loss=0.361028
[iter=28570] rollout_mean_bb=3.0278 policy_loss=0.019111 value_loss=0.572961
[iter=28575] rollout_mean_bb=1.4528 policy_loss=0.000998 value_loss=0.616875
[iter=28580] rollout_mean_bb=4.9521 policy_loss=-0.012337 value_loss=0.579782
[iter=28585] rollout_mean_bb=3.2019 policy_loss=0.006271 value_loss=0.469203
[iter=28590] rollout_mean_bb=1.3346 policy_loss=-0.062389 value_loss=0.333059
[iter=28595] rollout_mean_bb=1.3707 policy_loss=-0.005891 value_loss=0.432724
[iter=28600] rollout_mean_bb=1.4726 policy_loss=-0.008971 value_loss=0.412082
[iter=28605] rollout_mean_bb=3.2266 policy_loss=0.047536 value_loss=0.550938
[iter=28610] rollout_mean_bb=1.3518 policy_loss=-0.017249 value_loss=0.504243
[iter=28615] rollout_mean_bb=3.0486 policy_loss=0.058864 value_loss=0.502445
[iter=28620] rollout_mean_bb=2.3636 policy_loss=0.046377 value_loss=0.654328
[iter=28625] rollout_mean_bb=0.8862 policy_loss=-0.028151 value_loss=0.541559
[iter=28630] rollout_mean_bb=3.3197 policy_loss=0.021119 value_loss=0.518419
[iter=28635] rollout_mean_bb=4.3447 policy_loss=-0.005897 value_loss=0.335020
[iter=28640] rollout_mean_bb=2.5099 policy_loss=-0.020836 value_loss=0.461818
[iter=28645] rollout_mean_bb=0.9496 policy_loss=0.011562 value_loss=0.395132
[iter=28650] rollout_mean_bb=1.6160 policy_loss=0.030553 value_loss=0.477860
[iter=28655] rollout_mean_bb=1.9437 policy_loss=-0.134561 value_loss=0.582338
[iter=28660] rollout_mean_bb=1.9863 policy_loss=-0.005208 value_loss=0.482505
[iter=28665] rollout_mean_bb=3.6341 policy_loss=-0.015438 value_loss=0.389569
[iter=28670] rollout_mean_bb=2.6782 policy_loss=0.004266 value_loss=0.518207
[iter=28675] rollout_mean_bb=1.9083 policy_loss=-0.013115 value_loss=0.480509
[iter=28680] rollout_mean_bb=2.3564 policy_loss=-0.060776 value_loss=0.273004
[iter=28685] rollout_mean_bb=2.6502 policy_loss=-0.008832 value_loss=0.401376
[iter=28690] rollout_mean_bb=2.3955 policy_loss=0.015479 value_loss=0.358564
[iter=28695] rollout_mean_bb=0.6130 policy_loss=0.037110 value_loss=0.442001
[iter=28700] rollout_mean_bb=2.6093 policy_loss=-0.015722 value_loss=0.464254
[iter=28705] rollout_mean_bb=2.9626 policy_loss=0.009945 value_loss=0.331537
[iter=28710] rollout_mean_bb=0.2120 policy_loss=-0.007370 value_loss=0.387461
[iter=28715] rollout_mean_bb=2.2120 policy_loss=-0.043158 value_loss=0.426877
[iter=28720] rollout_mean_bb=1.7889 policy_loss=-0.047684 value_loss=0.380117
[iter=28725] rollout_mean_bb=3.6028 policy_loss=-0.003417 value_loss=0.518010
[iter=28730] rollout_mean_bb=0.9249 policy_loss=-0.032801 value_loss=0.338112
[iter=28735] rollout_mean_bb=3.5000 policy_loss=-0.003783 value_loss=0.394577
[iter=28740] rollout_mean_bb=2.7300 policy_loss=-0.050196 value_loss=0.265749
[iter=28745] rollout_mean_bb=3.3648 policy_loss=-0.005123 value_loss=0.315275
[iter=28750] rollout_mean_bb=2.1177 policy_loss=-0.019802 value_loss=0.454629
[iter=28755] rollout_mean_bb=2.9820 policy_loss=-0.002999 value_loss=0.580480
[iter=28760] rollout_mean_bb=4.1704 policy_loss=-0.004706 value_loss=0.374278
[iter=28765] rollout_mean_bb=4.6566 policy_loss=0.007895 value_loss=0.468915
[iter=28770] rollout_mean_bb=2.4826 policy_loss=0.025449 value_loss=0.453155
[iter=28775] rollout_mean_bb=2.4210 policy_loss=-0.004098 value_loss=0.436541
[iter=28780] rollout_mean_bb=1.1552 policy_loss=-0.008805 value_loss=0.492475
[iter=28785] rollout_mean_bb=0.7974 policy_loss=-0.010146 value_loss=0.362225
[iter=28790] rollout_mean_bb=0.7957 policy_loss=-0.003107 value_loss=0.474972
[iter=28795] rollout_mean_bb=0.2400 policy_loss=-0.003506 value_loss=0.432580
[iter=28800] rollout_mean_bb=1.1270 policy_loss=-0.013601 value_loss=0.466369
[iter=28805] rollout_mean_bb=3.8097 policy_loss=0.019177 value_loss=0.508855
[iter=28810] rollout_mean_bb=0.9716 policy_loss=-0.011278 value_loss=0.407030
[iter=28815] rollout_mean_bb=5.3566 policy_loss=0.002414 value_loss=0.381745
[iter=28820] rollout_mean_bb=4.6776 policy_loss=-0.006925 value_loss=0.439563
[iter=28825] rollout_mean_bb=2.9493 policy_loss=0.003903 value_loss=0.528866
[iter=28830] rollout_mean_bb=4.2750 policy_loss=0.003393 value_loss=0.528974
[iter=28835] rollout_mean_bb=1.4181 policy_loss=0.072065 value_loss=0.663719
[iter=28840] rollout_mean_bb=2.1184 policy_loss=-0.002290 value_loss=0.521645
[iter=28845] rollout_mean_bb=-0.1910 policy_loss=-0.041720 value_loss=0.443709
[iter=28850] rollout_mean_bb=4.4296 policy_loss=0.001047 value_loss=0.308614
[iter=28855] rollout_mean_bb=5.1880 policy_loss=0.042656 value_loss=0.469099
[iter=28860] rollout_mean_bb=2.9810 policy_loss=-0.001254 value_loss=0.506238
[iter=28865] rollout_mean_bb=2.4083 policy_loss=0.014963 value_loss=0.502742
[iter=28870] rollout_mean_bb=1.6499 policy_loss=0.016576 value_loss=0.616604
[iter=28875] rollout_mean_bb=2.8882 policy_loss=-0.029022 value_loss=0.342994
[iter=28880] rollout_mean_bb=1.5981 policy_loss=-0.011703 value_loss=0.431744
[iter=28885] rollout_mean_bb=2.0480 policy_loss=-0.000514 value_loss=0.461499
[iter=28890] rollout_mean_bb=1.9897 policy_loss=-0.013049 value_loss=0.470389
[iter=28895] rollout_mean_bb=0.5655 policy_loss=0.023420 value_loss=0.518524
[iter=28900] rollout_mean_bb=5.0717 policy_loss=0.070963 value_loss=0.432463
[iter=28905] rollout_mean_bb=4.6288 policy_loss=-0.039666 value_loss=0.410314
[iter=28910] rollout_mean_bb=1.7544 policy_loss=0.046315 value_loss=0.439808
[iter=28915] rollout_mean_bb=3.4869 policy_loss=-0.005932 value_loss=0.546525
[iter=28920] rollout_mean_bb=0.2836 policy_loss=0.054507 value_loss=0.701848
[iter=28925] rollout_mean_bb=3.8049 policy_loss=0.010875 value_loss=0.595080
[iter=28930] rollout_mean_bb=2.9843 policy_loss=0.016242 value_loss=0.313157
[iter=28935] rollout_mean_bb=3.7278 policy_loss=-0.003171 value_loss=0.442840
[iter=28940] rollout_mean_bb=1.0912 policy_loss=-0.076777 value_loss=0.425711
[iter=28945] rollout_mean_bb=3.6441 policy_loss=-0.000197 value_loss=0.450884
[iter=28950] rollout_mean_bb=3.3944 policy_loss=0.028023 value_loss=0.408298
[iter=28955] rollout_mean_bb=3.6223 policy_loss=-0.002882 value_loss=0.415596
[iter=28960] rollout_mean_bb=3.2155 policy_loss=-0.020479 value_loss=0.531808
[iter=28965] rollout_mean_bb=3.1347 policy_loss=0.072554 value_loss=0.449481
[iter=28970] rollout_mean_bb=1.6899 policy_loss=-0.033967 value_loss=0.346280
[iter=28975] rollout_mean_bb=3.1738 policy_loss=-0.149994 value_loss=0.481750
[iter=28980] rollout_mean_bb=3.5078 policy_loss=0.000941 value_loss=0.536363
[iter=28985] rollout_mean_bb=4.4297 policy_loss=-0.023974 value_loss=0.549327
[iter=28990] rollout_mean_bb=1.3949 policy_loss=0.027970 value_loss=0.558950
[iter=28995] rollout_mean_bb=2.9530 policy_loss=-0.078644 value_loss=0.518936
[iter=29000] rollout_mean_bb=2.4776 policy_loss=-0.012204 value_loss=0.417621
[iter=29005] rollout_mean_bb=2.8190 policy_loss=-0.014858 value_loss=0.528452
[iter=29010] rollout_mean_bb=1.0690 policy_loss=-0.000430 value_loss=0.515638
[iter=29015] rollout_mean_bb=3.1717 policy_loss=0.014632 value_loss=0.523369
[iter=29020] rollout_mean_bb=3.5581 policy_loss=0.017554 value_loss=0.535688
[iter=29025] rollout_mean_bb=3.7431 policy_loss=-0.003182 value_loss=0.485437
[iter=29030] rollout_mean_bb=3.1249 policy_loss=0.021163 value_loss=0.383855
[iter=29035] rollout_mean_bb=1.2775 policy_loss=0.032602 value_loss=0.376329
[iter=29040] rollout_mean_bb=-0.6906 policy_loss=0.013265 value_loss=0.558695
[iter=29045] rollout_mean_bb=4.3435 policy_loss=-0.031528 value_loss=0.596322
[iter=29050] rollout_mean_bb=3.1961 policy_loss=-0.000731 value_loss=0.466802
[iter=29055] rollout_mean_bb=2.8348 policy_loss=-0.026732 value_loss=0.508944
[iter=29060] rollout_mean_bb=5.0148 policy_loss=-0.027455 value_loss=0.572429
[iter=29065] rollout_mean_bb=2.4825 policy_loss=0.002321 value_loss=0.485962
[iter=29070] rollout_mean_bb=3.4566 policy_loss=-0.070478 value_loss=0.681463
[iter=29075] rollout_mean_bb=4.1492 policy_loss=0.009298 value_loss=0.509025
[iter=29080] rollout_mean_bb=2.0093 policy_loss=-0.008309 value_loss=0.441777
[iter=29085] rollout_mean_bb=3.6148 policy_loss=-0.057700 value_loss=0.615442
[iter=29090] rollout_mean_bb=0.1918 policy_loss=0.064960 value_loss=0.537253
[iter=29095] rollout_mean_bb=3.1331 policy_loss=0.001227 value_loss=0.587530
[iter=29100] rollout_mean_bb=2.6980 policy_loss=0.007962 value_loss=0.450641
[iter=29105] rollout_mean_bb=1.3185 policy_loss=-0.006725 value_loss=0.438414
[iter=29110] rollout_mean_bb=1.7205 policy_loss=-0.026515 value_loss=0.476743
[iter=29115] rollout_mean_bb=0.6586 policy_loss=0.088207 value_loss=0.515417
[iter=29120] rollout_mean_bb=1.6678 policy_loss=0.010486 value_loss=0.428885
[iter=29125] rollout_mean_bb=1.4566 policy_loss=0.003324 value_loss=0.585257
[iter=29130] rollout_mean_bb=2.7377 policy_loss=-0.009034 value_loss=0.432749
[iter=29135] rollout_mean_bb=0.9569 policy_loss=0.003956 value_loss=0.546235
[iter=29140] rollout_mean_bb=3.8444 policy_loss=-0.000349 value_loss=0.496090
[iter=29145] rollout_mean_bb=3.0358 policy_loss=0.016583 value_loss=0.483036
[iter=29150] rollout_mean_bb=2.8791 policy_loss=-0.025924 value_loss=0.512286
[iter=29155] rollout_mean_bb=3.5856 policy_loss=-0.017685 value_loss=0.623398
[iter=29160] rollout_mean_bb=3.1978 policy_loss=-0.022019 value_loss=0.511009
[iter=29165] rollout_mean_bb=0.7452 policy_loss=-0.383247 value_loss=0.992808
[iter=29170] rollout_mean_bb=1.5155 policy_loss=-0.007068 value_loss=0.554229
[iter=29175] rollout_mean_bb=1.7783 policy_loss=0.003463 value_loss=0.467697
[iter=29180] rollout_mean_bb=4.7384 policy_loss=0.102315 value_loss=0.484131
[iter=29185] rollout_mean_bb=1.0029 policy_loss=0.074908 value_loss=0.509007
[iter=29190] rollout_mean_bb=2.8109 policy_loss=-0.001479 value_loss=0.421615
[iter=29195] rollout_mean_bb=-0.3970 policy_loss=0.011931 value_loss=0.441809
[iter=29200] rollout_mean_bb=1.0227 policy_loss=0.003560 value_loss=0.588283
[iter=29205] rollout_mean_bb=2.3189 policy_loss=-0.029931 value_loss=0.454071
[iter=29210] rollout_mean_bb=2.2855 policy_loss=0.013346 value_loss=0.576197
[iter=29215] rollout_mean_bb=2.6519 policy_loss=-0.002439 value_loss=0.420109
[iter=29220] rollout_mean_bb=1.5466 policy_loss=0.054921 value_loss=0.463514
[iter=29225] rollout_mean_bb=2.0357 policy_loss=-0.048370 value_loss=0.402641
[iter=29230] rollout_mean_bb=2.4689 policy_loss=0.030453 value_loss=0.614274
[iter=29235] rollout_mean_bb=2.1810 policy_loss=-0.011609 value_loss=0.444035
[iter=29240] rollout_mean_bb=1.8183 policy_loss=-0.013143 value_loss=0.452144
[iter=29245] rollout_mean_bb=2.0149 policy_loss=0.058976 value_loss=0.620055
[iter=29250] rollout_mean_bb=1.4658 policy_loss=-0.053590 value_loss=0.478638
[iter=29255] rollout_mean_bb=3.2803 policy_loss=-0.038443 value_loss=0.449920
[iter=29260] rollout_mean_bb=2.2472 policy_loss=-0.002690 value_loss=0.480410
[iter=29265] rollout_mean_bb=1.1866 policy_loss=-0.037708 value_loss=0.330546
[iter=29270] rollout_mean_bb=5.6930 policy_loss=0.063055 value_loss=0.394705
[iter=29275] rollout_mean_bb=-0.8232 policy_loss=-0.005281 value_loss=0.452692
[iter=29280] rollout_mean_bb=3.3213 policy_loss=0.000615 value_loss=0.441905
[iter=29285] rollout_mean_bb=1.0955 policy_loss=-0.005148 value_loss=0.491529
[iter=29290] rollout_mean_bb=0.9967 policy_loss=-0.005078 value_loss=0.489279
[iter=29295] rollout_mean_bb=3.3477 policy_loss=0.016534 value_loss=0.607234
[iter=29300] rollout_mean_bb=1.1847 policy_loss=0.004992 value_loss=0.483312
[iter=29305] rollout_mean_bb=0.5778 policy_loss=0.061774 value_loss=0.889563
[iter=29310] rollout_mean_bb=5.6577 policy_loss=0.004032 value_loss=0.580052
[iter=29315] rollout_mean_bb=2.7848 policy_loss=0.056826 value_loss=0.594847
[iter=29320] rollout_mean_bb=1.5073 policy_loss=0.020315 value_loss=0.564903
[iter=29325] rollout_mean_bb=3.1270 policy_loss=-0.007485 value_loss=0.504520
[iter=29330] rollout_mean_bb=4.8217 policy_loss=-0.009220 value_loss=0.528004
[iter=29335] rollout_mean_bb=0.0995 policy_loss=0.037091 value_loss=0.655993
[iter=29340] rollout_mean_bb=3.3322 policy_loss=-0.013064 value_loss=0.531184
[iter=29345] rollout_mean_bb=-0.0784 policy_loss=0.020859 value_loss=0.690540
[iter=29350] rollout_mean_bb=3.9718 policy_loss=0.004194 value_loss=0.496820
[iter=29355] rollout_mean_bb=0.3698 policy_loss=-0.017773 value_loss=0.455718
[iter=29360] rollout_mean_bb=3.8757 policy_loss=-0.055445 value_loss=0.432482
[iter=29365] rollout_mean_bb=2.4433 policy_loss=0.005149 value_loss=0.719663
[iter=29370] rollout_mean_bb=0.1751 policy_loss=-0.003435 value_loss=0.445434
[iter=29375] rollout_mean_bb=4.6194 policy_loss=-0.009129 value_loss=0.444928
[iter=29380] rollout_mean_bb=2.7269 policy_loss=-0.376598 value_loss=1.028609
[iter=29385] rollout_mean_bb=2.7604 policy_loss=-0.004513 value_loss=0.488974
[iter=29390] rollout_mean_bb=2.8565 policy_loss=0.152210 value_loss=0.591970
[iter=29395] rollout_mean_bb=2.3162 policy_loss=0.002982 value_loss=0.466790
[iter=29400] rollout_mean_bb=4.3967 policy_loss=-0.011508 value_loss=0.498915
[iter=29405] rollout_mean_bb=2.1882 policy_loss=-0.005817 value_loss=0.448739
[iter=29410] rollout_mean_bb=2.4342 policy_loss=-0.006527 value_loss=0.474722
[iter=29415] rollout_mean_bb=0.7907 policy_loss=-0.011240 value_loss=0.473533
[iter=29420] rollout_mean_bb=1.3977 policy_loss=0.000890 value_loss=0.556642
[iter=29425] rollout_mean_bb=0.4043 policy_loss=0.043954 value_loss=0.852553
[iter=29430] rollout_mean_bb=1.6016 policy_loss=-0.029447 value_loss=0.513668
[iter=29435] rollout_mean_bb=2.7383 policy_loss=0.017351 value_loss=0.516730
[iter=29440] rollout_mean_bb=5.5226 policy_loss=-0.000510 value_loss=0.581600
[iter=29445] rollout_mean_bb=2.1277 policy_loss=0.035887 value_loss=0.548112
[iter=29450] rollout_mean_bb=-0.0521 policy_loss=-0.018777 value_loss=0.478032
[iter=29455] rollout_mean_bb=1.4534 policy_loss=-0.004718 value_loss=0.507670
[iter=29460] rollout_mean_bb=0.3508 policy_loss=-0.003418 value_loss=0.472101
[iter=29465] rollout_mean_bb=-0.6718 policy_loss=0.001348 value_loss=0.619818
[iter=29470] rollout_mean_bb=3.1095 policy_loss=-0.019060 value_loss=0.459632
[iter=29475] rollout_mean_bb=-0.0315 policy_loss=0.015059 value_loss=0.586303
[iter=29480] rollout_mean_bb=2.5876 policy_loss=0.012374 value_loss=0.448300
[iter=29485] rollout_mean_bb=2.6442 policy_loss=-0.005435 value_loss=0.518040
[iter=29490] rollout_mean_bb=1.1111 policy_loss=0.017667 value_loss=0.579786
[iter=29495] rollout_mean_bb=3.3440 policy_loss=0.010571 value_loss=0.497257
[iter=29500] rollout_mean_bb=3.2381 policy_loss=0.010049 value_loss=0.562214
[iter=29505] rollout_mean_bb=2.0643 policy_loss=-0.020406 value_loss=0.591701
[iter=29510] rollout_mean_bb=1.7582 policy_loss=-0.008876 value_loss=0.518620
[iter=29515] rollout_mean_bb=0.2598 policy_loss=-0.036999 value_loss=0.571120
[iter=29520] rollout_mean_bb=2.4738 policy_loss=-0.008204 value_loss=0.394947
[iter=29525] rollout_mean_bb=1.7966 policy_loss=-0.021170 value_loss=0.574748
[iter=29530] rollout_mean_bb=1.9024 policy_loss=0.054057 value_loss=0.481561
[iter=29535] rollout_mean_bb=4.0343 policy_loss=0.055345 value_loss=0.699310
[iter=29540] rollout_mean_bb=3.4428 policy_loss=0.001120 value_loss=0.427713
[iter=29545] rollout_mean_bb=3.0068 policy_loss=-0.003742 value_loss=0.587571
[iter=29550] rollout_mean_bb=0.5654 policy_loss=0.002733 value_loss=0.497234
[iter=29555] rollout_mean_bb=2.2450 policy_loss=-0.020130 value_loss=0.638513
[iter=29560] rollout_mean_bb=3.3599 policy_loss=-0.007699 value_loss=0.530918
[iter=29565] rollout_mean_bb=2.6254 policy_loss=-0.027282 value_loss=0.411837
[iter=29570] rollout_mean_bb=1.8428 policy_loss=0.072125 value_loss=0.580864
[iter=29575] rollout_mean_bb=1.3011 policy_loss=-0.053119 value_loss=0.381034
[iter=29580] rollout_mean_bb=1.4890 policy_loss=0.075183 value_loss=0.405907
[iter=29585] rollout_mean_bb=0.0844 policy_loss=-0.004353 value_loss=0.655188
[iter=29590] rollout_mean_bb=1.4615 policy_loss=-0.033667 value_loss=0.574617
[iter=29595] rollout_mean_bb=2.0428 policy_loss=0.015771 value_loss=0.653194
[iter=29600] rollout_mean_bb=2.6005 policy_loss=-0.030484 value_loss=0.589181
[iter=29605] rollout_mean_bb=3.1165 policy_loss=-0.000123 value_loss=0.422230
[iter=29610] rollout_mean_bb=3.2307 policy_loss=0.012670 value_loss=0.411456
[iter=29615] rollout_mean_bb=0.0883 policy_loss=0.019356 value_loss=0.669949
[iter=29620] rollout_mean_bb=1.6955 policy_loss=-0.040432 value_loss=0.688327
[iter=29625] rollout_mean_bb=2.4891 policy_loss=-0.015375 value_loss=0.467115
[iter=29630] rollout_mean_bb=1.8490 policy_loss=0.031023 value_loss=0.791918
[iter=29635] rollout_mean_bb=3.4598 policy_loss=-0.031647 value_loss=0.432094
[iter=29640] rollout_mean_bb=3.2757 policy_loss=0.017547 value_loss=0.621746
[iter=29645] rollout_mean_bb=-0.1491 policy_loss=-0.014970 value_loss=0.622796
[iter=29650] rollout_mean_bb=3.0134 policy_loss=0.013522 value_loss=0.494747
[iter=29655] rollout_mean_bb=1.5353 policy_loss=-0.009681 value_loss=0.493946
[iter=29660] rollout_mean_bb=0.6434 policy_loss=-0.051311 value_loss=0.349458
[iter=29665] rollout_mean_bb=2.7278 policy_loss=-0.040464 value_loss=0.372883
[iter=29670] rollout_mean_bb=4.8554 policy_loss=0.008779 value_loss=0.671898
[iter=29675] rollout_mean_bb=1.2545 policy_loss=0.003567 value_loss=0.515167
[iter=29680] rollout_mean_bb=3.8400 policy_loss=0.070384 value_loss=0.550062
[iter=29685] rollout_mean_bb=1.0035 policy_loss=0.005556 value_loss=0.589900
[iter=29690] rollout_mean_bb=1.8545 policy_loss=-0.078742 value_loss=0.616779
[iter=29695] rollout_mean_bb=4.1447 policy_loss=0.051409 value_loss=0.380309
[iter=29700] rollout_mean_bb=2.9362 policy_loss=-0.003345 value_loss=0.521671
[iter=29705] rollout_mean_bb=2.6729 policy_loss=0.042226 value_loss=0.656877
[iter=29710] rollout_mean_bb=1.6125 policy_loss=-0.009274 value_loss=0.454545
[iter=29715] rollout_mean_bb=0.6665 policy_loss=0.127711 value_loss=0.589940
[iter=29720] rollout_mean_bb=3.1911 policy_loss=-0.081061 value_loss=0.537431
[iter=29725] rollout_mean_bb=1.7195 policy_loss=0.000683 value_loss=0.399905
[iter=29730] rollout_mean_bb=4.5394 policy_loss=-0.067423 value_loss=0.512002
[iter=29735] rollout_mean_bb=2.2131 policy_loss=0.008511 value_loss=0.507072
[iter=29740] rollout_mean_bb=3.7642 policy_loss=0.071708 value_loss=0.536610
[iter=29745] rollout_mean_bb=5.2369 policy_loss=0.079324 value_loss=0.339400
[iter=29750] rollout_mean_bb=0.4272 policy_loss=0.009311 value_loss=0.530670
[iter=29755] rollout_mean_bb=4.1957 policy_loss=-0.071803 value_loss=0.374968
[iter=29760] rollout_mean_bb=2.5597 policy_loss=0.011708 value_loss=0.473026
[iter=29765] rollout_mean_bb=3.9342 policy_loss=-0.026791 value_loss=0.499892
[iter=29770] rollout_mean_bb=0.8835 policy_loss=-0.063605 value_loss=0.497825
[iter=29775] rollout_mean_bb=2.2297 policy_loss=-0.028559 value_loss=0.527347
[iter=29780] rollout_mean_bb=2.7577 policy_loss=-0.004844 value_loss=0.445419
[iter=29785] rollout_mean_bb=1.6448 policy_loss=-0.005814 value_loss=0.417605
[iter=29790] rollout_mean_bb=1.8381 policy_loss=0.006685 value_loss=0.430620
[iter=29795] rollout_mean_bb=1.3839 policy_loss=-0.063359 value_loss=0.385143
[iter=29800] rollout_mean_bb=0.7482 policy_loss=-0.000468 value_loss=0.651265
[iter=29805] rollout_mean_bb=1.6911 policy_loss=0.032515 value_loss=0.503446
[iter=29810] rollout_mean_bb=3.1249 policy_loss=0.110706 value_loss=0.624694
[iter=29815] rollout_mean_bb=1.1217 policy_loss=0.023083 value_loss=0.594533
[iter=29820] rollout_mean_bb=1.7198 policy_loss=0.021799 value_loss=0.503453
[iter=29825] rollout_mean_bb=0.8060 policy_loss=0.000749 value_loss=0.670489
[iter=29830] rollout_mean_bb=3.9578 policy_loss=0.040021 value_loss=0.560252
[iter=29835] rollout_mean_bb=3.1598 policy_loss=0.097671 value_loss=0.832527
[iter=29840] rollout_mean_bb=1.9489 policy_loss=-0.012191 value_loss=0.572220
[iter=29845] rollout_mean_bb=3.3523 policy_loss=0.038390 value_loss=0.421671
[iter=29850] rollout_mean_bb=3.1820 policy_loss=-0.003627 value_loss=0.529238
[iter=29855] rollout_mean_bb=3.5727 policy_loss=-0.055375 value_loss=0.598994
[iter=29860] rollout_mean_bb=2.8671 policy_loss=-0.026137 value_loss=0.561920
[iter=29865] rollout_mean_bb=4.9678 policy_loss=-0.019304 value_loss=0.489854
[iter=29870] rollout_mean_bb=2.3797 policy_loss=-0.029376 value_loss=0.479009
[iter=29875] rollout_mean_bb=4.1081 policy_loss=0.088989 value_loss=0.396603
[iter=29880] rollout_mean_bb=3.8493 policy_loss=0.082459 value_loss=0.623944
[iter=29885] rollout_mean_bb=5.3564 policy_loss=0.032300 value_loss=0.627809
[iter=29890] rollout_mean_bb=2.3995 policy_loss=-0.008133 value_loss=0.575031
[iter=29895] rollout_mean_bb=5.3264 policy_loss=0.008764 value_loss=0.526462
[iter=29900] rollout_mean_bb=1.7175 policy_loss=-0.037356 value_loss=0.601108
[iter=29905] rollout_mean_bb=3.2778 policy_loss=-0.044049 value_loss=0.794583
[iter=29910] rollout_mean_bb=1.2046 policy_loss=-0.038667 value_loss=0.575277
[iter=29915] rollout_mean_bb=2.3980 policy_loss=-0.012022 value_loss=0.410194
[iter=29920] rollout_mean_bb=1.3305 policy_loss=-0.018369 value_loss=0.482875
[iter=29925] rollout_mean_bb=2.6042 policy_loss=-0.012083 value_loss=0.625257
[iter=29930] rollout_mean_bb=2.7644 policy_loss=0.022815 value_loss=0.606365
[iter=29935] rollout_mean_bb=0.2574 policy_loss=-0.062055 value_loss=0.644533
[iter=29940] rollout_mean_bb=2.7958 policy_loss=0.009869 value_loss=0.539092
[iter=29945] rollout_mean_bb=2.0692 policy_loss=0.018786 value_loss=0.540054
[iter=29950] rollout_mean_bb=3.4438 policy_loss=-0.011800 value_loss=0.634533
[iter=29955] rollout_mean_bb=1.5320 policy_loss=0.014940 value_loss=0.542861
[iter=29960] rollout_mean_bb=1.9258 policy_loss=-0.033546 value_loss=0.619399
[iter=29965] rollout_mean_bb=-0.3864 policy_loss=-0.023249 value_loss=0.480486
[iter=29970] rollout_mean_bb=1.5793 policy_loss=0.018573 value_loss=0.521030
[iter=29975] rollout_mean_bb=2.2985 policy_loss=-0.017739 value_loss=0.620754
[iter=29980] rollout_mean_bb=1.6909 policy_loss=-0.036011 value_loss=0.514281
[iter=29985] rollout_mean_bb=2.3135 policy_loss=0.005870 value_loss=0.497622
[iter=29990] rollout_mean_bb=2.0017 policy_loss=0.020683 value_loss=0.470825
[iter=29995] rollout_mean_bb=3.4988 policy_loss=-0.000089 value_loss=0.744140
[iter=30000] rollout_mean_bb=-1.2719 policy_loss=0.028532 value_loss=0.743844
[iter=30005] rollout_mean_bb=3.8492 policy_loss=0.001488 value_loss=0.452995
[iter=30010] rollout_mean_bb=-0.5036 policy_loss=0.003524 value_loss=0.539383
[iter=30015] rollout_mean_bb=3.8889 policy_loss=-0.047708 value_loss=0.559380
[iter=30020] rollout_mean_bb=0.9650 policy_loss=0.028540 value_loss=0.644125
[iter=30025] rollout_mean_bb=3.6440 policy_loss=-0.003927 value_loss=0.641463
[iter=30030] rollout_mean_bb=5.7052 policy_loss=0.024071 value_loss=0.505510
[iter=30035] rollout_mean_bb=2.6121 policy_loss=-0.053637 value_loss=0.544773
[iter=30040] rollout_mean_bb=2.7015 policy_loss=-0.023500 value_loss=0.501895
[iter=30045] rollout_mean_bb=3.9917 policy_loss=0.011986 value_loss=0.586874
[iter=30050] rollout_mean_bb=2.0419 policy_loss=-0.017117 value_loss=0.415762
[iter=30055] rollout_mean_bb=6.2952 policy_loss=0.102532 value_loss=0.499856
[iter=30060] rollout_mean_bb=2.6987 policy_loss=-0.033799 value_loss=0.520795
[iter=30065] rollout_mean_bb=-1.3953 policy_loss=0.040222 value_loss=0.680968
[iter=30070] rollout_mean_bb=1.7952 policy_loss=-0.027310 value_loss=0.549873
[iter=30075] rollout_mean_bb=0.0484 policy_loss=-0.001947 value_loss=0.582910
[iter=30080] rollout_mean_bb=1.5766 policy_loss=-0.006237 value_loss=0.559447
[iter=30085] rollout_mean_bb=1.4524 policy_loss=0.048234 value_loss=0.637807
[iter=30090] rollout_mean_bb=2.9297 policy_loss=-0.001892 value_loss=0.435228
[iter=30095] rollout_mean_bb=2.3717 policy_loss=0.009653 value_loss=0.650632
[iter=30100] rollout_mean_bb=0.7469 policy_loss=-0.038987 value_loss=0.578363
[iter=30105] rollout_mean_bb=5.2454 policy_loss=-0.054754 value_loss=0.707806
[iter=30110] rollout_mean_bb=2.1162 policy_loss=-0.019729 value_loss=0.442000
[iter=30115] rollout_mean_bb=3.6481 policy_loss=-0.003880 value_loss=0.617126
[iter=30120] rollout_mean_bb=2.5089 policy_loss=-0.024997 value_loss=0.490669
[iter=30125] rollout_mean_bb=0.0551 policy_loss=0.003550 value_loss=0.608822
[iter=30130] rollout_mean_bb=5.0262 policy_loss=0.041653 value_loss=0.594248
[iter=30135] rollout_mean_bb=3.0393 policy_loss=-0.009653 value_loss=0.435018
[iter=30140] rollout_mean_bb=1.8041 policy_loss=0.017798 value_loss=0.541304
[iter=30145] rollout_mean_bb=1.4868 policy_loss=0.032796 value_loss=0.434849
[iter=30150] rollout_mean_bb=4.5654 policy_loss=0.012578 value_loss=0.478012
[iter=30155] rollout_mean_bb=2.3929 policy_loss=-0.004794 value_loss=0.517931
[iter=30160] rollout_mean_bb=2.8520 policy_loss=-0.011445 value_loss=0.584982
[iter=30165] rollout_mean_bb=1.2646 policy_loss=0.095096 value_loss=0.920952
[iter=30170] rollout_mean_bb=4.3735 policy_loss=0.006738 value_loss=0.497166
[iter=30175] rollout_mean_bb=2.4571 policy_loss=0.013764 value_loss=0.480801
[iter=30180] rollout_mean_bb=3.1263 policy_loss=0.000847 value_loss=0.675521
[iter=30185] rollout_mean_bb=3.3030 policy_loss=0.001348 value_loss=0.561831
[iter=30190] rollout_mean_bb=2.9564 policy_loss=-0.096981 value_loss=0.484916
[iter=30195] rollout_mean_bb=1.2522 policy_loss=-0.082262 value_loss=0.590355
[iter=30200] rollout_mean_bb=3.9503 policy_loss=-0.044976 value_loss=0.667110
[iter=30205] rollout_mean_bb=2.4181 policy_loss=0.173175 value_loss=0.692760
[iter=30210] rollout_mean_bb=1.3375 policy_loss=0.002114 value_loss=0.617361
[iter=30215] rollout_mean_bb=3.3622 policy_loss=-0.051943 value_loss=0.560554
[iter=30220] rollout_mean_bb=0.6083 policy_loss=-0.002657 value_loss=0.471134
[iter=30225] rollout_mean_bb=3.3277 policy_loss=0.041969 value_loss=0.573316
[iter=30230] rollout_mean_bb=2.6318 policy_loss=0.089911 value_loss=0.585743
[iter=30235] rollout_mean_bb=1.5698 policy_loss=0.005597 value_loss=0.769992
[iter=30240] rollout_mean_bb=2.6833 policy_loss=-0.001582 value_loss=0.554629
[iter=30245] rollout_mean_bb=2.9983 policy_loss=0.023060 value_loss=0.509606
[iter=30250] rollout_mean_bb=4.9450 policy_loss=0.095575 value_loss=0.616643
[iter=30255] rollout_mean_bb=1.5118 policy_loss=0.049629 value_loss=0.606533
[iter=30260] rollout_mean_bb=1.4383 policy_loss=-0.001076 value_loss=0.509310
[iter=30265] rollout_mean_bb=3.3679 policy_loss=0.046056 value_loss=0.497198
[iter=30270] rollout_mean_bb=3.6529 policy_loss=-0.127226 value_loss=0.553217
[iter=30275] rollout_mean_bb=5.6907 policy_loss=-0.114110 value_loss=0.849370
[iter=30280] rollout_mean_bb=1.5802 policy_loss=-0.009911 value_loss=0.424495
[iter=30285] rollout_mean_bb=4.1635 policy_loss=0.023915 value_loss=0.514125
[iter=30290] rollout_mean_bb=1.7506 policy_loss=0.069552 value_loss=0.628229
[iter=30295] rollout_mean_bb=2.7248 policy_loss=-0.025016 value_loss=0.614631
[iter=30300] rollout_mean_bb=2.0349 policy_loss=-0.038679 value_loss=0.266591
[iter=30305] rollout_mean_bb=0.4994 policy_loss=-0.006029 value_loss=0.489431
[iter=30310] rollout_mean_bb=1.6694 policy_loss=-0.027006 value_loss=0.605338
[iter=30315] rollout_mean_bb=3.1438 policy_loss=0.029523 value_loss=0.532117
[iter=30320] rollout_mean_bb=4.7989 policy_loss=0.012335 value_loss=0.666183
[iter=30325] rollout_mean_bb=-0.0559 policy_loss=-0.027834 value_loss=0.413479
[iter=30330] rollout_mean_bb=3.8560 policy_loss=-0.036204 value_loss=0.443299
[iter=30335] rollout_mean_bb=3.8256 policy_loss=-0.040564 value_loss=0.585719
[iter=30340] rollout_mean_bb=1.2421 policy_loss=0.044262 value_loss=0.453263
[iter=30345] rollout_mean_bb=5.1305 policy_loss=0.071557 value_loss=0.473432
[iter=30350] rollout_mean_bb=0.4690 policy_loss=0.013219 value_loss=0.536327
[iter=30355] rollout_mean_bb=4.6110 policy_loss=-0.057151 value_loss=0.803501
[iter=30360] rollout_mean_bb=1.7013 policy_loss=-0.010508 value_loss=0.582115
[iter=30365] rollout_mean_bb=3.7640 policy_loss=-0.069819 value_loss=0.661126
[iter=30370] rollout_mean_bb=5.7987 policy_loss=-0.004969 value_loss=0.537888
[iter=30375] rollout_mean_bb=3.1514 policy_loss=0.019636 value_loss=0.476124
[iter=30380] rollout_mean_bb=-1.4282 policy_loss=0.050473 value_loss=0.759077
[iter=30385] rollout_mean_bb=1.7086 policy_loss=0.015374 value_loss=0.537202
[iter=30390] rollout_mean_bb=0.3509 policy_loss=0.023280 value_loss=0.612751
[iter=30395] rollout_mean_bb=3.2817 policy_loss=-0.013322 value_loss=0.494362
[iter=30400] rollout_mean_bb=2.4279 policy_loss=-0.042891 value_loss=0.531120
[iter=30405] rollout_mean_bb=5.8265 policy_loss=0.011193 value_loss=0.698850
[iter=30410] rollout_mean_bb=4.9083 policy_loss=0.019459 value_loss=0.602636
[iter=30415] rollout_mean_bb=3.7262 policy_loss=-0.042096 value_loss=0.473498
[iter=30420] rollout_mean_bb=5.5141 policy_loss=-0.006092 value_loss=0.574657
[iter=30425] rollout_mean_bb=6.2606 policy_loss=-0.000030 value_loss=0.528288
[iter=30430] rollout_mean_bb=2.1118 policy_loss=-0.000512 value_loss=0.538270
[iter=30435] rollout_mean_bb=3.6798 policy_loss=0.040766 value_loss=0.491667
[iter=30440] rollout_mean_bb=3.9198 policy_loss=-0.004086 value_loss=0.524462
[iter=30445] rollout_mean_bb=2.3482 policy_loss=-0.092270 value_loss=0.464596
[iter=30450] rollout_mean_bb=3.6055 policy_loss=-0.038301 value_loss=0.429206
[iter=30455] rollout_mean_bb=1.0771 policy_loss=0.015833 value_loss=0.709929
[iter=30460] rollout_mean_bb=2.9008 policy_loss=0.009851 value_loss=0.475449
[iter=30465] rollout_mean_bb=3.7430 policy_loss=-0.065688 value_loss=0.678240
[iter=30470] rollout_mean_bb=4.0970 policy_loss=-0.070672 value_loss=0.527484
[iter=30475] rollout_mean_bb=6.8929 policy_loss=-0.017097 value_loss=0.443640
[iter=30480] rollout_mean_bb=1.1877 policy_loss=0.007747 value_loss=0.595290
[iter=30485] rollout_mean_bb=3.3167 policy_loss=-0.009702 value_loss=0.744677
[iter=30490] rollout_mean_bb=4.3904 policy_loss=0.076605 value_loss=0.380935
[iter=30495] rollout_mean_bb=4.1356 policy_loss=0.014950 value_loss=0.551416
[iter=30500] rollout_mean_bb=3.3724 policy_loss=0.010916 value_loss=0.403876
[iter=30505] rollout_mean_bb=5.9673 policy_loss=-0.024164 value_loss=0.438846
[iter=30510] rollout_mean_bb=3.2853 policy_loss=0.007723 value_loss=0.564394
[iter=30515] rollout_mean_bb=3.5137 policy_loss=0.024624 value_loss=0.580362
[iter=30520] rollout_mean_bb=2.5933 policy_loss=0.016954 value_loss=0.493340
[iter=30525] rollout_mean_bb=3.1214 policy_loss=-0.012657 value_loss=0.557995
[iter=30530] rollout_mean_bb=1.3037 policy_loss=-0.059093 value_loss=0.621377
[iter=30535] rollout_mean_bb=0.8412 policy_loss=-0.162264 value_loss=0.751034
[iter=30540] rollout_mean_bb=3.3777 policy_loss=0.034072 value_loss=0.632327
[iter=30545] rollout_mean_bb=2.7287 policy_loss=-0.028084 value_loss=0.463401
[iter=30550] rollout_mean_bb=1.3715 policy_loss=-0.024079 value_loss=0.548483
[iter=30555] rollout_mean_bb=2.8943 policy_loss=-0.001230 value_loss=0.662128
[iter=30560] rollout_mean_bb=2.2472 policy_loss=-0.037843 value_loss=0.731646
[iter=30565] rollout_mean_bb=2.2006 policy_loss=-0.009226 value_loss=0.546353
[iter=30570] rollout_mean_bb=1.4112 policy_loss=-0.005326 value_loss=0.596665
[iter=30575] rollout_mean_bb=3.4059 policy_loss=0.001287 value_loss=0.444838
[iter=30580] rollout_mean_bb=2.9490 policy_loss=0.001161 value_loss=0.385710
[iter=30585] rollout_mean_bb=3.0059 policy_loss=-0.008445 value_loss=0.708031
[iter=30590] rollout_mean_bb=3.9442 policy_loss=0.000346 value_loss=0.662235
[iter=30595] rollout_mean_bb=0.5107 policy_loss=-0.002183 value_loss=0.529257
[iter=30600] rollout_mean_bb=2.2020 policy_loss=-0.016638 value_loss=0.363852
[iter=30605] rollout_mean_bb=1.0292 policy_loss=-0.003823 value_loss=0.359801
[iter=30610] rollout_mean_bb=-0.6906 policy_loss=0.110400 value_loss=0.621756
[iter=30615] rollout_mean_bb=2.7416 policy_loss=-0.001173 value_loss=0.533350
[iter=30620] rollout_mean_bb=0.3547 policy_loss=0.006902 value_loss=0.496736
[iter=30625] rollout_mean_bb=4.2546 policy_loss=-0.017597 value_loss=0.592776
[iter=30630] rollout_mean_bb=4.8386 policy_loss=0.079626 value_loss=0.472024
[iter=30635] rollout_mean_bb=2.9717 policy_loss=-0.003485 value_loss=0.513470
[iter=30640] rollout_mean_bb=2.2353 policy_loss=-0.009875 value_loss=0.537140
[iter=30645] rollout_mean_bb=2.7607 policy_loss=-0.097417 value_loss=0.614359
[iter=30650] rollout_mean_bb=4.5867 policy_loss=-0.026223 value_loss=0.462397
[iter=30655] rollout_mean_bb=2.4760 policy_loss=-0.002198 value_loss=0.598476
[iter=30660] rollout_mean_bb=1.3852 policy_loss=0.008116 value_loss=0.617006
[iter=30665] rollout_mean_bb=2.9693 policy_loss=0.009057 value_loss=0.602414
[iter=30670] rollout_mean_bb=6.1564 policy_loss=0.026279 value_loss=0.527618
[iter=30675] rollout_mean_bb=4.2262 policy_loss=0.001131 value_loss=0.617951
[iter=30680] rollout_mean_bb=0.4750 policy_loss=-0.019301 value_loss=0.469651
[iter=30685] rollout_mean_bb=5.2013 policy_loss=-0.005807 value_loss=0.491127
[iter=30690] rollout_mean_bb=4.5384 policy_loss=-0.041948 value_loss=0.577692
[iter=30695] rollout_mean_bb=0.2271 policy_loss=0.174582 value_loss=0.669612
[iter=30700] rollout_mean_bb=2.8232 policy_loss=-0.073504 value_loss=0.593607
[iter=30705] rollout_mean_bb=-1.1563 policy_loss=-0.094095 value_loss=0.728029
[iter=30710] rollout_mean_bb=-0.0038 policy_loss=0.017876 value_loss=0.447212
[iter=30715] rollout_mean_bb=0.1768 policy_loss=0.023981 value_loss=0.494057
[iter=30720] rollout_mean_bb=2.5792 policy_loss=-0.010190 value_loss=0.634415
[iter=30725] rollout_mean_bb=1.7113 policy_loss=0.017315 value_loss=0.587567
[iter=30730] rollout_mean_bb=1.2336 policy_loss=0.018552 value_loss=0.560896
[iter=30735] rollout_mean_bb=3.1485 policy_loss=-0.003709 value_loss=0.385585
[iter=30740] rollout_mean_bb=3.3923 policy_loss=-0.030153 value_loss=0.550063
[iter=30745] rollout_mean_bb=3.9884 policy_loss=-0.037580 value_loss=0.552261
[iter=30750] rollout_mean_bb=4.7116 policy_loss=-0.044989 value_loss=0.622636
[iter=30755] rollout_mean_bb=4.7804 policy_loss=0.016040 value_loss=0.600233
[iter=30760] rollout_mean_bb=6.1112 policy_loss=-0.006256 value_loss=0.552848
[iter=30765] rollout_mean_bb=3.2444 policy_loss=-0.010909 value_loss=0.455883
[iter=30770] rollout_mean_bb=1.6357 policy_loss=0.025612 value_loss=0.570226
[iter=30775] rollout_mean_bb=2.1085 policy_loss=-0.008068 value_loss=0.591725
[iter=30780] rollout_mean_bb=1.2330 policy_loss=-0.011873 value_loss=0.655979
[iter=30785] rollout_mean_bb=2.3774 policy_loss=0.059580 value_loss=0.559053
[iter=30790] rollout_mean_bb=2.7290 policy_loss=-0.040337 value_loss=0.623806
[iter=30795] rollout_mean_bb=1.9792 policy_loss=0.009176 value_loss=0.496631
[iter=30800] rollout_mean_bb=4.0012 policy_loss=-0.005006 value_loss=0.765681
[iter=30805] rollout_mean_bb=2.3534 policy_loss=0.004369 value_loss=0.550106
[iter=30810] rollout_mean_bb=1.9394 policy_loss=0.004050 value_loss=0.474214
[iter=30815] rollout_mean_bb=3.3431 policy_loss=-0.010980 value_loss=0.541807
[iter=30820] rollout_mean_bb=4.9475 policy_loss=-0.014540 value_loss=0.478483
[iter=30825] rollout_mean_bb=4.8672 policy_loss=-0.008081 value_loss=0.675094
[iter=30830] rollout_mean_bb=3.2135 policy_loss=0.005532 value_loss=0.478611
[iter=30835] rollout_mean_bb=1.0688 policy_loss=0.014128 value_loss=0.727689
[iter=30840] rollout_mean_bb=2.6046 policy_loss=0.028671 value_loss=0.621372
[iter=30845] rollout_mean_bb=0.7066 policy_loss=-0.101422 value_loss=0.609012
[iter=30850] rollout_mean_bb=2.1254 policy_loss=-0.001822 value_loss=0.559291
[iter=30855] rollout_mean_bb=2.9778 policy_loss=-0.028598 value_loss=0.429597
[iter=30860] rollout_mean_bb=2.2439 policy_loss=-0.002470 value_loss=0.528375
[iter=30865] rollout_mean_bb=5.5738 policy_loss=0.058729 value_loss=0.674280
[iter=30870] rollout_mean_bb=3.2808 policy_loss=-0.001610 value_loss=0.444437
[iter=30875] rollout_mean_bb=1.9460 policy_loss=0.008165 value_loss=0.476609
[iter=30880] rollout_mean_bb=4.4561 policy_loss=-0.019886 value_loss=0.609073
[iter=30885] rollout_mean_bb=1.8175 policy_loss=0.010792 value_loss=0.623965
[iter=30890] rollout_mean_bb=3.1447 policy_loss=0.001512 value_loss=0.625772
[iter=30895] rollout_mean_bb=0.7680 policy_loss=0.017791 value_loss=0.445617
[iter=30900] rollout_mean_bb=1.2284 policy_loss=0.011702 value_loss=0.502111
[iter=30905] rollout_mean_bb=4.4796 policy_loss=-0.000596 value_loss=0.509105
[iter=30910] rollout_mean_bb=2.5035 policy_loss=0.040701 value_loss=0.564309
[iter=30915] rollout_mean_bb=4.1826 policy_loss=-0.028437 value_loss=0.541982
[iter=30920] rollout_mean_bb=4.7092 policy_loss=-0.005867 value_loss=0.573705
[iter=30925] rollout_mean_bb=2.4568 policy_loss=-0.022026 value_loss=0.497927
[iter=30930] rollout_mean_bb=3.9521 policy_loss=0.003911 value_loss=0.436658
[iter=30935] rollout_mean_bb=2.5979 policy_loss=-0.025848 value_loss=0.604757
[iter=30940] rollout_mean_bb=2.9440 policy_loss=-0.033134 value_loss=0.740254
[iter=30945] rollout_mean_bb=1.5508 policy_loss=-0.057739 value_loss=0.549964
[iter=30950] rollout_mean_bb=1.3266 policy_loss=-0.004217 value_loss=0.542525
[iter=30955] rollout_mean_bb=1.5387 policy_loss=-0.051400 value_loss=0.430508
[iter=30960] rollout_mean_bb=3.5564 policy_loss=0.005742 value_loss=0.524359
[iter=30965] rollout_mean_bb=2.4209 policy_loss=-0.027145 value_loss=0.586653
[iter=30970] rollout_mean_bb=0.3975 policy_loss=-0.027107 value_loss=0.470440
[iter=30975] rollout_mean_bb=2.5933 policy_loss=0.010439 value_loss=0.767985
[iter=30980] rollout_mean_bb=-0.5423 policy_loss=-0.032539 value_loss=0.608075
[iter=30985] rollout_mean_bb=3.0647 policy_loss=0.000997 value_loss=0.646550
[iter=30990] rollout_mean_bb=3.5686 policy_loss=0.051193 value_loss=0.727692
[iter=30995] rollout_mean_bb=0.6350 policy_loss=-0.013655 value_loss=0.405794
[iter=31000] rollout_mean_bb=4.1815 policy_loss=0.043282 value_loss=0.514404
[iter=31005] rollout_mean_bb=3.7245 policy_loss=0.001723 value_loss=0.518716
[iter=31010] rollout_mean_bb=1.0299 policy_loss=0.005138 value_loss=0.679720
[iter=31015] rollout_mean_bb=4.5664 policy_loss=-0.047277 value_loss=0.454131
[iter=31020] rollout_mean_bb=5.4515 policy_loss=-0.011200 value_loss=0.590479
[iter=31025] rollout_mean_bb=4.2913 policy_loss=-0.045365 value_loss=0.481074
[iter=31030] rollout_mean_bb=5.5970 policy_loss=0.015609 value_loss=0.561994
[iter=31035] rollout_mean_bb=3.4418 policy_loss=0.039428 value_loss=0.508095
[iter=31040] rollout_mean_bb=2.3059 policy_loss=-0.014009 value_loss=0.600452
[iter=31045] rollout_mean_bb=2.0765 policy_loss=-0.024248 value_loss=0.597218
[iter=31050] rollout_mean_bb=3.0956 policy_loss=0.011561 value_loss=0.517690
[iter=31055] rollout_mean_bb=2.8335 policy_loss=0.009883 value_loss=0.478811
[iter=31060] rollout_mean_bb=0.7363 policy_loss=0.009213 value_loss=0.500538
[iter=31065] rollout_mean_bb=3.5622 policy_loss=0.004093 value_loss=0.685914
[iter=31070] rollout_mean_bb=3.3107 policy_loss=0.001453 value_loss=0.573658
[iter=31075] rollout_mean_bb=1.9835 policy_loss=-0.013519 value_loss=0.597920
[iter=31080] rollout_mean_bb=3.1329 policy_loss=0.036701 value_loss=0.535490
[iter=31085] rollout_mean_bb=1.2408 policy_loss=0.029260 value_loss=0.717090
[iter=31090] rollout_mean_bb=3.8728 policy_loss=0.002047 value_loss=0.775340
[iter=31095] rollout_mean_bb=1.5902 policy_loss=-0.008382 value_loss=0.461483
[iter=31100] rollout_mean_bb=0.6915 policy_loss=-0.076705 value_loss=0.763092
[iter=31105] rollout_mean_bb=4.7019 policy_loss=0.176586 value_loss=0.736442
[iter=31110] rollout_mean_bb=0.6370 policy_loss=-0.069261 value_loss=0.583286
[iter=31115] rollout_mean_bb=3.4603 policy_loss=-0.035245 value_loss=0.700295
[iter=31120] rollout_mean_bb=1.8454 policy_loss=-0.014510 value_loss=0.526076
[iter=31125] rollout_mean_bb=2.6012 policy_loss=0.050891 value_loss=0.558378
[iter=31130] rollout_mean_bb=2.3656 policy_loss=-0.020013 value_loss=0.602978
[iter=31135] rollout_mean_bb=2.5735 policy_loss=-0.008216 value_loss=0.646204
[iter=31140] rollout_mean_bb=2.2818 policy_loss=-0.026780 value_loss=0.467978
[iter=31145] rollout_mean_bb=3.1544 policy_loss=-0.045383 value_loss=0.662526
[iter=31150] rollout_mean_bb=1.0328 policy_loss=0.010700 value_loss=0.581199
[iter=31155] rollout_mean_bb=1.0698 policy_loss=-0.021541 value_loss=0.324121
[iter=31160] rollout_mean_bb=2.0176 policy_loss=-0.100950 value_loss=0.553579
[iter=31165] rollout_mean_bb=3.8660 policy_loss=0.082513 value_loss=0.479181
[iter=31170] rollout_mean_bb=3.5899 policy_loss=0.022094 value_loss=0.540686
[iter=31175] rollout_mean_bb=-0.2779 policy_loss=-0.018033 value_loss=0.517393
[iter=31180] rollout_mean_bb=3.3435 policy_loss=0.090155 value_loss=0.624636
[iter=31185] rollout_mean_bb=0.1230 policy_loss=0.008266 value_loss=0.605044
[iter=31190] rollout_mean_bb=1.1567 policy_loss=0.030959 value_loss=0.563359
[iter=31195] rollout_mean_bb=1.7390 policy_loss=-0.005268 value_loss=0.584522
[iter=31200] rollout_mean_bb=2.2699 policy_loss=0.000380 value_loss=0.389224
[iter=31205] rollout_mean_bb=1.7227 policy_loss=-0.014182 value_loss=0.544047
[iter=31210] rollout_mean_bb=3.2389 policy_loss=0.027363 value_loss=0.516316
[iter=31215] rollout_mean_bb=0.4256 policy_loss=-0.007635 value_loss=0.647674
[iter=31220] rollout_mean_bb=2.4841 policy_loss=-0.031439 value_loss=0.647718
[iter=31225] rollout_mean_bb=-0.0942 policy_loss=-0.022451 value_loss=0.648383
[iter=31230] rollout_mean_bb=-0.4292 policy_loss=-0.003884 value_loss=0.496507
[iter=31235] rollout_mean_bb=4.2778 policy_loss=0.028628 value_loss=0.467611
[iter=31240] rollout_mean_bb=-0.3983 policy_loss=0.005444 value_loss=0.637591
[iter=31245] rollout_mean_bb=1.0846 policy_loss=-0.062880 value_loss=0.430256
[iter=31250] rollout_mean_bb=0.7109 policy_loss=-0.034068 value_loss=0.449236
[iter=31255] rollout_mean_bb=1.9606 policy_loss=0.017657 value_loss=0.502974
[iter=31260] rollout_mean_bb=0.1975 policy_loss=0.025198 value_loss=0.523618
[iter=31265] rollout_mean_bb=2.4789 policy_loss=0.035280 value_loss=0.541196
[iter=31270] rollout_mean_bb=1.9664 policy_loss=-0.007855 value_loss=0.453707
[iter=31275] rollout_mean_bb=1.9132 policy_loss=-0.031209 value_loss=0.533045
[iter=31280] rollout_mean_bb=0.4713 policy_loss=0.027855 value_loss=0.519816
[iter=31285] rollout_mean_bb=1.6401 policy_loss=0.021375 value_loss=0.420669
[iter=31290] rollout_mean_bb=3.3622 policy_loss=-0.025520 value_loss=0.696475
[iter=31295] rollout_mean_bb=0.5005 policy_loss=0.023698 value_loss=0.651761
[iter=31300] rollout_mean_bb=2.1114 policy_loss=0.043474 value_loss=0.547993
[iter=31305] rollout_mean_bb=3.7343 policy_loss=-0.000788 value_loss=0.448642
[iter=31310] rollout_mean_bb=3.3847 policy_loss=-0.000885 value_loss=0.682660
[iter=31315] rollout_mean_bb=5.1523 policy_loss=-0.007355 value_loss=0.731213
[iter=31320] rollout_mean_bb=4.1457 policy_loss=0.000519 value_loss=0.563893
[iter=31325] rollout_mean_bb=3.2706 policy_loss=-0.000865 value_loss=0.534493
[iter=31330] rollout_mean_bb=2.2323 policy_loss=0.008331 value_loss=0.467320
[iter=31335] rollout_mean_bb=1.0472 policy_loss=-0.015212 value_loss=0.517887
[iter=31340] rollout_mean_bb=3.7266 policy_loss=0.084236 value_loss=0.835022
[iter=31345] rollout_mean_bb=4.6989 policy_loss=-0.007990 value_loss=0.619043
[iter=31350] rollout_mean_bb=2.7407 policy_loss=0.034468 value_loss=0.635301
[iter=31355] rollout_mean_bb=2.4032 policy_loss=-0.011060 value_loss=0.403761
[iter=31360] rollout_mean_bb=4.1726 policy_loss=-0.084046 value_loss=0.716485
[iter=31365] rollout_mean_bb=1.7617 policy_loss=-0.043792 value_loss=0.381093
[iter=31370] rollout_mean_bb=7.4437 policy_loss=0.009841 value_loss=0.520178
[iter=31375] rollout_mean_bb=0.9021 policy_loss=0.025899 value_loss=0.731278
[iter=31380] rollout_mean_bb=3.2559 policy_loss=0.000143 value_loss=0.496382
[iter=31385] rollout_mean_bb=1.9013 policy_loss=-0.061218 value_loss=0.521299
[iter=31390] rollout_mean_bb=0.7419 policy_loss=0.010437 value_loss=0.608903
[iter=31395] rollout_mean_bb=4.5952 policy_loss=0.002669 value_loss=0.645963
[iter=31400] rollout_mean_bb=-1.0406 policy_loss=-0.031121 value_loss=0.626698
[iter=31405] rollout_mean_bb=0.9496 policy_loss=0.004108 value_loss=0.534712
[iter=31410] rollout_mean_bb=3.6685 policy_loss=0.000808 value_loss=0.693911
[iter=31415] rollout_mean_bb=3.7509 policy_loss=0.006296 value_loss=0.564289
[iter=31420] rollout_mean_bb=4.3189 policy_loss=-0.024128 value_loss=0.660995
[iter=31425] rollout_mean_bb=1.6674 policy_loss=0.055864 value_loss=0.672452
[iter=31430] rollout_mean_bb=1.4152 policy_loss=0.001979 value_loss=0.522631
[iter=31435] rollout_mean_bb=1.1548 policy_loss=-0.032769 value_loss=0.366776
[iter=31440] rollout_mean_bb=2.0897 policy_loss=0.024934 value_loss=0.682023
[iter=31445] rollout_mean_bb=1.8227 policy_loss=0.092527 value_loss=0.478043
[iter=31450] rollout_mean_bb=1.4341 policy_loss=0.000044 value_loss=0.553773
[iter=31455] rollout_mean_bb=1.9716 policy_loss=0.009506 value_loss=0.482340
[iter=31460] rollout_mean_bb=1.2516 policy_loss=-0.001297 value_loss=0.547405
[iter=31465] rollout_mean_bb=0.8485 policy_loss=-0.033660 value_loss=0.561252
[iter=31470] rollout_mean_bb=4.8403 policy_loss=0.021381 value_loss=0.546500
[iter=31475] rollout_mean_bb=3.2701 policy_loss=-0.002848 value_loss=0.591679
[iter=31480] rollout_mean_bb=1.7070 policy_loss=-0.002467 value_loss=0.487012
[iter=31485] rollout_mean_bb=1.9904 policy_loss=-0.009062 value_loss=0.581242
[iter=31490] rollout_mean_bb=5.0023 policy_loss=0.056734 value_loss=0.590646
[iter=31495] rollout_mean_bb=3.0689 policy_loss=-0.010238 value_loss=0.520140
[iter=31500] rollout_mean_bb=5.4011 policy_loss=0.063880 value_loss=0.660527
[iter=31505] rollout_mean_bb=1.2249 policy_loss=0.025546 value_loss=0.686918
[iter=31510] rollout_mean_bb=-3.6920 policy_loss=0.003291 value_loss=0.692869
[iter=31515] rollout_mean_bb=5.0534 policy_loss=0.003509 value_loss=0.641888
[iter=31520] rollout_mean_bb=3.4374 policy_loss=0.039000 value_loss=0.530756
[iter=31525] rollout_mean_bb=2.1344 policy_loss=0.009065 value_loss=0.592556
[iter=31530] rollout_mean_bb=6.1045 policy_loss=0.036444 value_loss=0.694921
[iter=31535] rollout_mean_bb=2.3678 policy_loss=0.000980 value_loss=0.704717
[iter=31540] rollout_mean_bb=2.5927 policy_loss=-0.152078 value_loss=0.620707
[iter=31545] rollout_mean_bb=3.2268 policy_loss=0.010172 value_loss=0.654824
[iter=31550] rollout_mean_bb=1.8438 policy_loss=-0.020508 value_loss=0.548659
[iter=31555] rollout_mean_bb=1.9400 policy_loss=0.017595 value_loss=0.468259
[iter=31560] rollout_mean_bb=2.3001 policy_loss=0.029949 value_loss=0.581731
[iter=31565] rollout_mean_bb=0.9704 policy_loss=-0.042906 value_loss=0.577905
[iter=31570] rollout_mean_bb=-0.1165 policy_loss=-0.005547 value_loss=0.712515
[iter=31575] rollout_mean_bb=0.3218 policy_loss=0.009653 value_loss=0.410439
[iter=31580] rollout_mean_bb=2.2462 policy_loss=0.002317 value_loss=0.547787
[iter=31585] rollout_mean_bb=3.4989 policy_loss=0.002389 value_loss=0.507475
[iter=31590] rollout_mean_bb=3.1672 policy_loss=-0.022989 value_loss=0.634940
[iter=31595] rollout_mean_bb=3.1780 policy_loss=0.006103 value_loss=0.594194
[iter=31600] rollout_mean_bb=3.1566 policy_loss=-0.001639 value_loss=0.815214
[iter=31605] rollout_mean_bb=4.2166 policy_loss=0.033700 value_loss=0.669510
[iter=31610] rollout_mean_bb=4.8339 policy_loss=-0.062973 value_loss=0.739218
[iter=31615] rollout_mean_bb=3.1413 policy_loss=0.119396 value_loss=0.624250
[iter=31620] rollout_mean_bb=1.0721 policy_loss=0.006541 value_loss=0.587900
[iter=31625] rollout_mean_bb=2.1782 policy_loss=-0.036573 value_loss=0.484889
[iter=31630] rollout_mean_bb=3.8144 policy_loss=0.005028 value_loss=0.491794
[iter=31635] rollout_mean_bb=1.1225 policy_loss=-0.017630 value_loss=0.575222
[iter=31640] rollout_mean_bb=4.3909 policy_loss=-0.083257 value_loss=0.688192
[iter=31645] rollout_mean_bb=1.4253 policy_loss=0.029819 value_loss=0.753620
[iter=31650] rollout_mean_bb=5.0221 policy_loss=-0.046126 value_loss=0.534155
[iter=31655] rollout_mean_bb=2.3328 policy_loss=0.008386 value_loss=0.591163
[iter=31660] rollout_mean_bb=3.5833 policy_loss=0.006031 value_loss=0.622824
[iter=31665] rollout_mean_bb=4.0396 policy_loss=0.017760 value_loss=0.826764
[iter=31670] rollout_mean_bb=3.5291 policy_loss=-0.006653 value_loss=0.555595
[iter=31675] rollout_mean_bb=-0.4386 policy_loss=-0.019054 value_loss=0.495000
[iter=31680] rollout_mean_bb=1.8574 policy_loss=-0.000581 value_loss=0.577851
[iter=31685] rollout_mean_bb=1.6582 policy_loss=0.009219 value_loss=0.706878
[iter=31690] rollout_mean_bb=-2.1769 policy_loss=-0.008273 value_loss=0.786085
[iter=31695] rollout_mean_bb=-0.1783 policy_loss=0.003580 value_loss=0.674587
[iter=31700] rollout_mean_bb=2.1903 policy_loss=0.019121 value_loss=0.720690
[iter=31705] rollout_mean_bb=1.4848 policy_loss=0.014603 value_loss=0.687698
[iter=31710] rollout_mean_bb=3.7300 policy_loss=0.056445 value_loss=0.568541
[iter=31715] rollout_mean_bb=1.8511 policy_loss=-0.152801 value_loss=0.587265
[iter=31720] rollout_mean_bb=0.6097 policy_loss=-0.016213 value_loss=0.417834
[iter=31725] rollout_mean_bb=3.5769 policy_loss=0.030477 value_loss=0.631942
[iter=31730] rollout_mean_bb=4.6383 policy_loss=0.018897 value_loss=0.475515
[iter=31735] rollout_mean_bb=1.9525 policy_loss=0.014893 value_loss=0.555160
[iter=31740] rollout_mean_bb=0.3552 policy_loss=-0.037382 value_loss=0.625091
[iter=31745] rollout_mean_bb=4.3670 policy_loss=0.051987 value_loss=0.649673
[iter=31750] rollout_mean_bb=2.6824 policy_loss=0.001083 value_loss=0.598364
[iter=31755] rollout_mean_bb=3.6131 policy_loss=0.029431 value_loss=0.575181
[iter=31760] rollout_mean_bb=3.6681 policy_loss=-0.031048 value_loss=0.573877
[iter=31765] rollout_mean_bb=2.9146 policy_loss=0.006346 value_loss=0.603668
[iter=31770] rollout_mean_bb=-0.2370 policy_loss=0.029518 value_loss=0.552461
[iter=31775] rollout_mean_bb=-0.7142 policy_loss=-0.036272 value_loss=0.365821
[iter=31780] rollout_mean_bb=4.0799 policy_loss=0.014636 value_loss=0.427727
[iter=31785] rollout_mean_bb=3.2032 policy_loss=-0.013611 value_loss=0.619182
[iter=31790] rollout_mean_bb=1.4995 policy_loss=0.071801 value_loss=0.718935
[iter=31795] rollout_mean_bb=1.3463 policy_loss=0.045088 value_loss=0.815292
[iter=31800] rollout_mean_bb=2.9245 policy_loss=0.054392 value_loss=0.540746
[iter=31805] rollout_mean_bb=3.5474 policy_loss=-0.013661 value_loss=0.538581
[iter=31810] rollout_mean_bb=2.4710 policy_loss=-0.008543 value_loss=0.596773
[iter=31815] rollout_mean_bb=4.7225 policy_loss=-0.020564 value_loss=0.579734
[iter=31820] rollout_mean_bb=2.2799 policy_loss=-0.016515 value_loss=0.432470
[iter=31825] rollout_mean_bb=3.0161 policy_loss=0.023642 value_loss=0.570104
[iter=31830] rollout_mean_bb=2.9966 policy_loss=-0.017442 value_loss=0.579739
[iter=31835] rollout_mean_bb=0.2942 policy_loss=0.001020 value_loss=0.600651
[iter=31840] rollout_mean_bb=3.9550 policy_loss=-0.000025 value_loss=0.707878
[iter=31845] rollout_mean_bb=2.7712 policy_loss=0.003513 value_loss=0.608489
[iter=31850] rollout_mean_bb=5.5771 policy_loss=0.001903 value_loss=0.577974
[iter=31855] rollout_mean_bb=1.4605 policy_loss=-0.040651 value_loss=0.531507
[iter=31860] rollout_mean_bb=2.2351 policy_loss=0.054405 value_loss=0.657332
[iter=31865] rollout_mean_bb=1.7587 policy_loss=-0.007110 value_loss=0.708525
[iter=31870] rollout_mean_bb=0.8415 policy_loss=-0.043388 value_loss=0.415179
[iter=31875] rollout_mean_bb=1.5199 policy_loss=-0.009334 value_loss=0.695695
[iter=31880] rollout_mean_bb=0.2607 policy_loss=0.035707 value_loss=0.659676
[iter=31885] rollout_mean_bb=3.5965 policy_loss=0.003944 value_loss=0.575728
[iter=31890] rollout_mean_bb=3.4654 policy_loss=0.009329 value_loss=0.645523
[iter=31895] rollout_mean_bb=2.8997 policy_loss=0.004365 value_loss=0.454761
[iter=31900] rollout_mean_bb=1.6836 policy_loss=0.016170 value_loss=0.705360
[iter=31905] rollout_mean_bb=3.8400 policy_loss=-0.025598 value_loss=0.618225
[iter=31910] rollout_mean_bb=2.2575 policy_loss=0.004476 value_loss=0.599928
[iter=31915] rollout_mean_bb=3.5237 policy_loss=0.047936 value_loss=1.007662
[iter=31920] rollout_mean_bb=3.3222 policy_loss=-0.014423 value_loss=0.717421
[iter=31925] rollout_mean_bb=1.8225 policy_loss=-0.049918 value_loss=0.683344
[iter=31930] rollout_mean_bb=2.6702 policy_loss=-0.020566 value_loss=0.538685
[iter=31935] rollout_mean_bb=3.4865 policy_loss=0.014836 value_loss=0.782596
[iter=31940] rollout_mean_bb=3.4690 policy_loss=0.040807 value_loss=0.657994
[iter=31945] rollout_mean_bb=1.0303 policy_loss=-0.004978 value_loss=0.587999
[iter=31950] rollout_mean_bb=5.8486 policy_loss=-0.070908 value_loss=0.599245
[iter=31955] rollout_mean_bb=2.6265 policy_loss=-0.021759 value_loss=0.602364
[iter=31960] rollout_mean_bb=4.1059 policy_loss=-0.002555 value_loss=0.534413
[iter=31965] rollout_mean_bb=2.6822 policy_loss=0.058838 value_loss=0.668860
[iter=31970] rollout_mean_bb=0.7721 policy_loss=0.011077 value_loss=0.491088
[iter=31975] rollout_mean_bb=3.7299 policy_loss=-0.045515 value_loss=0.584486
[iter=31980] rollout_mean_bb=-0.3839 policy_loss=-0.081198 value_loss=0.888436
[iter=31985] rollout_mean_bb=2.6774 policy_loss=-0.003870 value_loss=0.656947
[iter=31990] rollout_mean_bb=6.9517 policy_loss=0.012445 value_loss=0.792713
[iter=31995] rollout_mean_bb=4.7556 policy_loss=0.008249 value_loss=0.833315
[iter=32000] rollout_mean_bb=-0.0640 policy_loss=-0.021499 value_loss=0.714814
[iter=32005] rollout_mean_bb=2.1842 policy_loss=-0.041639 value_loss=0.764752
[iter=32010] rollout_mean_bb=4.1425 policy_loss=0.054816 value_loss=0.756846
[iter=32015] rollout_mean_bb=4.1394 policy_loss=0.004148 value_loss=0.483336
[iter=32020] rollout_mean_bb=2.2667 policy_loss=0.000033 value_loss=0.734608
[iter=32025] rollout_mean_bb=5.3776 policy_loss=-0.008897 value_loss=0.710890
[iter=32030] rollout_mean_bb=-0.2008 policy_loss=-0.037794 value_loss=0.667018
[iter=32035] rollout_mean_bb=3.3528 policy_loss=0.014431 value_loss=0.610123
[iter=32040] rollout_mean_bb=-0.8531 policy_loss=0.038134 value_loss=0.560952
[iter=32045] rollout_mean_bb=2.9057 policy_loss=0.003057 value_loss=0.620765
[iter=32050] rollout_mean_bb=-1.3248 policy_loss=-0.024181 value_loss=0.576730
[iter=32055] rollout_mean_bb=3.3940 policy_loss=-0.091211 value_loss=0.550274
[iter=32060] rollout_mean_bb=2.1246 policy_loss=-0.000376 value_loss=0.959526
[iter=32065] rollout_mean_bb=0.7550 policy_loss=0.093879 value_loss=0.554958
[iter=32070] rollout_mean_bb=1.1582 policy_loss=-0.095562 value_loss=0.718889
[iter=32075] rollout_mean_bb=3.5730 policy_loss=0.103044 value_loss=0.857225
[iter=32080] rollout_mean_bb=1.5056 policy_loss=0.033511 value_loss=0.747845
[iter=32085] rollout_mean_bb=1.0499 policy_loss=-0.048172 value_loss=0.663437
[iter=32090] rollout_mean_bb=1.0793 policy_loss=-0.004722 value_loss=0.673370
[iter=32095] rollout_mean_bb=3.8575 policy_loss=0.038462 value_loss=0.649404
[iter=32100] rollout_mean_bb=5.3985 policy_loss=-0.003562 value_loss=0.745854
[iter=32105] rollout_mean_bb=2.3472 policy_loss=0.030584 value_loss=0.452683
[iter=32110] rollout_mean_bb=2.8213 policy_loss=0.011807 value_loss=0.661722
[iter=32115] rollout_mean_bb=-0.3912 policy_loss=-0.011975 value_loss=0.656280
[iter=32120] rollout_mean_bb=6.7028 policy_loss=-0.006871 value_loss=0.728276
[iter=32125] rollout_mean_bb=4.2776 policy_loss=0.054702 value_loss=0.898893
[iter=32130] rollout_mean_bb=0.7746 policy_loss=0.039439 value_loss=0.666750
[iter=32135] rollout_mean_bb=2.1141 policy_loss=0.009944 value_loss=0.660149
[iter=32140] rollout_mean_bb=1.7849 policy_loss=-0.003953 value_loss=0.585626
[iter=32145] rollout_mean_bb=2.9481 policy_loss=0.051472 value_loss=0.520266
[iter=32150] rollout_mean_bb=4.0630 policy_loss=0.003622 value_loss=0.792294
[iter=32155] rollout_mean_bb=4.0859 policy_loss=0.018839 value_loss=0.666302
[iter=32160] rollout_mean_bb=1.4248 policy_loss=0.014227 value_loss=0.754588
[iter=32165] rollout_mean_bb=-0.0638 policy_loss=0.024830 value_loss=0.517796
[iter=32170] rollout_mean_bb=1.4178 policy_loss=0.052745 value_loss=0.785122
[iter=32175] rollout_mean_bb=2.9078 policy_loss=-0.035510 value_loss=0.736658
[iter=32180] rollout_mean_bb=1.4281 policy_loss=-0.045001 value_loss=0.690582
[iter=32185] rollout_mean_bb=4.9501 policy_loss=-0.002268 value_loss=0.628461
[iter=32190] rollout_mean_bb=1.7553 policy_loss=0.003272 value_loss=0.738719
[iter=32195] rollout_mean_bb=0.9790 policy_loss=0.005935 value_loss=0.700949
[iter=32200] rollout_mean_bb=0.2792 policy_loss=-0.008631 value_loss=0.737887
[iter=32205] rollout_mean_bb=6.5752 policy_loss=-0.023011 value_loss=0.668447
[iter=32210] rollout_mean_bb=0.0547 policy_loss=-0.016095 value_loss=0.643541
[iter=32215] rollout_mean_bb=-1.3297 policy_loss=-0.007578 value_loss=0.765870
[iter=32220] rollout_mean_bb=0.0153 policy_loss=0.026954 value_loss=0.702198
[iter=32225] rollout_mean_bb=4.1719 policy_loss=-0.065654 value_loss=0.729053
[iter=32230] rollout_mean_bb=1.4682 policy_loss=-0.030585 value_loss=0.603062
[iter=32235] rollout_mean_bb=2.5256 policy_loss=-0.006909 value_loss=0.617113
[iter=32240] rollout_mean_bb=-0.9950 policy_loss=0.026834 value_loss=0.602948
[iter=32245] rollout_mean_bb=1.9983 policy_loss=-0.002547 value_loss=0.754400
[iter=32250] rollout_mean_bb=2.8545 policy_loss=-0.013895 value_loss=0.435476
[iter=32255] rollout_mean_bb=3.8605 policy_loss=0.092849 value_loss=0.834538
[iter=32260] rollout_mean_bb=1.3184 policy_loss=0.009543 value_loss=0.514208
[iter=32265] rollout_mean_bb=-0.3077 policy_loss=-0.026785 value_loss=0.831021
[iter=32270] rollout_mean_bb=1.3061 policy_loss=-0.102998 value_loss=0.878405
[iter=32275] rollout_mean_bb=2.5228 policy_loss=0.096050 value_loss=0.653605
[iter=32280] rollout_mean_bb=-1.4292 policy_loss=0.052899 value_loss=0.835183
[iter=32285] rollout_mean_bb=-0.1947 policy_loss=-0.064678 value_loss=0.563422
[iter=32290] rollout_mean_bb=4.3203 policy_loss=0.024715 value_loss=0.578892
[iter=32295] rollout_mean_bb=-0.0942 policy_loss=0.017319 value_loss=0.634263
[iter=32300] rollout_mean_bb=1.0577 policy_loss=0.011600 value_loss=0.600343
[iter=32305] rollout_mean_bb=-0.9684 policy_loss=0.050439 value_loss=0.561204
[iter=32310] rollout_mean_bb=4.2379 policy_loss=0.001878 value_loss=0.761216
[iter=32315] rollout_mean_bb=2.4149 policy_loss=0.014467 value_loss=0.509856
[iter=32320] rollout_mean_bb=1.8106 policy_loss=-0.016893 value_loss=0.658159
[iter=32325] rollout_mean_bb=5.2303 policy_loss=-0.002002 value_loss=0.617879
[iter=32330] rollout_mean_bb=0.2033 policy_loss=0.067489 value_loss=0.758264
[iter=32335] rollout_mean_bb=0.3605 policy_loss=0.013122 value_loss=0.794348
[iter=32340] rollout_mean_bb=1.5017 policy_loss=-0.048980 value_loss=0.643013
[iter=32345] rollout_mean_bb=3.1073 policy_loss=0.001461 value_loss=0.700928
[iter=32350] rollout_mean_bb=3.5109 policy_loss=0.024599 value_loss=0.871691
[iter=32355] rollout_mean_bb=4.8479 policy_loss=-0.001567 value_loss=0.737834
[iter=32360] rollout_mean_bb=3.1297 policy_loss=0.050476 value_loss=0.758641
[iter=32365] rollout_mean_bb=3.2318 policy_loss=-0.004997 value_loss=0.808126
[iter=32370] rollout_mean_bb=4.6534 policy_loss=-0.036126 value_loss=0.743370
[iter=32375] rollout_mean_bb=2.0817 policy_loss=-0.008045 value_loss=0.592445
[iter=32380] rollout_mean_bb=2.9178 policy_loss=-0.050847 value_loss=0.538681
[iter=32385] rollout_mean_bb=0.6669 policy_loss=-0.046235 value_loss=0.567613
[iter=32390] rollout_mean_bb=1.8064 policy_loss=-0.037476 value_loss=0.618766
[iter=32395] rollout_mean_bb=3.0974 policy_loss=-0.002447 value_loss=0.740879
[iter=32400] rollout_mean_bb=1.0548 policy_loss=0.009308 value_loss=0.684482
[iter=32405] rollout_mean_bb=2.0226 policy_loss=-0.002349 value_loss=0.678984
[iter=32410] rollout_mean_bb=0.2739 policy_loss=0.022189 value_loss=0.864678
[iter=32415] rollout_mean_bb=1.2503 policy_loss=0.001970 value_loss=0.591028
[iter=32420] rollout_mean_bb=2.6352 policy_loss=0.045319 value_loss=0.716084
[iter=32425] rollout_mean_bb=-0.2630 policy_loss=0.188919 value_loss=0.809124
[iter=32430] rollout_mean_bb=0.2823 policy_loss=-0.004847 value_loss=0.675303
[iter=32435] rollout_mean_bb=3.4669 policy_loss=0.047777 value_loss=0.474757
[iter=32440] rollout_mean_bb=-0.2913 policy_loss=0.014535 value_loss=0.770045
[iter=32445] rollout_mean_bb=5.2583 policy_loss=-0.033888 value_loss=1.188239
[iter=32450] rollout_mean_bb=1.1864 policy_loss=-0.021278 value_loss=0.708597
[iter=32455] rollout_mean_bb=1.3901 policy_loss=-0.014911 value_loss=0.639456
[iter=32460] rollout_mean_bb=3.5506 policy_loss=-0.011620 value_loss=0.697956
[iter=32465] rollout_mean_bb=5.2839 policy_loss=-0.006746 value_loss=0.634083
[iter=32470] rollout_mean_bb=3.8508 policy_loss=0.033549 value_loss=0.887213
[iter=32475] rollout_mean_bb=2.1165 policy_loss=0.012629 value_loss=0.643640
[iter=32480] rollout_mean_bb=1.5725 policy_loss=-0.031925 value_loss=0.882680
[iter=32485] rollout_mean_bb=1.7444 policy_loss=0.028951 value_loss=0.741956
[iter=32490] rollout_mean_bb=4.5426 policy_loss=0.005435 value_loss=0.611568
[iter=32495] rollout_mean_bb=2.9860 policy_loss=-0.029551 value_loss=0.744048
[iter=32500] rollout_mean_bb=1.8156 policy_loss=-0.042280 value_loss=0.638576
[iter=32505] rollout_mean_bb=0.6234 policy_loss=0.037628 value_loss=0.578746
[iter=32510] rollout_mean_bb=1.9185 policy_loss=-0.043814 value_loss=0.771123
[iter=32515] rollout_mean_bb=1.9746 policy_loss=0.062973 value_loss=0.630112
[iter=32520] rollout_mean_bb=3.2478 policy_loss=-0.054514 value_loss=0.791741
[iter=32525] rollout_mean_bb=2.1822 policy_loss=-0.072092 value_loss=0.620450
[iter=32530] rollout_mean_bb=2.7163 policy_loss=0.001508 value_loss=0.788884
[iter=32535] rollout_mean_bb=4.3161 policy_loss=0.043437 value_loss=0.696073
[iter=32540] rollout_mean_bb=2.7043 policy_loss=0.024522 value_loss=0.590349
[iter=32545] rollout_mean_bb=3.2579 policy_loss=0.023921 value_loss=0.890642
[iter=32550] rollout_mean_bb=0.4949 policy_loss=0.004230 value_loss=0.686748
[iter=32555] rollout_mean_bb=4.0393 policy_loss=0.020841 value_loss=0.591961
[iter=32560] rollout_mean_bb=2.3564 policy_loss=-0.058942 value_loss=0.629792
[iter=32565] rollout_mean_bb=-0.0864 policy_loss=-0.034113 value_loss=0.752090
[iter=32570] rollout_mean_bb=1.1543 policy_loss=0.023182 value_loss=0.644462
[iter=32575] rollout_mean_bb=5.2526 policy_loss=0.094109 value_loss=0.889545
[iter=32580] rollout_mean_bb=2.2685 policy_loss=0.032986 value_loss=0.807064
[iter=32585] rollout_mean_bb=4.2463 policy_loss=0.027021 value_loss=0.626010
[iter=32590] rollout_mean_bb=2.2831 policy_loss=0.062021 value_loss=0.890328
[iter=32595] rollout_mean_bb=1.7227 policy_loss=-0.035605 value_loss=0.756828
[iter=32600] rollout_mean_bb=1.8841 policy_loss=0.035989 value_loss=0.640607
[iter=32605] rollout_mean_bb=1.3930 policy_loss=0.035200 value_loss=0.566947
[iter=32610] rollout_mean_bb=5.9742 policy_loss=0.003304 value_loss=0.741484
[iter=32615] rollout_mean_bb=4.0245 policy_loss=-0.015410 value_loss=0.758016
[iter=32620] rollout_mean_bb=-1.4400 policy_loss=0.012906 value_loss=0.703435
[iter=32625] rollout_mean_bb=4.3860 policy_loss=0.036897 value_loss=0.701868
[iter=32630] rollout_mean_bb=6.6679 policy_loss=0.013966 value_loss=0.536147
[iter=32635] rollout_mean_bb=0.7874 policy_loss=-0.027216 value_loss=0.678741
[iter=32640] rollout_mean_bb=0.3702 policy_loss=-0.032106 value_loss=1.055366
[iter=32645] rollout_mean_bb=0.6582 policy_loss=-0.053980 value_loss=0.744199
[iter=32650] rollout_mean_bb=2.4216 policy_loss=0.017188 value_loss=0.814747
[iter=32655] rollout_mean_bb=5.0368 policy_loss=0.005850 value_loss=0.678888
[iter=32660] rollout_mean_bb=3.6025 policy_loss=0.007679 value_loss=0.725952
[iter=32665] rollout_mean_bb=0.4828 policy_loss=0.064616 value_loss=0.605000
[iter=32670] rollout_mean_bb=3.4860 policy_loss=-0.036282 value_loss=0.751147
[iter=32675] rollout_mean_bb=4.8297 policy_loss=-0.008747 value_loss=0.743770
[iter=32680] rollout_mean_bb=2.4206 policy_loss=0.018919 value_loss=0.739664
[iter=32685] rollout_mean_bb=0.7316 policy_loss=0.015714 value_loss=0.657818
[iter=32690] rollout_mean_bb=6.1437 policy_loss=-0.020624 value_loss=0.575728
[iter=32695] rollout_mean_bb=1.7811 policy_loss=-0.003488 value_loss=0.694520
[iter=32700] rollout_mean_bb=2.7011 policy_loss=0.059163 value_loss=0.806780
[iter=32705] rollout_mean_bb=5.7724 policy_loss=0.067916 value_loss=0.632943
[iter=32710] rollout_mean_bb=2.5738 policy_loss=0.033166 value_loss=0.611246
[iter=32715] rollout_mean_bb=5.0286 policy_loss=-0.002315 value_loss=0.769017
