## SLURM PROLOG ###############################################################
##    Job ID : 354385
##  Job Name : ah_stage_b_train
##  Nodelist : gpu2264
##      CPUs : 1
##  Mem/Node : 32768 MB
## Directory : /oscar/home/smdesai/antigravity_poker/anitgravity-txhm
##   Job Started : Thu Feb 12 09:05:10 AM EST 2026
###############################################################################
Job: ah_stage_b_train (354385)
Node: gpu2264
Date: Thu Feb 12 09:05:10 AM EST 2026
Submit dir: /oscar/home/smdesai/antigravity_poker/anitgravity-txhm
-------------------
Running Stage B training with config: quadro_stage_b
Optional module pokerkit_wrapper was not importable: No module named 'pokerkit'
Loaded Config: quadro_stage_b
Config(GAME_NAME='universal_poker', ENV_PRESET='hunl_fcpa', BETTING_ABSTRACTION='fcpa', PLAYERS=2, STACK_SIZE=20000, SMALL_BLIND=50, BIG_BLIND=100, MAX_ACTION_HISTORY=64, NUM_ACTORS=1, EMBEDDING_DIM=64, HIDDEN_DIM=256, NUM_LAYERS_CARD=3, NUM_LAYERS_ACTION=2, DROPOUT=0.1, USE_LAYERNORM=True, USE_RESIDUAL=True, SCALAR_DIM=11, ALGO='ppo_ksp', CFR_ITERATIONS=9000, ROLLOUT_EPISODES=256, SELF_PLAY_GAMES=20, PPO_EPOCHS=2, PPO_MINIBATCH_SIZE=256, PPO_CLIP_EPS=0.2, PPO_GAMMA=0.995, PPO_GAE_LAMBDA=0.95, PPO_VALUE_COEF=0.25, PPO_ENTROPY_COEF=0.003, PPO_TARGET_KL=0.015, VALUE_LOSS_TYPE='huber', VALUE_HUBER_DELTA=10.0, VALUE_TARGET_SCALE=20.0, SKIP_NONFINITE_GRAD=True, MIN_ROLLOUT_TRANSITIONS=192, K_BEST=8, LEAGUE_INIT_RATING=1200.0, LEAGUE_K_FACTOR=24.0, PFSP_BETA=2.0, SNAPSHOT_INTERVAL=50, LR=0.0001, WEIGHT_DECAY=1e-05, BATCH_SIZE=256, BUFFER_SIZE=500000, GRAD_CLIP=0.5, GRAD_ACCUM_STEPS=2, AMP=False, LR_SCHEDULER='none', EVAL_FREQ=0, EVAL_EPISODES=200, EVAL_BASELINE_ALGO='mccfr_external_sampling', EVAL_BASELINE_ITERS=5000, EVAL_BASELINE_SEEDS=3, EVAL_BASELINE_CACHE_MODE='process', EVAL_BASELINE_LABEL='MCCFR-ES', EVAL_CFR_ITERATIONS=5000, EVAL_ENABLE_RANDOM=True, EVAL_ENABLE_CFR=False, EVAL_ENABLE_NASH_CONV=False, BB_SIZE=100.0, CHECKPOINT_FREQ=40, MAX_CHECKPOINTS=1, CHECKPOINT_SINGLE_FILE=True, CHECKPOINT_SAVE_OPTIMIZER=False, CHECKPOINT_SAVE_SCHEDULER=False, CHECKPOINT_SAVE_LEAGUE=False, CHECKPOINT_SAVE_EXTRA=False, LOG_INTERVAL=5, RUN_DIR='.', RESUME_FROM='', RUN_ID='', WANDB_PROJECT='alpha-holdem-poker', WANDB_RUN_NAME='', WANDB_MODE='offline', OFFLINE_LOGGING=True, SEED=42, DEVICE='cuda')
Starting training: start_step=0, target_iterations=9000, device=cuda, run_id=20260212_140526
[iter=5] rollout_mean_bb=12.3652 policy_loss=0.051242 value_loss=2.073306
[iter=10] rollout_mean_bb=-12.8789 policy_loss=-0.011480 value_loss=2.576809
[iter=15] rollout_mean_bb=-3.1719 policy_loss=0.000025 value_loss=2.335103
[iter=20] rollout_mean_bb=6.5195 policy_loss=-0.000280 value_loss=2.755537
[iter=25] rollout_mean_bb=4.3008 policy_loss=-0.033940 value_loss=2.929762
[iter=30] rollout_mean_bb=2.8535 policy_loss=-0.031106 value_loss=2.732022
[iter=35] rollout_mean_bb=3.0215 policy_loss=-0.007875 value_loss=2.818083
[iter=40] rollout_mean_bb=-1.3477 policy_loss=0.001158 value_loss=2.678579
[iter=45] rollout_mean_bb=1.0625 policy_loss=0.002718 value_loss=2.889413
[iter=50] rollout_mean_bb=-0.0781 policy_loss=-0.002126 value_loss=2.918863
[iter=55] rollout_mean_bb=10.0215 policy_loss=-0.013819 value_loss=3.232486
[iter=60] rollout_mean_bb=-2.5801 policy_loss=-0.001349 value_loss=3.721861
[iter=65] rollout_mean_bb=11.0078 policy_loss=0.002388 value_loss=3.407959
[iter=70] rollout_mean_bb=5.6621 policy_loss=0.001622 value_loss=3.759698
[iter=75] rollout_mean_bb=-5.3750 policy_loss=-0.049978 value_loss=3.738467
[iter=80] rollout_mean_bb=13.0430 policy_loss=0.021071 value_loss=3.597138
[iter=85] rollout_mean_bb=13.8301 policy_loss=0.006125 value_loss=3.728170
[iter=90] rollout_mean_bb=-4.2383 policy_loss=0.004112 value_loss=3.512780
[iter=95] rollout_mean_bb=12.3320 policy_loss=0.004491 value_loss=3.565822
[iter=100] rollout_mean_bb=12.8691 policy_loss=0.000363 value_loss=3.545003
[iter=105] rollout_mean_bb=-6.9414 policy_loss=0.000153 value_loss=3.952645
[iter=110] rollout_mean_bb=20.6016 policy_loss=-0.004818 value_loss=4.033702
[iter=115] rollout_mean_bb=-12.8535 policy_loss=0.006152 value_loss=4.016367
[iter=120] rollout_mean_bb=1.4355 policy_loss=0.001818 value_loss=3.919270
[iter=125] rollout_mean_bb=-2.7188 policy_loss=0.004166 value_loss=4.087494
[iter=130] rollout_mean_bb=15.0781 policy_loss=0.004249 value_loss=3.948487
[iter=135] rollout_mean_bb=-4.3730 policy_loss=-0.003572 value_loss=3.993485
[iter=140] rollout_mean_bb=7.9082 policy_loss=-0.002275 value_loss=4.058452
[iter=145] rollout_mean_bb=-5.3438 policy_loss=-0.001081 value_loss=3.999487
[iter=150] rollout_mean_bb=-10.5234 policy_loss=0.007727 value_loss=4.255949
[iter=155] rollout_mean_bb=17.3379 policy_loss=-0.041658 value_loss=4.156270
[iter=160] rollout_mean_bb=10.9160 policy_loss=0.025386 value_loss=4.364265
[iter=165] rollout_mean_bb=16.1914 policy_loss=0.004549 value_loss=4.184655
[iter=170] rollout_mean_bb=9.7051 policy_loss=-0.008663 value_loss=4.265004
[iter=175] rollout_mean_bb=-8.6562 policy_loss=-0.044569 value_loss=4.111332
[iter=180] rollout_mean_bb=2.2402 policy_loss=-0.048238 value_loss=4.368817
[iter=185] rollout_mean_bb=-14.4902 policy_loss=0.001759 value_loss=4.198335
[iter=190] rollout_mean_bb=-2.4609 policy_loss=0.001248 value_loss=3.563413
[iter=195] rollout_mean_bb=-3.4395 policy_loss=0.015286 value_loss=3.369371
[iter=200] rollout_mean_bb=-16.7324 policy_loss=-0.003013 value_loss=3.247427
[iter=205] rollout_mean_bb=1.1328 policy_loss=-0.008773 value_loss=3.088709
[iter=210] rollout_mean_bb=-2.6152 policy_loss=-0.000237 value_loss=3.100280
[iter=215] rollout_mean_bb=-3.4922 policy_loss=-0.007855 value_loss=2.319441
[iter=220] rollout_mean_bb=-10.0547 policy_loss=0.057095 value_loss=2.873045
[iter=225] rollout_mean_bb=-6.2715 policy_loss=-0.006688 value_loss=2.791977
[iter=230] rollout_mean_bb=-19.6172 policy_loss=0.000611 value_loss=2.797989
[iter=235] rollout_mean_bb=6.3125 policy_loss=0.002574 value_loss=2.915539
[iter=240] rollout_mean_bb=-0.7559 policy_loss=-0.001469 value_loss=3.013539
[iter=245] rollout_mean_bb=-8.2363 policy_loss=-0.018076 value_loss=4.041862
[iter=250] rollout_mean_bb=6.1484 policy_loss=-0.008363 value_loss=3.570420
[iter=255] rollout_mean_bb=-11.9414 policy_loss=-0.001361 value_loss=3.385856
[iter=260] rollout_mean_bb=-0.5898 policy_loss=-0.000199 value_loss=3.410973
[iter=265] rollout_mean_bb=-6.4863 policy_loss=0.000829 value_loss=3.448172
[iter=270] rollout_mean_bb=14.1094 policy_loss=0.007483 value_loss=3.378687
[iter=275] rollout_mean_bb=12.5996 policy_loss=0.010971 value_loss=3.621384
[iter=280] rollout_mean_bb=13.4336 policy_loss=-0.000647 value_loss=3.984545
[iter=285] rollout_mean_bb=-3.0566 policy_loss=-0.000570 value_loss=4.275993
[iter=290] rollout_mean_bb=4.7754 policy_loss=-0.007501 value_loss=3.938146
[iter=295] rollout_mean_bb=-12.5195 policy_loss=0.000454 value_loss=3.866466
[iter=300] rollout_mean_bb=0.7910 policy_loss=0.002234 value_loss=3.422669
[iter=305] rollout_mean_bb=2.2852 policy_loss=0.001309 value_loss=3.656761
[iter=310] rollout_mean_bb=17.9785 policy_loss=-0.005222 value_loss=4.108209
[iter=315] rollout_mean_bb=-5.4629 policy_loss=-0.014078 value_loss=4.378700
[iter=320] rollout_mean_bb=-3.1289 policy_loss=-0.080910 value_loss=4.494918
[iter=325] rollout_mean_bb=-0.0078 policy_loss=-0.021479 value_loss=4.461362
[iter=330] rollout_mean_bb=-14.0664 policy_loss=-0.036561 value_loss=4.580491
[iter=335] rollout_mean_bb=7.8105 policy_loss=0.235374 value_loss=4.397905
[iter=340] rollout_mean_bb=5.4648 policy_loss=0.113745 value_loss=4.543292
[iter=345] rollout_mean_bb=10.9375 policy_loss=0.033002 value_loss=4.759090
[iter=350] rollout_mean_bb=25.7852 policy_loss=0.234095 value_loss=4.710450
[iter=355] rollout_mean_bb=-0.8281 policy_loss=0.205093 value_loss=4.576433
[iter=360] rollout_mean_bb=10.8750 policy_loss=-0.381835 value_loss=3.805938
[iter=365] rollout_mean_bb=10.9180 policy_loss=0.030885 value_loss=4.445684
[iter=370] rollout_mean_bb=6.1562 policy_loss=-0.122962 value_loss=3.755386
[iter=375] rollout_mean_bb=1.4551 policy_loss=0.001420 value_loss=3.923101
[iter=380] rollout_mean_bb=13.1406 policy_loss=0.037518 value_loss=4.217867
[iter=385] rollout_mean_bb=15.4688 policy_loss=-0.000548 value_loss=3.351794
[iter=390] rollout_mean_bb=-5.6621 policy_loss=-0.000685 value_loss=3.523306
[iter=395] rollout_mean_bb=6.0977 policy_loss=-0.291743 value_loss=2.965267
[iter=400] rollout_mean_bb=-8.7832 policy_loss=0.000502 value_loss=3.219008
[iter=405] rollout_mean_bb=-0.2422 policy_loss=-0.002865 value_loss=3.199880
[iter=410] rollout_mean_bb=0.5469 policy_loss=-0.000439 value_loss=3.142633
[iter=415] rollout_mean_bb=-14.2695 policy_loss=-0.001441 value_loss=3.238220
[iter=420] rollout_mean_bb=5.2715 policy_loss=0.179162 value_loss=3.461175
[iter=425] rollout_mean_bb=-0.9844 policy_loss=0.295520 value_loss=4.114516
[iter=430] rollout_mean_bb=-11.2266 policy_loss=0.001679 value_loss=2.857341
[iter=435] rollout_mean_bb=-5.7812 policy_loss=0.640017 value_loss=3.819328
[iter=440] rollout_mean_bb=-8.1504 policy_loss=0.330759 value_loss=2.566379
[iter=445] rollout_mean_bb=5.1484 policy_loss=0.352320 value_loss=2.575405
[iter=450] rollout_mean_bb=-1.9434 policy_loss=0.000366 value_loss=2.399833
[iter=455] rollout_mean_bb=-1.2285 policy_loss=0.003661 value_loss=2.046007
[iter=460] rollout_mean_bb=7.3945 policy_loss=0.028632 value_loss=1.124073
[iter=465] rollout_mean_bb=-7.4766 policy_loss=0.000756 value_loss=2.275055
[iter=470] rollout_mean_bb=0.2559 policy_loss=-0.416277 value_loss=2.078559
[iter=475] rollout_mean_bb=-6.6855 policy_loss=0.000158 value_loss=2.141110
[iter=480] rollout_mean_bb=11.2871 policy_loss=-0.329479 value_loss=2.330951
[iter=485] rollout_mean_bb=-12.9453 policy_loss=0.001546 value_loss=2.094305
[iter=490] rollout_mean_bb=-8.2969 policy_loss=-0.000165 value_loss=2.018324
[iter=495] rollout_mean_bb=-5.8906 policy_loss=-0.000061 value_loss=1.961331
[iter=500] rollout_mean_bb=3.3750 policy_loss=-0.000074 value_loss=1.504990
[iter=505] rollout_mean_bb=4.1641 policy_loss=0.021339 value_loss=0.781163
[iter=510] rollout_mean_bb=-7.5664 policy_loss=-0.190966 value_loss=1.079189
[iter=515] rollout_mean_bb=-3.6973 policy_loss=0.410680 value_loss=1.946439
[iter=520] rollout_mean_bb=7.9980 policy_loss=-0.481224 value_loss=1.819717
[iter=525] rollout_mean_bb=-5.9512 policy_loss=-0.002704 value_loss=1.732708
[iter=530] rollout_mean_bb=24.5449 policy_loss=-0.000804 value_loss=2.020933
[iter=535] rollout_mean_bb=-0.4492 policy_loss=-0.000358 value_loss=1.942629
[iter=540] rollout_mean_bb=12.8301 policy_loss=0.000561 value_loss=2.228997
[iter=545] rollout_mean_bb=0.3301 policy_loss=0.000410 value_loss=2.207397
[iter=550] rollout_mean_bb=4.1836 policy_loss=0.001066 value_loss=1.790606
[iter=555] rollout_mean_bb=0.2266 policy_loss=0.814269 value_loss=3.285446
[iter=560] rollout_mean_bb=7.2559 policy_loss=-0.002018 value_loss=1.295851
[iter=565] rollout_mean_bb=9.6973 policy_loss=0.002388 value_loss=1.962357
[iter=570] rollout_mean_bb=-2.7461 policy_loss=0.004192 value_loss=2.045477
[iter=575] rollout_mean_bb=9.5312 policy_loss=0.049940 value_loss=0.543458
[iter=580] rollout_mean_bb=4.1699 policy_loss=0.175803 value_loss=1.199853
[iter=585] rollout_mean_bb=-1.4473 policy_loss=-0.008931 value_loss=0.334525
[iter=590] rollout_mean_bb=-0.7344 policy_loss=0.014059 value_loss=0.133936
[iter=595] rollout_mean_bb=-0.7031 policy_loss=0.031403 value_loss=0.266671
[iter=600] rollout_mean_bb=3.2148 policy_loss=0.028587 value_loss=0.200173
[iter=605] rollout_mean_bb=6.3105 policy_loss=0.050683 value_loss=0.292394
[iter=610] rollout_mean_bb=1.6797 policy_loss=0.021102 value_loss=0.342981
[iter=615] rollout_mean_bb=2.4102 policy_loss=0.035200 value_loss=0.199715
[iter=620] rollout_mean_bb=0.8613 policy_loss=0.015315 value_loss=0.171575
[iter=625] rollout_mean_bb=0.8750 policy_loss=0.008831 value_loss=0.247689
[iter=630] rollout_mean_bb=0.8633 policy_loss=0.030014 value_loss=0.419085
[iter=635] rollout_mean_bb=6.3418 policy_loss=-0.002826 value_loss=0.514697
[iter=640] rollout_mean_bb=-5.3848 policy_loss=-0.026181 value_loss=0.379298
[iter=645] rollout_mean_bb=3.2148 policy_loss=0.037342 value_loss=0.181157
[iter=650] rollout_mean_bb=7.9355 policy_loss=0.067110 value_loss=0.257378
[iter=655] rollout_mean_bb=6.3555 policy_loss=-0.712003 value_loss=1.473252
[iter=660] rollout_mean_bb=-6.0723 policy_loss=-0.000034 value_loss=0.933064
[iter=665] rollout_mean_bb=3.2871 policy_loss=0.023313 value_loss=0.466715
[iter=670] rollout_mean_bb=3.9941 policy_loss=-0.000487 value_loss=0.457328
[iter=675] rollout_mean_bb=14.2012 policy_loss=0.099027 value_loss=0.400250
[iter=680] rollout_mean_bb=-2.9883 policy_loss=-0.003612 value_loss=0.666563
[iter=685] rollout_mean_bb=5.5664 policy_loss=0.039012 value_loss=0.351957
[iter=690] rollout_mean_bb=5.6035 policy_loss=0.041834 value_loss=0.314026
[iter=695] rollout_mean_bb=3.9941 policy_loss=0.002297 value_loss=0.533409
[iter=700] rollout_mean_bb=3.2461 policy_loss=0.673705 value_loss=1.559898
[iter=705] rollout_mean_bb=-2.1465 policy_loss=-1.064094 value_loss=2.965895
[iter=710] rollout_mean_bb=15.8965 policy_loss=0.010681 value_loss=1.581583
[iter=715] rollout_mean_bb=2.5312 policy_loss=-0.002389 value_loss=1.104817
[iter=720] rollout_mean_bb=3.2090 policy_loss=0.038184 value_loss=0.324162
[iter=725] rollout_mean_bb=6.4004 policy_loss=0.037039 value_loss=0.467330
[iter=730] rollout_mean_bb=-4.5273 policy_loss=0.611364 value_loss=1.578081
[iter=735] rollout_mean_bb=3.2617 policy_loss=0.022122 value_loss=0.428818
[iter=740] rollout_mean_bb=4.8086 policy_loss=0.024972 value_loss=0.597142
[iter=745] rollout_mean_bb=8.7422 policy_loss=0.000852 value_loss=1.105265
[iter=750] rollout_mean_bb=6.4492 policy_loss=0.506726 value_loss=1.886281
[iter=755] rollout_mean_bb=4.0879 policy_loss=-0.001974 value_loss=0.998553
[iter=760] rollout_mean_bb=6.4512 policy_loss=-0.001218 value_loss=1.010001
[iter=765] rollout_mean_bb=4.9180 policy_loss=0.000942 value_loss=1.276534
[iter=770] rollout_mean_bb=0.3086 policy_loss=-0.000312 value_loss=1.847357
[iter=775] rollout_mean_bb=4.9238 policy_loss=-0.430441 value_loss=2.047445
[iter=780] rollout_mean_bb=-5.9980 policy_loss=0.196734 value_loss=1.355266
[iter=785] rollout_mean_bb=1.7734 policy_loss=-0.234520 value_loss=1.278540
[iter=790] rollout_mean_bb=7.2207 policy_loss=0.988750 value_loss=3.067137
[iter=795] rollout_mean_bb=0.2402 policy_loss=0.003465 value_loss=1.314255
[iter=800] rollout_mean_bb=7.3145 policy_loss=0.032465 value_loss=0.686197
[iter=805] rollout_mean_bb=-1.3496 policy_loss=-0.000303 value_loss=1.352159
[iter=810] rollout_mean_bb=16.5859 policy_loss=0.088360 value_loss=3.095992
[iter=815] rollout_mean_bb=1.7520 policy_loss=0.008510 value_loss=3.141624
[iter=820] rollout_mean_bb=9.5352 policy_loss=-0.204366 value_loss=1.188327
[iter=825] rollout_mean_bb=4.0742 policy_loss=0.007012 value_loss=1.032979
[iter=830] rollout_mean_bb=13.5781 policy_loss=-0.000183 value_loss=1.760140
[iter=835] rollout_mean_bb=1.7930 policy_loss=-0.000175 value_loss=1.428678
[iter=840] rollout_mean_bb=-9.9180 policy_loss=-0.005099 value_loss=1.408620
[iter=845] rollout_mean_bb=-6.7871 policy_loss=-0.017342 value_loss=0.761733
[iter=850] rollout_mean_bb=-2.8164 policy_loss=0.000311 value_loss=2.037799
[iter=855] rollout_mean_bb=12.0273 policy_loss=0.049255 value_loss=1.009985
[iter=860] rollout_mean_bb=12.8574 policy_loss=0.000621 value_loss=2.084675
[iter=865] rollout_mean_bb=1.9551 policy_loss=0.004375 value_loss=1.999879
[iter=870] rollout_mean_bb=11.1855 policy_loss=-0.000653 value_loss=1.695758
[iter=875] rollout_mean_bb=0.2441 policy_loss=0.000086 value_loss=1.466623
[iter=880] rollout_mean_bb=0.9707 policy_loss=0.003724 value_loss=1.218990
[iter=885] rollout_mean_bb=0.1934 policy_loss=0.005900 value_loss=0.581050
[iter=890] rollout_mean_bb=4.8516 policy_loss=0.000739 value_loss=0.895468
[iter=895] rollout_mean_bb=11.9375 policy_loss=-0.273051 value_loss=1.747419
[iter=900] rollout_mean_bb=8.8691 policy_loss=-0.000395 value_loss=1.752494
[iter=905] rollout_mean_bb=-3.6035 policy_loss=0.002840 value_loss=1.752555
[iter=910] rollout_mean_bb=-5.9531 policy_loss=-0.000264 value_loss=1.847547
[iter=915] rollout_mean_bb=6.5703 policy_loss=-0.000644 value_loss=1.816414
[iter=920] rollout_mean_bb=1.8047 policy_loss=0.006229 value_loss=1.104754
[iter=925] rollout_mean_bb=1.8184 policy_loss=-0.035383 value_loss=2.026037
[iter=930] rollout_mean_bb=13.5137 policy_loss=-0.002053 value_loss=1.143295
[iter=935] rollout_mean_bb=15.8086 policy_loss=-0.166139 value_loss=1.205871
[iter=940] rollout_mean_bb=5.6582 policy_loss=0.555116 value_loss=1.765310
[iter=945] rollout_mean_bb=6.4141 policy_loss=0.044040 value_loss=0.390674
[iter=950] rollout_mean_bb=1.7207 policy_loss=0.597173 value_loss=1.659526
[iter=955] rollout_mean_bb=7.1836 policy_loss=0.013503 value_loss=0.762751
[iter=960] rollout_mean_bb=4.8262 policy_loss=0.029308 value_loss=0.409998
[iter=965] rollout_mean_bb=-0.5898 policy_loss=0.004617 value_loss=1.104615
[iter=970] rollout_mean_bb=9.5664 policy_loss=0.056691 value_loss=0.467136
[iter=975] rollout_mean_bb=-3.7539 policy_loss=0.007573 value_loss=0.914112
[iter=980] rollout_mean_bb=0.9688 policy_loss=0.007730 value_loss=0.514378
[iter=985] rollout_mean_bb=0.8672 policy_loss=0.012598 value_loss=0.247862
[iter=990] rollout_mean_bb=2.4766 policy_loss=0.239121 value_loss=0.744049
[iter=995] rollout_mean_bb=-0.6738 policy_loss=0.003843 value_loss=0.294992
[iter=1000] rollout_mean_bb=0.9668 policy_loss=0.001851 value_loss=1.257273
[iter=1005] rollout_mean_bb=5.0078 policy_loss=-0.002315 value_loss=1.885638
[iter=1010] rollout_mean_bb=5.8086 policy_loss=0.022462 value_loss=3.494119
[iter=1015] rollout_mean_bb=1.8691 policy_loss=0.010487 value_loss=1.961836
[iter=1020] rollout_mean_bb=8.1387 policy_loss=-0.517205 value_loss=2.898406
[iter=1025] rollout_mean_bb=0.4355 policy_loss=-0.314501 value_loss=2.559354
[iter=1030] rollout_mean_bb=8.1777 policy_loss=0.004703 value_loss=2.113111
[iter=1035] rollout_mean_bb=17.5801 policy_loss=0.002200 value_loss=1.998382
[iter=1040] rollout_mean_bb=16.7461 policy_loss=-0.058261 value_loss=1.331678
[iter=1045] rollout_mean_bb=15.2305 policy_loss=0.069842 value_loss=2.490059
[iter=1050] rollout_mean_bb=11.3164 policy_loss=0.308240 value_loss=2.014376
[iter=1055] rollout_mean_bb=16.8105 policy_loss=-0.229945 value_loss=1.856607
[iter=1060] rollout_mean_bb=13.5859 policy_loss=0.044839 value_loss=1.026752
[iter=1065] rollout_mean_bb=9.6582 policy_loss=-0.002980 value_loss=1.502923
[iter=1070] rollout_mean_bb=14.5098 policy_loss=-0.112558 value_loss=3.252577
[iter=1075] rollout_mean_bb=16.9570 policy_loss=-0.105793 value_loss=2.021777
[iter=1080] rollout_mean_bb=6.7715 policy_loss=0.225520 value_loss=2.904804
[iter=1085] rollout_mean_bb=9.0898 policy_loss=0.130515 value_loss=3.040152
[iter=1090] rollout_mean_bb=-27.5020 policy_loss=-0.246268 value_loss=3.106725
[iter=1095] rollout_mean_bb=1.3789 policy_loss=0.001413 value_loss=3.275054
[iter=1100] rollout_mean_bb=9.8730 policy_loss=0.038321 value_loss=3.784232
[iter=1105] rollout_mean_bb=-1.8711 policy_loss=-0.000218 value_loss=2.676313
[iter=1110] rollout_mean_bb=16.8887 policy_loss=0.005789 value_loss=2.625301
[iter=1115] rollout_mean_bb=3.5723 policy_loss=0.004941 value_loss=2.227365
[iter=1120] rollout_mean_bb=11.3418 policy_loss=0.238601 value_loss=2.873658
[iter=1125] rollout_mean_bb=23.0527 policy_loss=-0.034905 value_loss=1.433819
[iter=1130] rollout_mean_bb=8.9473 policy_loss=0.002603 value_loss=1.921532
[iter=1135] rollout_mean_bb=16.0488 policy_loss=-0.063271 value_loss=2.215933
[iter=1140] rollout_mean_bb=19.9648 policy_loss=-0.471724 value_loss=2.943998
[iter=1145] rollout_mean_bb=2.0332 policy_loss=0.356256 value_loss=2.587606
[iter=1150] rollout_mean_bb=5.2129 policy_loss=-0.427112 value_loss=3.335100
[iter=1155] rollout_mean_bb=23.1152 policy_loss=-0.402809 value_loss=3.252860
[iter=1160] rollout_mean_bb=20.7305 policy_loss=0.078896 value_loss=2.328132
[iter=1165] rollout_mean_bb=2.0176 policy_loss=0.245753 value_loss=2.443136
[iter=1170] rollout_mean_bb=3.5156 policy_loss=0.007117 value_loss=1.056620
[iter=1175] rollout_mean_bb=23.8242 policy_loss=0.068786 value_loss=1.290384
[iter=1180] rollout_mean_bb=5.8633 policy_loss=0.252809 value_loss=2.302340
[iter=1185] rollout_mean_bb=36.3809 policy_loss=0.011422 value_loss=2.480504
[iter=1190] rollout_mean_bb=26.2871 policy_loss=0.059829 value_loss=1.788016
[iter=1195] rollout_mean_bb=3.7188 policy_loss=-0.383142 value_loss=3.876565
[iter=1200] rollout_mean_bb=12.3281 policy_loss=-0.363940 value_loss=3.902155
[iter=1205] rollout_mean_bb=12.3008 policy_loss=0.043852 value_loss=3.889810
[iter=1210] rollout_mean_bb=-2.6543 policy_loss=-0.008889 value_loss=1.854055
[iter=1215] rollout_mean_bb=3.6621 policy_loss=-0.294612 value_loss=3.155242
[iter=1220] rollout_mean_bb=8.3730 policy_loss=0.022055 value_loss=1.530371
[iter=1225] rollout_mean_bb=2.8262 policy_loss=0.002180 value_loss=1.694035
[iter=1230] rollout_mean_bb=3.5273 policy_loss=-0.338007 value_loss=3.541078
[iter=1235] rollout_mean_bb=26.1641 policy_loss=-0.052175 value_loss=2.022531
[iter=1240] rollout_mean_bb=10.5488 policy_loss=0.161579 value_loss=2.335696
[iter=1245] rollout_mean_bb=-4.1895 policy_loss=0.354230 value_loss=2.594441
[iter=1250] rollout_mean_bb=12.1680 policy_loss=-0.680725 value_loss=3.490091
[iter=1255] rollout_mean_bb=7.4102 policy_loss=0.154993 value_loss=2.300233
[iter=1260] rollout_mean_bb=13.7266 policy_loss=0.008621 value_loss=2.409059
[iter=1265] rollout_mean_bb=14.4258 policy_loss=0.058523 value_loss=1.767687
[iter=1270] rollout_mean_bb=10.5684 policy_loss=0.274074 value_loss=2.266857
[iter=1275] rollout_mean_bb=24.5898 policy_loss=0.000924 value_loss=1.896829
[iter=1280] rollout_mean_bb=3.4629 policy_loss=-0.210511 value_loss=1.697230
[iter=1285] rollout_mean_bb=-4.2559 policy_loss=-0.024991 value_loss=1.229296
[iter=1290] rollout_mean_bb=13.6797 policy_loss=-0.126295 value_loss=2.096730
[iter=1295] rollout_mean_bb=9.6816 policy_loss=-0.033127 value_loss=2.800977
[iter=1300] rollout_mean_bb=15.9805 policy_loss=-0.000454 value_loss=2.009056
[iter=1305] rollout_mean_bb=1.8184 policy_loss=0.116134 value_loss=1.637758
[iter=1310] rollout_mean_bb=20.5742 policy_loss=0.024524 value_loss=1.435833
[iter=1315] rollout_mean_bb=14.3887 policy_loss=-0.138316 value_loss=2.336022
[iter=1320] rollout_mean_bb=7.4023 policy_loss=0.022383 value_loss=1.311245
[iter=1325] rollout_mean_bb=-3.5898 policy_loss=0.195386 value_loss=1.480819
[iter=1330] rollout_mean_bb=5.8730 policy_loss=0.273336 value_loss=1.868518
[iter=1335] rollout_mean_bb=4.1699 policy_loss=0.007856 value_loss=1.609070
[iter=1340] rollout_mean_bb=19.8164 policy_loss=-0.060332 value_loss=1.203389
[iter=1345] rollout_mean_bb=5.7871 policy_loss=0.026305 value_loss=2.131588
[iter=1350] rollout_mean_bb=15.3359 policy_loss=-0.049535 value_loss=3.322496
[iter=1355] rollout_mean_bb=-2.5977 policy_loss=-0.341046 value_loss=2.510541
[iter=1360] rollout_mean_bb=21.5508 policy_loss=0.322919 value_loss=2.811975
[iter=1365] rollout_mean_bb=3.5234 policy_loss=0.018937 value_loss=2.285134
[iter=1370] rollout_mean_bb=-3.5059 policy_loss=0.363187 value_loss=2.356290
[iter=1375] rollout_mean_bb=22.2930 policy_loss=0.338191 value_loss=1.913947
[iter=1380] rollout_mean_bb=8.1191 policy_loss=-0.161934 value_loss=1.651045
[iter=1385] rollout_mean_bb=30.8672 policy_loss=-0.001384 value_loss=2.037659
[iter=1390] rollout_mean_bb=1.9941 policy_loss=0.373177 value_loss=2.375098
[iter=1395] rollout_mean_bb=6.6055 policy_loss=0.001925 value_loss=1.853265
[iter=1400] rollout_mean_bb=19.9590 policy_loss=0.412078 value_loss=2.553231
[iter=1405] rollout_mean_bb=37.9941 policy_loss=0.250111 value_loss=1.726490
[iter=1410] rollout_mean_bb=21.5645 policy_loss=0.529941 value_loss=3.306615
[iter=1415] rollout_mean_bb=14.6230 policy_loss=0.361166 value_loss=2.751952
[iter=1420] rollout_mean_bb=6.8242 policy_loss=-0.130884 value_loss=2.497753
[iter=1425] rollout_mean_bb=20.9062 policy_loss=-0.236933 value_loss=3.033606
[iter=1430] rollout_mean_bb=1.2520 policy_loss=0.000659 value_loss=2.195589
[iter=1435] rollout_mean_bb=9.8066 policy_loss=-0.502374 value_loss=2.905995
[iter=1440] rollout_mean_bb=7.3789 policy_loss=0.545018 value_loss=2.928507
[iter=1445] rollout_mean_bb=7.4688 policy_loss=-0.062689 value_loss=2.041951
[iter=1450] rollout_mean_bb=23.0762 policy_loss=-0.108768 value_loss=1.659883
[iter=1455] rollout_mean_bb=15.2129 policy_loss=-0.244896 value_loss=2.086548
[iter=1460] rollout_mean_bb=-1.2051 policy_loss=-0.014966 value_loss=0.943513
[iter=1465] rollout_mean_bb=19.9512 policy_loss=0.002730 value_loss=2.121287
[iter=1470] rollout_mean_bb=3.5137 policy_loss=0.002062 value_loss=1.306387
[iter=1475] rollout_mean_bb=16.7930 policy_loss=0.257349 value_loss=2.262039
[iter=1480] rollout_mean_bb=17.5469 policy_loss=-0.056556 value_loss=1.392808
[iter=1485] rollout_mean_bb=6.6035 policy_loss=0.024448 value_loss=1.536884
[iter=1490] rollout_mean_bb=16.8379 policy_loss=-0.140353 value_loss=2.044203
[iter=1495] rollout_mean_bb=28.6777 policy_loss=0.065430 value_loss=3.608810
[iter=1500] rollout_mean_bb=21.6504 policy_loss=-0.009981 value_loss=2.970804
[iter=1505] rollout_mean_bb=13.8203 policy_loss=0.000531 value_loss=2.769027
[iter=1510] rollout_mean_bb=-8.0957 policy_loss=0.147636 value_loss=3.177500
[iter=1515] rollout_mean_bb=9.8711 policy_loss=0.665193 value_loss=3.719815
[iter=1520] rollout_mean_bb=18.4004 policy_loss=-0.010729 value_loss=2.252892
[iter=1525] rollout_mean_bb=-4.9668 policy_loss=-0.129631 value_loss=3.076916
[iter=1530] rollout_mean_bb=-4.2090 policy_loss=-0.027383 value_loss=1.345678
[iter=1535] rollout_mean_bb=17.7129 policy_loss=0.001720 value_loss=2.937104
[iter=1540] rollout_mean_bb=-2.6367 policy_loss=-0.348597 value_loss=2.454345
[iter=1545] rollout_mean_bb=13.7500 policy_loss=-0.031337 value_loss=2.781499
[iter=1550] rollout_mean_bb=14.4121 policy_loss=0.246271 value_loss=1.642531
[iter=1555] rollout_mean_bb=17.6152 policy_loss=0.065143 value_loss=1.953337
[iter=1560] rollout_mean_bb=-3.4082 policy_loss=0.342203 value_loss=2.575938
[iter=1565] rollout_mean_bb=10.6641 policy_loss=0.488507 value_loss=3.423387
[iter=1570] rollout_mean_bb=16.7930 policy_loss=0.073769 value_loss=0.981271
[iter=1575] rollout_mean_bb=5.8770 policy_loss=0.393240 value_loss=2.112271
[iter=1580] rollout_mean_bb=13.5957 policy_loss=0.458993 value_loss=2.093706
[iter=1585] rollout_mean_bb=19.8477 policy_loss=-0.330168 value_loss=2.032120
[iter=1590] rollout_mean_bb=14.3262 policy_loss=0.055860 value_loss=0.746918
[iter=1595] rollout_mean_bb=22.1914 policy_loss=0.092301 value_loss=0.723709
[iter=1600] rollout_mean_bb=7.2930 policy_loss=-0.282166 value_loss=1.416396
[iter=1605] rollout_mean_bb=11.2422 policy_loss=0.055193 value_loss=2.081442
[iter=1610] rollout_mean_bb=16.0137 policy_loss=0.006725 value_loss=1.840318
[iter=1615] rollout_mean_bb=22.9824 policy_loss=0.240231 value_loss=1.265525
[iter=1620] rollout_mean_bb=16.0391 policy_loss=0.064645 value_loss=2.240326
[iter=1625] rollout_mean_bb=12.9434 policy_loss=0.538645 value_loss=3.131275
[iter=1630] rollout_mean_bb=7.4941 policy_loss=0.209205 value_loss=3.082271
[iter=1635] rollout_mean_bb=9.1035 policy_loss=0.001957 value_loss=2.671536
[iter=1640] rollout_mean_bb=8.2188 policy_loss=0.016758 value_loss=1.129267
[iter=1645] rollout_mean_bb=11.3066 policy_loss=0.036731 value_loss=0.863028
[iter=1650] rollout_mean_bb=23.0723 policy_loss=-0.067177 value_loss=1.930451
[iter=1655] rollout_mean_bb=18.4219 policy_loss=0.233759 value_loss=1.879559
[iter=1660] rollout_mean_bb=13.8008 policy_loss=0.169718 value_loss=2.397255
[iter=1665] rollout_mean_bb=5.2402 policy_loss=0.182453 value_loss=2.006091
[iter=1670] rollout_mean_bb=16.0957 policy_loss=0.052054 value_loss=2.478615
[iter=1675] rollout_mean_bb=20.8223 policy_loss=0.001696 value_loss=2.637484
[iter=1680] rollout_mean_bb=23.8281 policy_loss=-0.026950 value_loss=2.291601
[iter=1685] rollout_mean_bb=12.1289 policy_loss=0.042076 value_loss=2.178068
[iter=1690] rollout_mean_bb=4.4199 policy_loss=0.177253 value_loss=1.968130
[iter=1695] rollout_mean_bb=4.4375 policy_loss=-0.127869 value_loss=2.423704
[iter=1700] rollout_mean_bb=2.8086 policy_loss=-0.333288 value_loss=2.429478
[iter=1705] rollout_mean_bb=17.5215 policy_loss=-0.084184 value_loss=1.956276
[iter=1710] rollout_mean_bb=6.6582 policy_loss=-0.168889 value_loss=1.654764
[iter=1715] rollout_mean_bb=5.8828 policy_loss=0.804696 value_loss=3.473158
[iter=1720] rollout_mean_bb=16.8184 policy_loss=0.429270 value_loss=2.432379
[iter=1725] rollout_mean_bb=17.6016 policy_loss=-0.005115 value_loss=2.391502
[iter=1730] rollout_mean_bb=14.3906 policy_loss=-0.032776 value_loss=1.888461
[iter=1735] rollout_mean_bb=22.2441 policy_loss=-0.163702 value_loss=1.854121
[iter=1740] rollout_mean_bb=2.7812 policy_loss=-0.327742 value_loss=3.566523
[iter=1745] rollout_mean_bb=30.1016 policy_loss=0.041078 value_loss=2.920184
[iter=1750] rollout_mean_bb=7.6016 policy_loss=0.000134 value_loss=3.269757
[iter=1755] rollout_mean_bb=17.8516 policy_loss=-0.258201 value_loss=2.800740
[iter=1760] rollout_mean_bb=10.7578 policy_loss=0.000754 value_loss=3.155684
[iter=1765] rollout_mean_bb=6.7793 policy_loss=-0.200951 value_loss=2.507990
[iter=1770] rollout_mean_bb=23.2383 policy_loss=0.002800 value_loss=2.696081
[iter=1775] rollout_mean_bb=12.1406 policy_loss=0.016478 value_loss=2.374858
[iter=1780] rollout_mean_bb=21.4980 policy_loss=0.086494 value_loss=2.313942
[iter=1785] rollout_mean_bb=6.6738 policy_loss=0.009628 value_loss=1.188741
[iter=1790] rollout_mean_bb=22.3613 policy_loss=-0.000274 value_loss=2.180536
[iter=1795] rollout_mean_bb=3.5234 policy_loss=0.216468 value_loss=2.872242
[iter=1800] rollout_mean_bb=10.5059 policy_loss=0.449586 value_loss=3.035059
[iter=1805] rollout_mean_bb=11.3340 policy_loss=-0.323222 value_loss=2.193611
[iter=1810] rollout_mean_bb=22.2031 policy_loss=0.027771 value_loss=2.489590
[iter=1815] rollout_mean_bb=11.9922 policy_loss=0.088887 value_loss=0.680831
[iter=1820] rollout_mean_bb=8.0449 policy_loss=0.002871 value_loss=1.002384
[iter=1825] rollout_mean_bb=11.0762 policy_loss=0.056566 value_loss=0.482164
[iter=1830] rollout_mean_bb=16.6562 policy_loss=0.080420 value_loss=1.500087
[iter=1835] rollout_mean_bb=7.3945 policy_loss=-0.168967 value_loss=1.626870
[iter=1840] rollout_mean_bb=5.9297 policy_loss=-0.000780 value_loss=2.089660
[iter=1845] rollout_mean_bb=0.3750 policy_loss=-0.356737 value_loss=2.301882
[iter=1850] rollout_mean_bb=6.6758 policy_loss=0.012242 value_loss=1.506288
[iter=1855] rollout_mean_bb=9.7852 policy_loss=0.160684 value_loss=2.332576
[iter=1860] rollout_mean_bb=20.6855 policy_loss=-0.309993 value_loss=2.114126
[iter=1865] rollout_mean_bb=14.4375 policy_loss=-0.325610 value_loss=2.187425
[iter=1870] rollout_mean_bb=15.1992 policy_loss=0.450582 value_loss=2.294954
[iter=1875] rollout_mean_bb=23.0039 policy_loss=-0.052770 value_loss=1.497849
[iter=1880] rollout_mean_bb=12.0781 policy_loss=-0.357934 value_loss=2.040648
[iter=1885] rollout_mean_bb=1.9336 policy_loss=0.231437 value_loss=2.871329
[iter=1890] rollout_mean_bb=18.3398 policy_loss=-0.709533 value_loss=3.282766
[iter=1895] rollout_mean_bb=0.4219 policy_loss=0.177351 value_loss=1.753431
[iter=1900] rollout_mean_bb=12.1758 policy_loss=-0.000642 value_loss=2.055435
[iter=1905] rollout_mean_bb=-1.9102 policy_loss=-0.297436 value_loss=2.596598
[iter=1910] rollout_mean_bb=16.1328 policy_loss=0.055026 value_loss=3.738716
[iter=1915] rollout_mean_bb=11.4297 policy_loss=-0.007543 value_loss=2.628939
[iter=1920] rollout_mean_bb=7.5781 policy_loss=-0.081110 value_loss=2.752208
[iter=1925] rollout_mean_bb=11.5312 policy_loss=-0.000685 value_loss=3.134415
[iter=1930] rollout_mean_bb=-3.2676 policy_loss=-0.639829 value_loss=3.761246
[iter=1935] rollout_mean_bb=3.6914 policy_loss=-0.407449 value_loss=3.451348
[iter=1940] rollout_mean_bb=0.5312 policy_loss=0.001195 value_loss=2.653227
[iter=1945] rollout_mean_bb=14.6270 policy_loss=-0.271439 value_loss=2.690760
[iter=1950] rollout_mean_bb=-1.8477 policy_loss=0.013764 value_loss=3.702267
[iter=1955] rollout_mean_bb=21.5977 policy_loss=0.005419 value_loss=2.830715
[iter=1960] rollout_mean_bb=7.5332 policy_loss=0.002327 value_loss=2.697751
[iter=1965] rollout_mean_bb=4.4023 policy_loss=-0.000481 value_loss=2.437009
[iter=1970] rollout_mean_bb=2.8320 policy_loss=0.000557 value_loss=2.554814
[iter=1975] rollout_mean_bb=-9.6680 policy_loss=0.149966 value_loss=3.075262
[iter=1980] rollout_mean_bb=-1.9668 policy_loss=-0.000029 value_loss=2.098028
[iter=1985] rollout_mean_bb=31.7070 policy_loss=-0.243013 value_loss=2.692646
[iter=1990] rollout_mean_bb=21.6113 policy_loss=0.070649 value_loss=2.608714
[iter=1995] rollout_mean_bb=16.1426 policy_loss=0.219295 value_loss=3.295933
[iter=2000] rollout_mean_bb=0.5137 policy_loss=-0.315746 value_loss=3.727225
[iter=2005] rollout_mean_bb=0.5586 policy_loss=0.002039 value_loss=2.995542
[iter=2010] rollout_mean_bb=2.8516 policy_loss=0.000310 value_loss=2.590609
[iter=2015] rollout_mean_bb=16.1504 policy_loss=-0.284120 value_loss=2.461721
[iter=2020] rollout_mean_bb=19.2910 policy_loss=-0.001029 value_loss=2.743463
[iter=2025] rollout_mean_bb=10.6094 policy_loss=-0.148279 value_loss=1.766809
[iter=2030] rollout_mean_bb=27.8359 policy_loss=-0.000085 value_loss=2.646253
[iter=2035] rollout_mean_bb=9.1348 policy_loss=-0.001137 value_loss=2.621490
[iter=2040] rollout_mean_bb=8.2520 policy_loss=0.002925 value_loss=2.452668
[iter=2045] rollout_mean_bb=23.8262 policy_loss=0.117333 value_loss=3.489066
[iter=2050] rollout_mean_bb=12.1328 policy_loss=0.431572 value_loss=2.320537
[iter=2055] rollout_mean_bb=13.7188 policy_loss=0.033327 value_loss=1.154773
[iter=2060] rollout_mean_bb=9.7988 policy_loss=-0.001681 value_loss=2.218027
[iter=2065] rollout_mean_bb=11.3398 policy_loss=-0.005656 value_loss=2.430269
[iter=2070] rollout_mean_bb=13.6934 policy_loss=-0.001384 value_loss=2.233107
[iter=2075] rollout_mean_bb=27.0312 policy_loss=0.000451 value_loss=2.650119
[iter=2080] rollout_mean_bb=-1.1445 policy_loss=0.185000 value_loss=2.964586
[iter=2085] rollout_mean_bb=2.8027 policy_loss=0.170325 value_loss=2.278596
[iter=2090] rollout_mean_bb=12.1152 policy_loss=0.001158 value_loss=1.850622
[iter=2095] rollout_mean_bb=21.5312 policy_loss=-0.001053 value_loss=2.224119
[iter=2100] rollout_mean_bb=2.7266 policy_loss=-0.000669 value_loss=1.941352
[iter=2105] rollout_mean_bb=16.8496 policy_loss=0.047807 value_loss=1.217657
[iter=2110] rollout_mean_bb=20.0137 policy_loss=0.424544 value_loss=2.510381
[iter=2115] rollout_mean_bb=-0.2969 policy_loss=-0.239351 value_loss=2.324846
[iter=2120] rollout_mean_bb=21.5000 policy_loss=0.259327 value_loss=1.726449
[iter=2125] rollout_mean_bb=16.8340 policy_loss=-0.001369 value_loss=1.927027
[iter=2130] rollout_mean_bb=10.4941 policy_loss=-0.104248 value_loss=1.218813
[iter=2135] rollout_mean_bb=30.9375 policy_loss=-0.000369 value_loss=2.289262
[iter=2140] rollout_mean_bb=22.2422 policy_loss=-0.002836 value_loss=2.048794
[iter=2145] rollout_mean_bb=9.0195 policy_loss=0.006656 value_loss=2.164756
[iter=2150] rollout_mean_bb=14.4902 policy_loss=0.227633 value_loss=1.764655
[iter=2155] rollout_mean_bb=24.6738 policy_loss=-0.000166 value_loss=2.296758
[iter=2160] rollout_mean_bb=-0.3086 policy_loss=0.001606 value_loss=2.592829
[iter=2165] rollout_mean_bb=15.2812 policy_loss=0.004397 value_loss=2.267482
[iter=2170] rollout_mean_bb=23.8555 policy_loss=-0.283631 value_loss=2.250149
[iter=2175] rollout_mean_bb=23.8281 policy_loss=0.089086 value_loss=2.286829
[iter=2180] rollout_mean_bb=15.2930 policy_loss=0.002700 value_loss=2.382496
[iter=2185] rollout_mean_bb=20.7383 policy_loss=0.466010 value_loss=2.319190
[iter=2190] rollout_mean_bb=20.7852 policy_loss=-0.115537 value_loss=1.764425
[iter=2195] rollout_mean_bb=9.9180 policy_loss=-0.000701 value_loss=2.756181
[iter=2200] rollout_mean_bb=14.5273 policy_loss=-0.300807 value_loss=2.421311
[iter=2205] rollout_mean_bb=16.8828 policy_loss=0.750983 value_loss=3.782477
[iter=2210] rollout_mean_bb=-8.8984 policy_loss=0.000831 value_loss=2.509703
[iter=2215] rollout_mean_bb=5.9512 policy_loss=-0.000370 value_loss=2.518665
[iter=2220] rollout_mean_bb=14.4492 policy_loss=-0.132056 value_loss=1.637301
[iter=2225] rollout_mean_bb=9.0117 policy_loss=0.023123 value_loss=1.122766
[iter=2230] rollout_mean_bb=9.0215 policy_loss=0.015928 value_loss=1.138920
[iter=2235] rollout_mean_bb=15.3027 policy_loss=-0.302178 value_loss=2.362707
[iter=2240] rollout_mean_bb=36.4023 policy_loss=-0.231749 value_loss=2.353706
[iter=2245] rollout_mean_bb=21.6367 policy_loss=-0.000882 value_loss=2.617946
[iter=2250] rollout_mean_bb=20.0742 policy_loss=0.000738 value_loss=2.762009
[iter=2255] rollout_mean_bb=9.9453 policy_loss=-0.001540 value_loss=2.877476
[iter=2260] rollout_mean_bb=12.2930 policy_loss=0.001846 value_loss=3.149068
[iter=2265] rollout_mean_bb=3.7539 policy_loss=-0.000085 value_loss=2.970216
[iter=2270] rollout_mean_bb=12.4023 policy_loss=0.012005 value_loss=1.795508
[iter=2275] rollout_mean_bb=3.0820 policy_loss=0.000892 value_loss=3.885475
[iter=2280] rollout_mean_bb=21.7773 policy_loss=0.000555 value_loss=3.671718
[iter=2285] rollout_mean_bb=6.1387 policy_loss=-0.000938 value_loss=3.501009
[iter=2290] rollout_mean_bb=24.0410 policy_loss=-0.001513 value_loss=3.116119
[iter=2295] rollout_mean_bb=-0.0742 policy_loss=-0.000073 value_loss=3.664508
[iter=2300] rollout_mean_bb=-9.4043 policy_loss=0.002156 value_loss=4.093102
[iter=2305] rollout_mean_bb=9.3047 policy_loss=-0.338147 value_loss=4.267387
[iter=2310] rollout_mean_bb=8.5859 policy_loss=0.005755 value_loss=4.129054
[iter=2315] rollout_mean_bb=4.5664 policy_loss=0.529106 value_loss=4.291192
[iter=2320] rollout_mean_bb=-4.8359 policy_loss=-0.001782 value_loss=3.363587
[iter=2325] rollout_mean_bb=7.5859 policy_loss=-0.000643 value_loss=3.008874
[iter=2330] rollout_mean_bb=23.1484 policy_loss=0.001093 value_loss=2.569859
[iter=2335] rollout_mean_bb=0.5781 policy_loss=-0.152344 value_loss=3.121155
[iter=2340] rollout_mean_bb=1.2617 policy_loss=-0.000502 value_loss=2.742843
[iter=2345] rollout_mean_bb=10.6523 policy_loss=-0.143064 value_loss=1.851113
[iter=2350] rollout_mean_bb=9.9180 policy_loss=0.362079 value_loss=2.727338
[iter=2355] rollout_mean_bb=12.2715 policy_loss=0.000773 value_loss=2.856821
[iter=2360] rollout_mean_bb=6.7812 policy_loss=-0.611455 value_loss=3.837537
[iter=2365] rollout_mean_bb=8.3379 policy_loss=-0.622557 value_loss=3.701352
[iter=2370] rollout_mean_bb=25.5508 policy_loss=0.092997 value_loss=3.868031
[iter=2375] rollout_mean_bb=14.6465 policy_loss=0.001096 value_loss=3.102015
[iter=2380] rollout_mean_bb=7.6309 policy_loss=0.027054 value_loss=4.056774
[iter=2385] rollout_mean_bb=24.8262 policy_loss=-0.000165 value_loss=3.250971
[iter=2390] rollout_mean_bb=17.7793 policy_loss=-0.257834 value_loss=2.786698
[iter=2395] rollout_mean_bb=14.6094 policy_loss=-0.263322 value_loss=2.745819
[iter=2400] rollout_mean_bb=7.7500 policy_loss=-0.000228 value_loss=3.574483
[iter=2405] rollout_mean_bb=7.6582 policy_loss=-0.001733 value_loss=3.321373
[iter=2410] rollout_mean_bb=27.8711 policy_loss=0.085063 value_loss=2.724779
[iter=2415] rollout_mean_bb=9.8867 policy_loss=-0.002480 value_loss=2.522692
[iter=2420] rollout_mean_bb=6.7285 policy_loss=0.003349 value_loss=2.486219
[iter=2425] rollout_mean_bb=5.1543 policy_loss=0.376926 value_loss=2.417750
[iter=2430] rollout_mean_bb=1.9746 policy_loss=-0.001380 value_loss=1.097221
[iter=2435] rollout_mean_bb=17.6914 policy_loss=0.000260 value_loss=2.557668
[iter=2440] rollout_mean_bb=26.2031 policy_loss=0.000190 value_loss=2.232282
[iter=2445] rollout_mean_bb=16.7852 policy_loss=-0.740460 value_loss=3.210875
[iter=2450] rollout_mean_bb=-2.6895 policy_loss=-0.002344 value_loss=2.384418
[iter=2455] rollout_mean_bb=18.3633 policy_loss=-0.000398 value_loss=2.119461
[iter=2460] rollout_mean_bb=8.3066 policy_loss=-0.304542 value_loss=2.532783
[iter=2465] rollout_mean_bb=13.7773 policy_loss=0.149712 value_loss=1.817070
[iter=2470] rollout_mean_bb=13.0273 policy_loss=0.040132 value_loss=2.659449
[iter=2475] rollout_mean_bb=-1.7441 policy_loss=0.000650 value_loss=3.052044
[iter=2480] rollout_mean_bb=16.1895 policy_loss=0.041767 value_loss=1.415813
[iter=2485] rollout_mean_bb=8.3535 policy_loss=0.001778 value_loss=3.071504
[iter=2490] rollout_mean_bb=18.4395 policy_loss=0.840696 value_loss=3.639810
[iter=2495] rollout_mean_bb=19.1758 policy_loss=0.002280 value_loss=2.252057
[iter=2500] rollout_mean_bb=8.1992 policy_loss=0.260142 value_loss=2.373530
[iter=2505] rollout_mean_bb=11.4688 policy_loss=-0.000757 value_loss=2.711738
[iter=2510] rollout_mean_bb=21.5117 policy_loss=0.451693 value_loss=2.504719
[iter=2515] rollout_mean_bb=6.7148 policy_loss=0.193945 value_loss=2.480570
[iter=2520] rollout_mean_bb=16.7168 policy_loss=-0.000149 value_loss=1.778185
[iter=2525] rollout_mean_bb=19.8828 policy_loss=-0.441686 value_loss=2.733904
[iter=2530] rollout_mean_bb=9.8359 policy_loss=0.000066 value_loss=2.373477
[iter=2535] rollout_mean_bb=5.9688 policy_loss=0.353043 value_loss=2.624338
[iter=2540] rollout_mean_bb=8.2383 policy_loss=-0.688947 value_loss=3.415639
[iter=2545] rollout_mean_bb=2.8066 policy_loss=0.001646 value_loss=2.473582
[iter=2550] rollout_mean_bb=9.9062 policy_loss=-0.002755 value_loss=2.829045
[iter=2555] rollout_mean_bb=13.8125 policy_loss=-0.000451 value_loss=2.736480
[iter=2560] rollout_mean_bb=23.1621 policy_loss=0.243892 value_loss=3.169064
[iter=2565] rollout_mean_bb=9.8574 policy_loss=-0.311518 value_loss=2.403243
[iter=2570] rollout_mean_bb=-21.4199 policy_loss=0.621630 value_loss=3.850886
[iter=2575] rollout_mean_bb=-1.1289 policy_loss=0.053610 value_loss=1.593637
[iter=2580] rollout_mean_bb=6.7031 policy_loss=0.021128 value_loss=1.192205
[iter=2585] rollout_mean_bb=8.2871 policy_loss=0.034543 value_loss=2.430805
[iter=2590] rollout_mean_bb=21.6055 policy_loss=0.002358 value_loss=2.467114
[iter=2595] rollout_mean_bb=0.5625 policy_loss=-0.170957 value_loss=2.002627
[iter=2600] rollout_mean_bb=10.6426 policy_loss=0.000679 value_loss=2.732693
[iter=2605] rollout_mean_bb=12.2070 policy_loss=0.000343 value_loss=2.232005
[iter=2610] rollout_mean_bb=-10.4902 policy_loss=-0.001810 value_loss=2.466805
[iter=2615] rollout_mean_bb=16.0371 policy_loss=0.028011 value_loss=1.569029
[iter=2620] rollout_mean_bb=12.1055 policy_loss=-0.040204 value_loss=1.931073
[iter=2625] rollout_mean_bb=0.3926 policy_loss=0.067953 value_loss=1.929515
[iter=2630] rollout_mean_bb=27.0527 policy_loss=0.109094 value_loss=3.769753
[iter=2635] rollout_mean_bb=26.9805 policy_loss=0.000373 value_loss=2.298547
[iter=2640] rollout_mean_bb=13.7324 policy_loss=0.001070 value_loss=2.276095
[iter=2645] rollout_mean_bb=7.4941 policy_loss=-0.195758 value_loss=2.860058
[iter=2650] rollout_mean_bb=7.5879 policy_loss=-0.603942 value_loss=3.765342
[iter=2655] rollout_mean_bb=13.0176 policy_loss=0.044143 value_loss=2.548358
[iter=2660] rollout_mean_bb=29.4160 policy_loss=0.000586 value_loss=2.637044
[iter=2665] rollout_mean_bb=21.6680 policy_loss=0.054518 value_loss=3.666747
[iter=2670] rollout_mean_bb=23.2754 policy_loss=0.353393 value_loss=2.984259
[iter=2675] rollout_mean_bb=-2.5449 policy_loss=-0.030722 value_loss=1.649796
[iter=2680] rollout_mean_bb=7.5977 policy_loss=0.185198 value_loss=3.331946
[iter=2685] rollout_mean_bb=5.1777 policy_loss=0.355721 value_loss=2.582827
[iter=2690] rollout_mean_bb=6.6406 policy_loss=0.294334 value_loss=2.076924
[iter=2695] rollout_mean_bb=19.1738 policy_loss=0.078769 value_loss=2.223154
[iter=2700] rollout_mean_bb=-1.1035 policy_loss=0.017280 value_loss=3.744069
[iter=2705] rollout_mean_bb=9.8555 policy_loss=-0.077317 value_loss=2.371387
[iter=2710] rollout_mean_bb=6.7266 policy_loss=0.001295 value_loss=2.599947
[iter=2715] rollout_mean_bb=16.0156 policy_loss=0.067425 value_loss=3.556301
[iter=2720] rollout_mean_bb=4.4043 policy_loss=0.002031 value_loss=2.436794
[iter=2725] rollout_mean_bb=19.2344 policy_loss=-0.287316 value_loss=2.370807
[iter=2730] rollout_mean_bb=12.8652 policy_loss=-0.720443 value_loss=3.293331
[iter=2735] rollout_mean_bb=2.7266 policy_loss=0.003311 value_loss=2.091133
[iter=2740] rollout_mean_bb=16.8242 policy_loss=0.051561 value_loss=1.208446
[iter=2745] rollout_mean_bb=12.9727 policy_loss=-0.118762 value_loss=2.380412
[iter=2750] rollout_mean_bb=11.3770 policy_loss=0.060487 value_loss=3.637385
[iter=2755] rollout_mean_bb=2.7949 policy_loss=-0.335590 value_loss=2.419294
[iter=2760] rollout_mean_bb=14.5449 policy_loss=0.069582 value_loss=3.620327
[iter=2765] rollout_mean_bb=14.4941 policy_loss=0.428178 value_loss=2.355397
[iter=2770] rollout_mean_bb=-7.3281 policy_loss=-0.041834 value_loss=1.329358
[iter=2775] rollout_mean_bb=21.5566 policy_loss=-0.092012 value_loss=3.037638
[iter=2780] rollout_mean_bb=19.2168 policy_loss=0.429524 value_loss=2.480879
[iter=2785] rollout_mean_bb=8.3340 policy_loss=0.009766 value_loss=1.346798
[iter=2790] rollout_mean_bb=31.7090 policy_loss=0.905055 value_loss=3.600488
[iter=2795] rollout_mean_bb=16.0234 policy_loss=0.268223 value_loss=1.723446
[iter=2800] rollout_mean_bb=11.3457 policy_loss=0.023081 value_loss=1.087302
[iter=2805] rollout_mean_bb=27.0000 policy_loss=0.268816 value_loss=1.834720
[iter=2810] rollout_mean_bb=-6.5977 policy_loss=0.000145 value_loss=2.296337
[iter=2815] rollout_mean_bb=7.4336 policy_loss=0.214511 value_loss=1.725670
[iter=2820] rollout_mean_bb=-2.8320 policy_loss=0.001614 value_loss=1.581153
[iter=2825] rollout_mean_bb=13.5469 policy_loss=0.187323 value_loss=1.048023
[iter=2830] rollout_mean_bb=9.6367 policy_loss=-0.059823 value_loss=1.720841
[iter=2835] rollout_mean_bb=-1.9766 policy_loss=-0.396361 value_loss=2.102597
[iter=2840] rollout_mean_bb=9.7598 policy_loss=0.420591 value_loss=2.296280
[iter=2845] rollout_mean_bb=10.6289 policy_loss=-0.139482 value_loss=1.813897
[iter=2850] rollout_mean_bb=8.3066 policy_loss=0.718382 value_loss=3.863486
[iter=2855] rollout_mean_bb=15.2910 policy_loss=0.000666 value_loss=2.387791
[iter=2860] rollout_mean_bb=2.6992 policy_loss=0.217577 value_loss=1.649856
[iter=2865] rollout_mean_bb=11.3301 policy_loss=0.001328 value_loss=1.836641
[iter=2870] rollout_mean_bb=7.3730 policy_loss=0.025404 value_loss=0.856466
[iter=2875] rollout_mean_bb=2.6973 policy_loss=0.000237 value_loss=1.713249
[iter=2880] rollout_mean_bb=18.3301 policy_loss=-0.686004 value_loss=3.327310
[iter=2885] rollout_mean_bb=16.1172 policy_loss=-0.001319 value_loss=2.740037
[iter=2890] rollout_mean_bb=23.9297 policy_loss=0.428706 value_loss=2.450376
[iter=2895] rollout_mean_bb=22.3418 policy_loss=0.076202 value_loss=1.248426
[iter=2900] rollout_mean_bb=24.7266 policy_loss=0.000107 value_loss=2.525264
[iter=2905] rollout_mean_bb=10.6035 policy_loss=-0.307177 value_loss=2.426935
[iter=2910] rollout_mean_bb=6.7402 policy_loss=0.192205 value_loss=1.831930
[iter=2915] rollout_mean_bb=5.9004 policy_loss=0.000956 value_loss=1.407956
[iter=2920] rollout_mean_bb=-5.7461 policy_loss=-0.354683 value_loss=2.502301
[iter=2925] rollout_mean_bb=10.7227 policy_loss=-0.393089 value_loss=3.495110
[iter=2930] rollout_mean_bb=29.4395 policy_loss=-0.000104 value_loss=2.930632
[iter=2935] rollout_mean_bb=6.7344 policy_loss=-0.140067 value_loss=3.028112
[iter=2940] rollout_mean_bb=21.5566 policy_loss=0.000217 value_loss=2.375326
[iter=2945] rollout_mean_bb=13.7637 policy_loss=-0.285985 value_loss=2.535043
[iter=2950] rollout_mean_bb=18.4883 policy_loss=0.000460 value_loss=2.758662
[iter=2955] rollout_mean_bb=-7.1973 policy_loss=-0.001491 value_loss=3.084970
[iter=2960] rollout_mean_bb=4.4883 policy_loss=0.105859 value_loss=2.880690
[iter=2965] rollout_mean_bb=10.6953 policy_loss=0.119532 value_loss=3.094471
[iter=2970] rollout_mean_bb=21.5996 policy_loss=-0.567717 value_loss=3.702029
[iter=2975] rollout_mean_bb=2.8574 policy_loss=-0.438109 value_loss=3.213480
[iter=2980] rollout_mean_bb=2.7637 policy_loss=0.025541 value_loss=2.286056
[iter=2985] rollout_mean_bb=12.1133 policy_loss=0.048737 value_loss=2.382157
[iter=2990] rollout_mean_bb=10.5977 policy_loss=0.394651 value_loss=2.530009
[iter=2995] rollout_mean_bb=15.2910 policy_loss=-0.302500 value_loss=2.306003
[iter=3000] rollout_mean_bb=-0.3359 policy_loss=-0.166899 value_loss=2.938415
[iter=3005] rollout_mean_bb=7.4883 policy_loss=0.001357 value_loss=2.355970
[iter=3010] rollout_mean_bb=23.8301 policy_loss=0.069036 value_loss=1.143478
[iter=3015] rollout_mean_bb=8.1719 policy_loss=0.000070 value_loss=1.839727
[iter=3020] rollout_mean_bb=25.4180 policy_loss=-0.187084 value_loss=2.149133
[iter=3025] rollout_mean_bb=5.8477 policy_loss=0.289397 value_loss=2.693169
[iter=3030] rollout_mean_bb=1.1523 policy_loss=0.010900 value_loss=2.238626
[iter=3035] rollout_mean_bb=13.6738 policy_loss=0.192944 value_loss=2.290676
[iter=3040] rollout_mean_bb=15.2598 policy_loss=-0.038810 value_loss=2.051863
[iter=3045] rollout_mean_bb=22.2773 policy_loss=-0.294610 value_loss=2.215784
[iter=3050] rollout_mean_bb=20.7637 policy_loss=0.000401 value_loss=2.246652
[iter=3055] rollout_mean_bb=34.1074 policy_loss=0.783221 value_loss=4.075553
[iter=3060] rollout_mean_bb=27.0234 policy_loss=-0.264328 value_loss=2.297261
[iter=3065] rollout_mean_bb=8.2246 policy_loss=0.561100 value_loss=3.089355
[iter=3070] rollout_mean_bb=5.1445 policy_loss=0.042687 value_loss=3.623911
[iter=3075] rollout_mean_bb=16.0801 policy_loss=0.037920 value_loss=1.046587
[iter=3080] rollout_mean_bb=9.7793 policy_loss=-0.359007 value_loss=2.069198
[iter=3085] rollout_mean_bb=13.6719 policy_loss=0.046690 value_loss=1.855241
[iter=3090] rollout_mean_bb=23.8711 policy_loss=-0.270002 value_loss=2.346213
[iter=3095] rollout_mean_bb=20.7852 policy_loss=-0.194115 value_loss=2.747026
[iter=3100] rollout_mean_bb=-3.2871 policy_loss=-0.018613 value_loss=2.813275
[iter=3105] rollout_mean_bb=16.9629 policy_loss=0.213001 value_loss=3.415775
[iter=3110] rollout_mean_bb=12.3027 policy_loss=0.348722 value_loss=3.605614
[iter=3115] rollout_mean_bb=6.0215 policy_loss=0.000698 value_loss=3.012030
[iter=3120] rollout_mean_bb=6.7461 policy_loss=-0.312462 value_loss=2.462760
[iter=3125] rollout_mean_bb=9.0547 policy_loss=-0.313327 value_loss=2.369436
[iter=3130] rollout_mean_bb=-4.1953 policy_loss=-0.183548 value_loss=1.936359
[iter=3135] rollout_mean_bb=16.1309 policy_loss=-0.001009 value_loss=2.669870
[iter=3140] rollout_mean_bb=10.6953 policy_loss=-0.000489 value_loss=2.440527
[iter=3145] rollout_mean_bb=5.1641 policy_loss=-0.005560 value_loss=1.318444
[iter=3150] rollout_mean_bb=13.6738 policy_loss=0.069138 value_loss=2.646922
[iter=3155] rollout_mean_bb=10.6211 policy_loss=0.000442 value_loss=2.465405
[iter=3160] rollout_mean_bb=30.9219 policy_loss=0.080308 value_loss=1.152400
[iter=3165] rollout_mean_bb=12.1914 policy_loss=0.033481 value_loss=2.109614
[iter=3170] rollout_mean_bb=11.3691 policy_loss=0.306942 value_loss=2.147730
[iter=3175] rollout_mean_bb=22.2227 policy_loss=-0.001845 value_loss=2.488082
[iter=3180] rollout_mean_bb=22.2285 policy_loss=-0.037180 value_loss=2.124398
[iter=3185] rollout_mean_bb=5.8711 policy_loss=0.414415 value_loss=2.319095
[iter=3190] rollout_mean_bb=19.1328 policy_loss=0.256766 value_loss=2.079210
[iter=3195] rollout_mean_bb=18.3184 policy_loss=-0.002911 value_loss=1.886494
[iter=3200] rollout_mean_bb=1.2051 policy_loss=0.038244 value_loss=2.077610
[iter=3205] rollout_mean_bb=20.0195 policy_loss=0.251667 value_loss=3.149313
[iter=3210] rollout_mean_bb=38.7188 policy_loss=-0.411278 value_loss=2.777523
[iter=3215] rollout_mean_bb=13.6641 policy_loss=-0.331990 value_loss=2.087839
[iter=3220] rollout_mean_bb=2.7344 policy_loss=-0.153265 value_loss=1.301891
[iter=3225] rollout_mean_bb=30.8301 policy_loss=-0.216047 value_loss=2.022553
[iter=3230] rollout_mean_bb=14.4160 policy_loss=0.005886 value_loss=2.237962
[iter=3235] rollout_mean_bb=19.1328 policy_loss=0.160181 value_loss=1.839075
[iter=3240] rollout_mean_bb=19.9531 policy_loss=-0.258103 value_loss=3.503886
[iter=3245] rollout_mean_bb=11.4219 policy_loss=0.130563 value_loss=1.742549
[iter=3250] rollout_mean_bb=20.7305 policy_loss=0.068771 value_loss=1.874094
[iter=3255] rollout_mean_bb=5.1660 policy_loss=0.372304 value_loss=2.480181
[iter=3260] rollout_mean_bb=16.8691 policy_loss=0.079598 value_loss=3.678533
[iter=3265] rollout_mean_bb=10.6328 policy_loss=0.406078 value_loss=2.442812
[iter=3270] rollout_mean_bb=13.6348 policy_loss=-0.172083 value_loss=2.139385
[iter=3275] rollout_mean_bb=14.5137 policy_loss=-0.633618 value_loss=3.451495
[iter=3280] rollout_mean_bb=19.2500 policy_loss=0.187669 value_loss=2.433849
[iter=3285] rollout_mean_bb=1.9844 policy_loss=0.358759 value_loss=2.484525
[iter=3290] rollout_mean_bb=5.1543 policy_loss=0.001183 value_loss=2.415573
[iter=3295] rollout_mean_bb=8.1738 policy_loss=-0.352367 value_loss=2.126090
[iter=3300] rollout_mean_bb=19.1914 policy_loss=0.072165 value_loss=2.324030
[iter=3305] rollout_mean_bb=12.1289 policy_loss=-0.125332 value_loss=2.847335
[iter=3310] rollout_mean_bb=7.4160 policy_loss=-0.083720 value_loss=2.258145
[iter=3315] rollout_mean_bb=18.3594 policy_loss=-0.190916 value_loss=1.793437
[iter=3320] rollout_mean_bb=8.2695 policy_loss=0.002248 value_loss=1.264260
[iter=3325] rollout_mean_bb=-15.9219 policy_loss=-0.000152 value_loss=2.334916
[iter=3330] rollout_mean_bb=-3.4434 policy_loss=0.322359 value_loss=2.626352
[iter=3335] rollout_mean_bb=10.5703 policy_loss=0.012680 value_loss=1.135377
[iter=3340] rollout_mean_bb=11.3965 policy_loss=0.402665 value_loss=2.470581
[iter=3345] rollout_mean_bb=20.8887 policy_loss=-0.000570 value_loss=2.881004
[iter=3350] rollout_mean_bb=14.5254 policy_loss=-0.247115 value_loss=2.403588
[iter=3355] rollout_mean_bb=19.2676 policy_loss=-0.000356 value_loss=2.629222
[iter=3360] rollout_mean_bb=4.5020 policy_loss=0.177589 value_loss=3.425403
[iter=3365] rollout_mean_bb=-12.0234 policy_loss=0.300560 value_loss=2.606736
[iter=3370] rollout_mean_bb=5.1953 policy_loss=0.009905 value_loss=3.077748
[iter=3375] rollout_mean_bb=7.4805 policy_loss=-0.206199 value_loss=2.015084
[iter=3380] rollout_mean_bb=26.2520 policy_loss=0.099588 value_loss=2.417078
[iter=3385] rollout_mean_bb=10.6113 policy_loss=-0.077629 value_loss=2.341081
[iter=3390] rollout_mean_bb=12.1328 policy_loss=0.116856 value_loss=2.371716
[iter=3395] rollout_mean_bb=21.6035 policy_loss=0.073718 value_loss=3.703728
[iter=3400] rollout_mean_bb=0.4062 policy_loss=0.068806 value_loss=2.369282
[iter=3405] rollout_mean_bb=5.8984 policy_loss=-0.344249 value_loss=2.205706
[iter=3410] rollout_mean_bb=8.2812 policy_loss=0.000574 value_loss=2.557367
[iter=3415] rollout_mean_bb=20.0332 policy_loss=-0.271144 value_loss=2.492285
[iter=3420] rollout_mean_bb=10.6211 policy_loss=-0.207050 value_loss=1.956531
[iter=3425] rollout_mean_bb=27.8262 policy_loss=0.285257 value_loss=3.119927
[iter=3430] rollout_mean_bb=32.4668 policy_loss=0.000565 value_loss=2.201364
[iter=3435] rollout_mean_bb=20.7832 policy_loss=-0.281483 value_loss=2.355385
[iter=3440] rollout_mean_bb=4.4023 policy_loss=-0.001254 value_loss=2.477486
[iter=3445] rollout_mean_bb=22.4551 policy_loss=0.028463 value_loss=1.741921
[iter=3450] rollout_mean_bb=20.0957 policy_loss=-0.546087 value_loss=3.804683
[iter=3455] rollout_mean_bb=16.1641 policy_loss=-0.281249 value_loss=2.532164
[iter=3460] rollout_mean_bb=21.6250 policy_loss=0.001707 value_loss=2.829830
[iter=3465] rollout_mean_bb=4.3770 policy_loss=0.353537 value_loss=2.624554
[iter=3470] rollout_mean_bb=19.9844 policy_loss=0.001052 value_loss=2.218480
[iter=3475] rollout_mean_bb=2.6953 policy_loss=0.271989 value_loss=2.749647
[iter=3480] rollout_mean_bb=16.8691 policy_loss=-0.001450 value_loss=2.335370
[iter=3485] rollout_mean_bb=6.6152 policy_loss=-0.000431 value_loss=2.145677
[iter=3490] rollout_mean_bb=2.7461 policy_loss=-0.000209 value_loss=2.127449
[iter=3495] rollout_mean_bb=19.1055 policy_loss=-0.430320 value_loss=2.515055
[iter=3500] rollout_mean_bb=16.0566 policy_loss=-0.130546 value_loss=1.772344
[iter=3505] rollout_mean_bb=9.0352 policy_loss=-0.444582 value_loss=2.993868
[iter=3510] rollout_mean_bb=10.5742 policy_loss=0.004331 value_loss=2.047942
[iter=3515] rollout_mean_bb=23.0371 policy_loss=0.000668 value_loss=1.872172
[iter=3520] rollout_mean_bb=19.1602 policy_loss=0.000722 value_loss=2.197628
[iter=3525] rollout_mean_bb=14.4277 policy_loss=-0.044090 value_loss=2.787235
[iter=3530] rollout_mean_bb=8.2695 policy_loss=-0.000134 value_loss=2.148214
[iter=3535] rollout_mean_bb=21.5215 policy_loss=0.058155 value_loss=1.108384
[iter=3540] rollout_mean_bb=-2.6953 policy_loss=0.355378 value_loss=2.442949
[iter=3545] rollout_mean_bb=15.2520 policy_loss=-0.000063 value_loss=2.109160
[iter=3550] rollout_mean_bb=15.9922 policy_loss=0.259963 value_loss=1.584242
[iter=3555] rollout_mean_bb=1.9668 policy_loss=-0.001734 value_loss=1.978030
[iter=3560] rollout_mean_bb=13.7520 policy_loss=-0.001403 value_loss=2.268982
[iter=3565] rollout_mean_bb=2.0605 policy_loss=-0.000089 value_loss=2.661238
[iter=3570] rollout_mean_bb=10.5898 policy_loss=0.412228 value_loss=2.386845
[iter=3575] rollout_mean_bb=9.7812 policy_loss=-0.312659 value_loss=2.312228
[iter=3580] rollout_mean_bb=18.3965 policy_loss=0.428638 value_loss=2.397579
[iter=3585] rollout_mean_bb=9.8359 policy_loss=0.033695 value_loss=2.425882
[iter=3590] rollout_mean_bb=6.7227 policy_loss=-0.135432 value_loss=3.079897
[iter=3595] rollout_mean_bb=27.0547 policy_loss=0.091535 value_loss=1.308871
[iter=3600] rollout_mean_bb=23.1543 policy_loss=0.000186 value_loss=2.664882
[iter=3605] rollout_mean_bb=14.5859 policy_loss=0.001404 value_loss=2.703838
[iter=3610] rollout_mean_bb=6.7344 policy_loss=-0.370668 value_loss=2.664236
[iter=3615] rollout_mean_bb=0.4316 policy_loss=-0.000194 value_loss=2.233525
[iter=3620] rollout_mean_bb=16.0879 policy_loss=-0.294629 value_loss=2.345988
[iter=3625] rollout_mean_bb=10.5684 policy_loss=0.167743 value_loss=1.806898
[iter=3630] rollout_mean_bb=19.1934 policy_loss=-0.001772 value_loss=2.350553
[iter=3635] rollout_mean_bb=1.2480 policy_loss=-0.026234 value_loss=1.261159
[iter=3640] rollout_mean_bb=8.2578 policy_loss=0.001786 value_loss=2.117870
[iter=3645] rollout_mean_bb=16.0625 policy_loss=-0.000988 value_loss=2.093868
[iter=3650] rollout_mean_bb=14.4668 policy_loss=0.000720 value_loss=1.985010
[iter=3655] rollout_mean_bb=12.1445 policy_loss=0.230758 value_loss=3.113751
[iter=3660] rollout_mean_bb=5.9355 policy_loss=0.000613 value_loss=2.349670
[iter=3665] rollout_mean_bb=11.3730 policy_loss=0.001289 value_loss=2.285815
[iter=3670] rollout_mean_bb=12.8906 policy_loss=0.035660 value_loss=1.698161
[iter=3675] rollout_mean_bb=20.0000 policy_loss=0.166782 value_loss=2.738836
[iter=3680] rollout_mean_bb=16.0684 policy_loss=0.030566 value_loss=1.119865
[iter=3685] rollout_mean_bb=12.1543 policy_loss=-0.144186 value_loss=1.818495
[iter=3690] rollout_mean_bb=30.9238 policy_loss=-0.257246 value_loss=2.260897
[iter=3695] rollout_mean_bb=21.5645 policy_loss=-0.000594 value_loss=2.399435
[iter=3700] rollout_mean_bb=12.1641 policy_loss=0.162661 value_loss=1.694855
[iter=3705] rollout_mean_bb=12.9023 policy_loss=0.040569 value_loss=1.978232
[iter=3710] rollout_mean_bb=24.6035 policy_loss=-0.089430 value_loss=1.651425
[iter=3715] rollout_mean_bb=23.1230 policy_loss=0.000038 value_loss=2.137543
[iter=3720] rollout_mean_bb=18.3008 policy_loss=0.271954 value_loss=2.354488
[iter=3725] rollout_mean_bb=1.2246 policy_loss=-0.362636 value_loss=2.215379
[iter=3730] rollout_mean_bb=23.1172 policy_loss=-0.017782 value_loss=2.061541
[iter=3735] rollout_mean_bb=20.7754 policy_loss=0.444378 value_loss=2.699859
[iter=3740] rollout_mean_bb=12.1211 policy_loss=0.017863 value_loss=1.047923
[iter=3745] rollout_mean_bb=10.5801 policy_loss=-0.647570 value_loss=3.387800
[iter=3750] rollout_mean_bb=15.2754 policy_loss=0.001806 value_loss=2.266454
[iter=3755] rollout_mean_bb=-1.1211 policy_loss=0.000841 value_loss=2.503515
[iter=3760] rollout_mean_bb=17.7012 policy_loss=-0.000999 value_loss=2.732550
[iter=3765] rollout_mean_bb=16.1055 policy_loss=0.659578 value_loss=3.785716
[iter=3770] rollout_mean_bb=-5.7539 policy_loss=-0.036824 value_loss=1.790077
[iter=3775] rollout_mean_bb=26.3203 policy_loss=0.000658 value_loss=2.775557
[iter=3780] rollout_mean_bb=13.7383 policy_loss=0.000010 value_loss=2.244254
[iter=3785] rollout_mean_bb=20.0898 policy_loss=0.069917 value_loss=2.641695
[iter=3790] rollout_mean_bb=9.0996 policy_loss=0.000001 value_loss=2.736004
[iter=3795] rollout_mean_bb=15.4023 policy_loss=0.002528 value_loss=2.770030
[iter=3800] rollout_mean_bb=7.5254 policy_loss=0.388382 value_loss=3.879092
[iter=3805] rollout_mean_bb=28.5859 policy_loss=0.068953 value_loss=1.221342
[iter=3810] rollout_mean_bb=14.5098 policy_loss=-0.308003 value_loss=2.276235
[iter=3815] rollout_mean_bb=8.2070 policy_loss=0.070379 value_loss=3.504896
[iter=3820] rollout_mean_bb=0.4668 policy_loss=0.000278 value_loss=2.318306
[iter=3825] rollout_mean_bb=25.4629 policy_loss=0.000321 value_loss=2.294400
[iter=3830] rollout_mean_bb=-9.0059 policy_loss=-0.053986 value_loss=1.026621
[iter=3835] rollout_mean_bb=15.2031 policy_loss=-0.329568 value_loss=2.044166
[iter=3840] rollout_mean_bb=5.1660 policy_loss=0.000062 value_loss=2.536716
[iter=3845] rollout_mean_bb=21.5742 policy_loss=0.100859 value_loss=3.692805
[iter=3850] rollout_mean_bb=2.8281 policy_loss=-0.310405 value_loss=2.419086
[iter=3855] rollout_mean_bb=-0.4297 policy_loss=-0.172620 value_loss=2.238923
[iter=3860] rollout_mean_bb=9.7559 policy_loss=-0.162236 value_loss=1.639558
[iter=3865] rollout_mean_bb=18.3672 policy_loss=-0.287962 value_loss=2.679346
[iter=3870] rollout_mean_bb=3.4824 policy_loss=-0.013630 value_loss=0.922838
[iter=3875] rollout_mean_bb=12.0840 policy_loss=0.001997 value_loss=2.001488
[iter=3880] rollout_mean_bb=17.5293 policy_loss=1.021990 value_loss=3.453834
[iter=3885] rollout_mean_bb=6.6387 policy_loss=0.026178 value_loss=2.269096
[iter=3890] rollout_mean_bb=8.9863 policy_loss=-0.144630 value_loss=2.287986
[iter=3895] rollout_mean_bb=17.5586 policy_loss=0.039581 value_loss=1.039503
[iter=3900] rollout_mean_bb=19.9902 policy_loss=-0.002103 value_loss=2.254612
[iter=3905] rollout_mean_bb=22.2793 policy_loss=0.059850 value_loss=0.987284
[iter=3910] rollout_mean_bb=4.3086 policy_loss=0.040020 value_loss=2.342699
[iter=3915] rollout_mean_bb=21.5664 policy_loss=0.000558 value_loss=2.323061
[iter=3920] rollout_mean_bb=5.1289 policy_loss=-0.011648 value_loss=1.171904
[iter=3925] rollout_mean_bb=15.2285 policy_loss=0.191066 value_loss=2.266361
[iter=3930] rollout_mean_bb=7.3516 policy_loss=0.158159 value_loss=1.862924
[iter=3935] rollout_mean_bb=15.2168 policy_loss=0.456394 value_loss=2.244380
[iter=3940] rollout_mean_bb=14.3867 policy_loss=-0.112420 value_loss=1.367415
[iter=3945] rollout_mean_bb=5.1367 policy_loss=-0.001744 value_loss=2.451450
[iter=3950] rollout_mean_bb=16.8262 policy_loss=-0.064101 value_loss=2.306896
[iter=3955] rollout_mean_bb=14.4883 policy_loss=-0.314396 value_loss=2.178334
[iter=3960] rollout_mean_bb=6.5742 policy_loss=0.180296 value_loss=1.332600
[iter=3965] rollout_mean_bb=24.5703 policy_loss=0.000382 value_loss=1.903086
[iter=3970] rollout_mean_bb=27.7363 policy_loss=0.115921 value_loss=2.799087
[iter=3975] rollout_mean_bb=8.2168 policy_loss=0.004755 value_loss=0.902747
[iter=3980] rollout_mean_bb=16.0195 policy_loss=0.000198 value_loss=1.680622
[iter=3985] rollout_mean_bb=12.1133 policy_loss=0.068471 value_loss=2.267898
[iter=3990] rollout_mean_bb=21.5059 policy_loss=0.007210 value_loss=2.053909
[iter=3995] rollout_mean_bb=-0.3906 policy_loss=0.000136 value_loss=1.990426
[iter=4000] rollout_mean_bb=8.1367 policy_loss=0.246385 value_loss=1.626903
[iter=4005] rollout_mean_bb=23.0039 policy_loss=-0.258849 value_loss=2.351485
[iter=4010] rollout_mean_bb=16.8477 policy_loss=0.028386 value_loss=1.112836
[iter=4015] rollout_mean_bb=13.6543 policy_loss=0.096386 value_loss=3.470281
[iter=4020] rollout_mean_bb=14.4824 policy_loss=-0.317712 value_loss=2.179910
[iter=4025] rollout_mean_bb=16.8477 policy_loss=-0.305776 value_loss=2.232786
[iter=4030] rollout_mean_bb=19.1992 policy_loss=-0.292876 value_loss=2.216521
[iter=4035] rollout_mean_bb=15.1797 policy_loss=-0.293775 value_loss=2.123135
[iter=4040] rollout_mean_bb=24.6133 policy_loss=0.061405 value_loss=0.950191
[iter=4045] rollout_mean_bb=14.4473 policy_loss=0.023587 value_loss=1.010939
[iter=4050] rollout_mean_bb=13.6797 policy_loss=0.044469 value_loss=2.142710
[iter=4055] rollout_mean_bb=11.4492 policy_loss=0.000483 value_loss=2.370927
[iter=4060] rollout_mean_bb=13.0195 policy_loss=-0.306684 value_loss=2.369888
[iter=4065] rollout_mean_bb=14.4805 policy_loss=0.000547 value_loss=2.320902
[iter=4070] rollout_mean_bb=25.4199 policy_loss=-0.280397 value_loss=2.175528
[iter=4075] rollout_mean_bb=28.5918 policy_loss=0.060248 value_loss=1.241556
[iter=4080] rollout_mean_bb=-1.0039 policy_loss=-0.607966 value_loss=3.698777
[iter=4085] rollout_mean_bb=26.2988 policy_loss=-0.000006 value_loss=2.505838
[iter=4090] rollout_mean_bb=26.2285 policy_loss=0.192210 value_loss=2.707170
[iter=4095] rollout_mean_bb=5.9277 policy_loss=-0.017477 value_loss=1.311418
[iter=4100] rollout_mean_bb=22.3340 policy_loss=0.000034 value_loss=2.381504
[iter=4105] rollout_mean_bb=10.6074 policy_loss=-0.121270 value_loss=2.958983
[iter=4110] rollout_mean_bb=25.4434 policy_loss=0.588806 value_loss=3.287870
[iter=4115] rollout_mean_bb=12.2090 policy_loss=-0.000478 value_loss=2.349672
[iter=4120] rollout_mean_bb=30.1055 policy_loss=-0.000010 value_loss=2.307659
[iter=4125] rollout_mean_bb=17.6133 policy_loss=-0.268000 value_loss=2.265867
[iter=4130] rollout_mean_bb=-2.6387 policy_loss=-0.000078 value_loss=2.406595
[iter=4135] rollout_mean_bb=21.5195 policy_loss=0.042232 value_loss=2.365293
[iter=4140] rollout_mean_bb=10.6270 policy_loss=-0.000869 value_loss=2.384553
[iter=4145] rollout_mean_bb=7.4688 policy_loss=0.061078 value_loss=3.635442
[iter=4150] rollout_mean_bb=-4.1367 policy_loss=0.000737 value_loss=2.792184
[iter=4155] rollout_mean_bb=12.1914 policy_loss=-0.000090 value_loss=2.423265
[iter=4160] rollout_mean_bb=12.1758 policy_loss=-0.000120 value_loss=2.189614
[iter=4165] rollout_mean_bb=32.4570 policy_loss=0.001780 value_loss=2.138463
[iter=4170] rollout_mean_bb=12.1426 policy_loss=0.009222 value_loss=1.113051
[iter=4175] rollout_mean_bb=2.7930 policy_loss=-0.000882 value_loss=2.292397
[iter=4180] rollout_mean_bb=23.9668 policy_loss=-0.250430 value_loss=2.490302
[iter=4185] rollout_mean_bb=9.7910 policy_loss=0.001199 value_loss=1.493843
[iter=4190] rollout_mean_bb=23.7891 policy_loss=-0.117015 value_loss=1.534669
[iter=4195] rollout_mean_bb=9.7891 policy_loss=0.042999 value_loss=2.265403
[iter=4200] rollout_mean_bb=16.0488 policy_loss=0.153332 value_loss=3.724232
[iter=4205] rollout_mean_bb=1.2598 policy_loss=-0.636388 value_loss=3.474173
[iter=4210] rollout_mean_bb=17.6758 policy_loss=0.000540 value_loss=2.509035
[iter=4215] rollout_mean_bb=2.7969 policy_loss=-0.000784 value_loss=2.402727
[iter=4220] rollout_mean_bb=18.3438 policy_loss=0.259237 value_loss=1.668449
[iter=4225] rollout_mean_bb=6.6387 policy_loss=-0.707016 value_loss=3.130986
[iter=4230] rollout_mean_bb=-1.2402 policy_loss=0.276979 value_loss=2.566350
[iter=4235] rollout_mean_bb=8.1973 policy_loss=0.406733 value_loss=2.442746
[iter=4240] rollout_mean_bb=14.4141 policy_loss=0.025346 value_loss=0.894032
[iter=4245] rollout_mean_bb=8.9980 policy_loss=0.002247 value_loss=2.273385
[iter=4250] rollout_mean_bb=9.7656 policy_loss=0.311974 value_loss=2.727644
[iter=4255] rollout_mean_bb=0.4453 policy_loss=0.042734 value_loss=3.622668
[iter=4260] rollout_mean_bb=21.5645 policy_loss=0.034142 value_loss=1.198052
[iter=4265] rollout_mean_bb=25.4512 policy_loss=-0.278435 value_loss=2.230860
[iter=4270] rollout_mean_bb=30.1602 policy_loss=0.119117 value_loss=3.565275
[iter=4275] rollout_mean_bb=20.7949 policy_loss=0.022023 value_loss=1.664492
[iter=4280] rollout_mean_bb=11.4258 policy_loss=0.026607 value_loss=2.046144
[iter=4285] rollout_mean_bb=12.1465 policy_loss=0.000446 value_loss=2.195533
[iter=4290] rollout_mean_bb=12.9219 policy_loss=0.009097 value_loss=1.064097
[iter=4295] rollout_mean_bb=7.4707 policy_loss=-0.001073 value_loss=2.139268
[iter=4300] rollout_mean_bb=19.9277 policy_loss=0.000438 value_loss=1.975991
[iter=4305] rollout_mean_bb=18.3262 policy_loss=-0.300085 value_loss=2.074561
[iter=4310] rollout_mean_bb=20.7637 policy_loss=-0.293901 value_loss=2.208637
[iter=4315] rollout_mean_bb=-0.3203 policy_loss=0.000342 value_loss=2.382838
[iter=4320] rollout_mean_bb=14.5586 policy_loss=-0.000318 value_loss=2.606997
[iter=4325] rollout_mean_bb=11.3809 policy_loss=0.057776 value_loss=2.501956
[iter=4330] rollout_mean_bb=16.8301 policy_loss=0.044848 value_loss=1.494049
[iter=4335] rollout_mean_bb=5.0273 policy_loss=-0.393305 value_loss=2.061023
[iter=4340] rollout_mean_bb=16.7715 policy_loss=0.122174 value_loss=3.336119
[iter=4345] rollout_mean_bb=21.5254 policy_loss=0.000570 value_loss=2.128614
[iter=4350] rollout_mean_bb=19.9824 policy_loss=0.069796 value_loss=2.387740
[iter=4355] rollout_mean_bb=6.6172 policy_loss=-0.095243 value_loss=2.222990
[iter=4360] rollout_mean_bb=22.3496 policy_loss=0.425147 value_loss=2.631664
[iter=4365] rollout_mean_bb=16.1406 policy_loss=-0.000897 value_loss=2.690630
[iter=4370] rollout_mean_bb=18.3516 policy_loss=0.082317 value_loss=2.756523
[iter=4375] rollout_mean_bb=20.8086 policy_loss=-0.000813 value_loss=2.576071
[iter=4380] rollout_mean_bb=9.0371 policy_loss=-0.007499 value_loss=1.119663
[iter=4385] rollout_mean_bb=12.1934 policy_loss=0.000175 value_loss=2.349848
[iter=4390] rollout_mean_bb=1.2031 policy_loss=-0.001972 value_loss=2.139966
[iter=4395] rollout_mean_bb=20.7461 policy_loss=0.026142 value_loss=1.397973
[iter=4400] rollout_mean_bb=8.9316 policy_loss=0.616096 value_loss=3.003112
[iter=4405] rollout_mean_bb=-0.5234 policy_loss=0.000715 value_loss=1.311551
[iter=4410] rollout_mean_bb=13.5762 policy_loss=-0.174532 value_loss=1.247590
[iter=4415] rollout_mean_bb=13.6680 policy_loss=0.473897 value_loss=2.268144
[iter=4420] rollout_mean_bb=18.2676 policy_loss=-0.362717 value_loss=1.777649
[iter=4425] rollout_mean_bb=11.3223 policy_loss=0.001184 value_loss=1.789932
[iter=4430] rollout_mean_bb=18.3203 policy_loss=0.083382 value_loss=2.178829
[iter=4435] rollout_mean_bb=-2.7715 policy_loss=-0.754598 value_loss=3.096684
[iter=4440] rollout_mean_bb=4.2871 policy_loss=0.002595 value_loss=1.644216
[iter=4445] rollout_mean_bb=8.1699 policy_loss=-0.003066 value_loss=0.883197
[iter=4450] rollout_mean_bb=13.6328 policy_loss=-0.000581 value_loss=1.764220
[iter=4455] rollout_mean_bb=7.3691 policy_loss=0.038976 value_loss=2.146500
[iter=4460] rollout_mean_bb=3.5293 policy_loss=-0.000448 value_loss=2.082415
[iter=4465] rollout_mean_bb=6.6777 policy_loss=-0.000215 value_loss=2.259732
[iter=4470] rollout_mean_bb=-0.3105 policy_loss=0.166559 value_loss=1.757979
[iter=4475] rollout_mean_bb=-12.0547 policy_loss=0.472088 value_loss=3.401429
[iter=4480] rollout_mean_bb=14.4922 policy_loss=-0.154774 value_loss=1.603914
[iter=4485] rollout_mean_bb=-6.6055 policy_loss=-0.217448 value_loss=1.708101
[iter=4490] rollout_mean_bb=21.5273 policy_loss=-0.082370 value_loss=2.878022
[iter=4495] rollout_mean_bb=12.8906 policy_loss=-0.105446 value_loss=1.295343
[iter=4500] rollout_mean_bb=-1.9043 policy_loss=-0.347681 value_loss=2.300159
[iter=4505] rollout_mean_bb=10.5820 policy_loss=-0.322319 value_loss=2.188662
[iter=4510] rollout_mean_bb=11.4473 policy_loss=0.077048 value_loss=3.714013
[iter=4515] rollout_mean_bb=12.2227 policy_loss=-0.001291 value_loss=2.547968
[iter=4520] rollout_mean_bb=9.9395 policy_loss=0.002015 value_loss=2.263318
[iter=4525] rollout_mean_bb=-2.5645 policy_loss=-0.347915 value_loss=2.430633
[iter=4530] rollout_mean_bb=13.7852 policy_loss=-0.285906 value_loss=2.473589
[iter=4535] rollout_mean_bb=19.1953 policy_loss=-0.069628 value_loss=2.471087
[iter=4540] rollout_mean_bb=38.0859 policy_loss=0.002796 value_loss=3.025572
[iter=4545] rollout_mean_bb=15.4023 policy_loss=0.537271 value_loss=3.530532
[iter=4550] rollout_mean_bb=10.7188 policy_loss=0.002127 value_loss=2.995066
[iter=4555] rollout_mean_bb=-15.0293 policy_loss=-0.213879 value_loss=2.162534
[iter=4560] rollout_mean_bb=11.4707 policy_loss=-0.007703 value_loss=1.419467
[iter=4565] rollout_mean_bb=17.6191 policy_loss=-0.612850 value_loss=3.556611
[iter=4570] rollout_mean_bb=6.6699 policy_loss=0.069800 value_loss=3.621926
[iter=4575] rollout_mean_bb=19.9648 policy_loss=-0.008418 value_loss=2.701298
[iter=4580] rollout_mean_bb=15.3945 policy_loss=0.033177 value_loss=1.491687
[iter=4585] rollout_mean_bb=11.4082 policy_loss=0.231593 value_loss=3.150843
[iter=4590] rollout_mean_bb=12.2148 policy_loss=-0.000402 value_loss=2.428175
[iter=4595] rollout_mean_bb=16.0664 policy_loss=-0.323591 value_loss=2.181768
[iter=4600] rollout_mean_bb=17.6348 policy_loss=-0.143064 value_loss=1.610732
[iter=4605] rollout_mean_bb=9.7500 policy_loss=-0.261056 value_loss=1.895069
[iter=4610] rollout_mean_bb=27.8164 policy_loss=-0.000139 value_loss=2.452110
[iter=4615] rollout_mean_bb=4.3066 policy_loss=-0.349547 value_loss=2.163839
[iter=4620] rollout_mean_bb=18.4492 policy_loss=0.000530 value_loss=2.288029
[iter=4625] rollout_mean_bb=14.4453 policy_loss=-0.067668 value_loss=2.235900
[iter=4630] rollout_mean_bb=11.2969 policy_loss=0.001330 value_loss=1.066684
[iter=4635] rollout_mean_bb=2.0059 policy_loss=0.001197 value_loss=2.354414
[iter=4640] rollout_mean_bb=0.4258 policy_loss=0.363418 value_loss=2.531136
[iter=4645] rollout_mean_bb=5.1230 policy_loss=-0.023405 value_loss=1.094474
[iter=4650] rollout_mean_bb=18.3301 policy_loss=0.001764 value_loss=1.866629
[iter=4655] rollout_mean_bb=10.4492 policy_loss=0.534521 value_loss=2.101241
[iter=4660] rollout_mean_bb=15.0879 policy_loss=0.048772 value_loss=0.596358
[iter=4665] rollout_mean_bb=4.1992 policy_loss=-0.431325 value_loss=1.885272
[iter=4670] rollout_mean_bb=15.1211 policy_loss=0.038509 value_loss=0.744250
[iter=4675] rollout_mean_bb=22.9531 policy_loss=-0.144658 value_loss=1.890428
[iter=4680] rollout_mean_bb=2.6172 policy_loss=0.457469 value_loss=2.177763
[iter=4685] rollout_mean_bb=18.1699 policy_loss=-0.414952 value_loss=1.593609
[iter=4690] rollout_mean_bb=15.8711 policy_loss=0.024599 value_loss=0.872484
[iter=4695] rollout_mean_bb=21.3945 policy_loss=0.113642 value_loss=1.880020
[iter=4700] rollout_mean_bb=5.8555 policy_loss=0.000070 value_loss=1.942081
[iter=4705] rollout_mean_bb=19.9004 policy_loss=-0.326403 value_loss=1.932863
[iter=4710] rollout_mean_bb=22.1953 policy_loss=-0.095778 value_loss=1.344431
[iter=4715] rollout_mean_bb=3.4648 policy_loss=-0.145707 value_loss=2.719599
[iter=4720] rollout_mean_bb=3.4863 policy_loss=0.006270 value_loss=1.820089
[iter=4725] rollout_mean_bb=16.0586 policy_loss=0.859819 value_loss=3.841413
[iter=4730] rollout_mean_bb=8.2246 policy_loss=0.004022 value_loss=2.065757
[iter=4735] rollout_mean_bb=16.8125 policy_loss=-0.615721 value_loss=3.274671
[iter=4740] rollout_mean_bb=5.9160 policy_loss=-0.000006 value_loss=2.327165
[iter=4745] rollout_mean_bb=9.8418 policy_loss=0.001239 value_loss=2.555946
[iter=4750] rollout_mean_bb=6.6836 policy_loss=0.000397 value_loss=2.186336
[iter=4755] rollout_mean_bb=20.7969 policy_loss=-0.000208 value_loss=2.541027
[iter=4760] rollout_mean_bb=3.5801 policy_loss=-0.351411 value_loss=2.176183
[iter=4765] rollout_mean_bb=25.3945 policy_loss=-0.279863 value_loss=2.137104
[iter=4770] rollout_mean_bb=12.1445 policy_loss=0.002035 value_loss=2.119282
[iter=4775] rollout_mean_bb=26.9785 policy_loss=0.001331 value_loss=2.115612
[iter=4780] rollout_mean_bb=6.7051 policy_loss=-0.330635 value_loss=2.225192
[iter=4785] rollout_mean_bb=14.4609 policy_loss=0.015818 value_loss=1.056766
[iter=4790] rollout_mean_bb=-1.1348 policy_loss=0.000432 value_loss=2.182398
[iter=4795] rollout_mean_bb=22.2070 policy_loss=0.486703 value_loss=2.095261
[iter=4800] rollout_mean_bb=8.9805 policy_loss=0.001364 value_loss=2.077124
[iter=4805] rollout_mean_bb=5.8281 policy_loss=0.015786 value_loss=1.760805
[iter=4810] rollout_mean_bb=26.1895 policy_loss=-0.604894 value_loss=3.184234
[iter=4815] rollout_mean_bb=10.5742 policy_loss=-0.144299 value_loss=2.055238
[iter=4820] rollout_mean_bb=10.6426 policy_loss=0.000486 value_loss=2.382433
[iter=4825] rollout_mean_bb=21.4844 policy_loss=0.100366 value_loss=3.681857
[iter=4830] rollout_mean_bb=15.2480 policy_loss=0.290840 value_loss=2.400191
[iter=4835] rollout_mean_bb=19.1660 policy_loss=0.000455 value_loss=2.219982
[iter=4840] rollout_mean_bb=3.4766 policy_loss=-0.107018 value_loss=2.170542
[iter=4845] rollout_mean_bb=22.2832 policy_loss=-0.422100 value_loss=2.812060
[iter=4850] rollout_mean_bb=15.2441 policy_loss=0.281294 value_loss=2.455271
[iter=4855] rollout_mean_bb=29.3809 policy_loss=-0.257605 value_loss=2.265956
[iter=4860] rollout_mean_bb=9.0430 policy_loss=0.050960 value_loss=2.728453
[iter=4865] rollout_mean_bb=20.0039 policy_loss=0.020914 value_loss=1.182837
[iter=4870] rollout_mean_bb=16.9062 policy_loss=0.000767 value_loss=2.670165
[iter=4875] rollout_mean_bb=-4.2969 policy_loss=-0.134382 value_loss=2.280337
[iter=4880] rollout_mean_bb=23.1465 policy_loss=-0.435679 value_loss=2.743235
[iter=4885] rollout_mean_bb=15.2891 policy_loss=0.008465 value_loss=1.076518
[iter=4890] rollout_mean_bb=13.7227 policy_loss=0.000112 value_loss=2.371896
[iter=4895] rollout_mean_bb=9.0215 policy_loss=-0.197261 value_loss=2.591975
[iter=4900] rollout_mean_bb=16.0742 policy_loss=0.001573 value_loss=2.400648
[iter=4905] rollout_mean_bb=8.2598 policy_loss=-0.000665 value_loss=2.334848
[iter=4910] rollout_mean_bb=-1.1387 policy_loss=-0.049605 value_loss=1.071827
[iter=4915] rollout_mean_bb=12.8574 policy_loss=0.016554 value_loss=0.894600
[iter=4920] rollout_mean_bb=2.7051 policy_loss=0.000691 value_loss=1.862183
[iter=4925] rollout_mean_bb=7.3789 policy_loss=0.040837 value_loss=2.161286
[iter=4930] rollout_mean_bb=13.6719 policy_loss=0.437690 value_loss=2.452802
[iter=4935] rollout_mean_bb=22.2520 policy_loss=0.001978 value_loss=1.946200
[iter=4940] rollout_mean_bb=13.6895 policy_loss=-0.106777 value_loss=2.034655
[iter=4945] rollout_mean_bb=14.4883 policy_loss=0.001071 value_loss=2.257752
[iter=4950] rollout_mean_bb=14.4727 policy_loss=-0.269638 value_loss=2.256253
[iter=4955] rollout_mean_bb=12.0820 policy_loss=0.118128 value_loss=2.165285
[iter=4960] rollout_mean_bb=12.9316 policy_loss=-0.000510 value_loss=2.264490
[iter=4965] rollout_mean_bb=12.1484 policy_loss=-0.316295 value_loss=2.182774
[iter=4970] rollout_mean_bb=23.0215 policy_loss=0.000198 value_loss=1.801087
[iter=4975] rollout_mean_bb=2.7520 policy_loss=-0.000508 value_loss=2.055638
[iter=4980] rollout_mean_bb=6.6348 policy_loss=0.001320 value_loss=1.930712
[iter=4985] rollout_mean_bb=16.0156 policy_loss=0.062996 value_loss=2.359991
[iter=4990] rollout_mean_bb=6.6328 policy_loss=0.000959 value_loss=2.201616
[iter=4995] rollout_mean_bb=11.3711 policy_loss=0.095472 value_loss=3.486773
[iter=5000] rollout_mean_bb=16.0430 policy_loss=-0.093550 value_loss=2.835883
[iter=5005] rollout_mean_bb=36.4277 policy_loss=0.000168 value_loss=2.447437
[iter=5010] rollout_mean_bb=-5.0977 policy_loss=0.366087 value_loss=2.458224
[iter=5015] rollout_mean_bb=3.5234 policy_loss=-0.026664 value_loss=1.050534
[iter=5020] rollout_mean_bb=10.5801 policy_loss=-0.450983 value_loss=2.349338
[iter=5025] rollout_mean_bb=8.9707 policy_loss=-0.000943 value_loss=1.798310
[iter=5030] rollout_mean_bb=16.7676 policy_loss=0.158546 value_loss=2.195460
[iter=5035] rollout_mean_bb=22.3379 policy_loss=0.132195 value_loss=3.584153
[iter=5040] rollout_mean_bb=26.2305 policy_loss=0.454537 value_loss=2.581926
[iter=5045] rollout_mean_bb=33.3047 policy_loss=-0.081375 value_loss=1.699821
[iter=5050] rollout_mean_bb=20.8398 policy_loss=0.067588 value_loss=1.497983
[iter=5055] rollout_mean_bb=11.4062 policy_loss=-0.001222 value_loss=2.656805
[iter=5060] rollout_mean_bb=19.9980 policy_loss=0.028950 value_loss=1.211701
[iter=5065] rollout_mean_bb=26.1543 policy_loss=0.060295 value_loss=1.028413
[iter=5070] rollout_mean_bb=16.8535 policy_loss=-0.292369 value_loss=2.217258
[iter=5075] rollout_mean_bb=11.3906 policy_loss=0.001960 value_loss=1.217075
[iter=5080] rollout_mean_bb=12.9414 policy_loss=-0.000782 value_loss=2.385507
[iter=5085] rollout_mean_bb=13.7305 policy_loss=0.000795 value_loss=2.291093
[iter=5090] rollout_mean_bb=18.4277 policy_loss=0.148543 value_loss=2.769064
[iter=5095] rollout_mean_bb=19.2148 policy_loss=-0.265144 value_loss=2.339428
[iter=5100] rollout_mean_bb=19.1875 policy_loss=-0.001588 value_loss=2.288134
[iter=5105] rollout_mean_bb=12.9043 policy_loss=-0.327162 value_loss=2.237325
[iter=5110] rollout_mean_bb=2.0586 policy_loss=0.035905 value_loss=3.761164
[iter=5115] rollout_mean_bb=1.9980 policy_loss=0.001130 value_loss=2.165774
[iter=5120] rollout_mean_bb=21.4746 policy_loss=-0.290953 value_loss=2.693222
[iter=5125] rollout_mean_bb=10.6289 policy_loss=0.008127 value_loss=1.215988
[iter=5130] rollout_mean_bb=18.3477 policy_loss=-0.137223 value_loss=1.521941
[iter=5135] rollout_mean_bb=10.5801 policy_loss=0.037279 value_loss=2.358027
[iter=5140] rollout_mean_bb=26.1504 policy_loss=0.495212 value_loss=2.276873
[iter=5145] rollout_mean_bb=30.8457 policy_loss=0.092709 value_loss=0.920805
[iter=5150] rollout_mean_bb=1.1152 policy_loss=0.447725 value_loss=2.251224
[iter=5155] rollout_mean_bb=10.5000 policy_loss=0.001389 value_loss=1.601142
[iter=5160] rollout_mean_bb=12.0605 policy_loss=-0.586899 value_loss=2.607036
[iter=5165] rollout_mean_bb=23.0469 policy_loss=0.137783 value_loss=3.305422
[iter=5170] rollout_mean_bb=15.9512 policy_loss=-0.346399 value_loss=2.057569
[iter=5175] rollout_mean_bb=8.2148 policy_loss=0.002457 value_loss=1.994763
[iter=5180] rollout_mean_bb=9.7773 policy_loss=-0.000489 value_loss=1.922312
[iter=5185] rollout_mean_bb=3.4824 policy_loss=0.001310 value_loss=1.886101
[iter=5190] rollout_mean_bb=12.9160 policy_loss=0.001060 value_loss=2.042918
[iter=5195] rollout_mean_bb=16.7461 policy_loss=-0.515966 value_loss=2.435267
[iter=5200] rollout_mean_bb=15.2051 policy_loss=-0.000046 value_loss=1.800230
[iter=5205] rollout_mean_bb=12.8594 policy_loss=-0.336892 value_loss=2.046680
[iter=5210] rollout_mean_bb=19.0664 policy_loss=0.389258 value_loss=2.598520
[iter=5215] rollout_mean_bb=9.0195 policy_loss=-0.088503 value_loss=2.245811
[iter=5220] rollout_mean_bb=30.9082 policy_loss=-0.592738 value_loss=3.412539
[iter=5225] rollout_mean_bb=13.7578 policy_loss=-0.000465 value_loss=2.482861
[iter=5230] rollout_mean_bb=1.9688 policy_loss=0.024357 value_loss=2.742661
[iter=5235] rollout_mean_bb=10.5586 policy_loss=0.000893 value_loss=1.939806
[iter=5240] rollout_mean_bb=23.8086 policy_loss=0.498430 value_loss=2.363334
[iter=5245] rollout_mean_bb=19.9082 policy_loss=0.279985 value_loss=2.889537
[iter=5250] rollout_mean_bb=12.1250 policy_loss=0.000370 value_loss=1.969155
[iter=5255] rollout_mean_bb=9.7695 policy_loss=-0.005076 value_loss=1.067634
[iter=5260] rollout_mean_bb=12.1387 policy_loss=-0.074763 value_loss=2.355292
[iter=5265] rollout_mean_bb=3.6387 policy_loss=0.001186 value_loss=2.773948
[iter=5270] rollout_mean_bb=-6.5684 policy_loss=0.000395 value_loss=2.406689
[iter=5275] rollout_mean_bb=18.4062 policy_loss=0.000562 value_loss=2.304819
[iter=5280] rollout_mean_bb=25.4453 policy_loss=0.000525 value_loss=2.501961
[iter=5285] rollout_mean_bb=-2.6816 policy_loss=-0.754875 value_loss=3.554201
[iter=5290] rollout_mean_bb=5.1094 policy_loss=0.033732 value_loss=2.749472
[iter=5295] rollout_mean_bb=7.4121 policy_loss=0.413804 value_loss=2.452659
[iter=5300] rollout_mean_bb=12.8984 policy_loss=0.002198 value_loss=2.066315
[iter=5305] rollout_mean_bb=8.1426 policy_loss=0.016624 value_loss=1.072338
[iter=5310] rollout_mean_bb=21.4531 policy_loss=-0.137692 value_loss=1.365971
[iter=5315] rollout_mean_bb=12.1035 policy_loss=0.182643 value_loss=3.154910
[iter=5320] rollout_mean_bb=9.0312 policy_loss=-0.330199 value_loss=2.136634
[iter=5325] rollout_mean_bb=9.7051 policy_loss=-0.368174 value_loss=1.858165
[iter=5330] rollout_mean_bb=10.5469 policy_loss=-0.003493 value_loss=1.048513
[iter=5335] rollout_mean_bb=11.3340 policy_loss=-0.112466 value_loss=2.754558
[iter=5340] rollout_mean_bb=5.7441 policy_loss=0.163021 value_loss=2.079258
[iter=5345] rollout_mean_bb=16.7832 policy_loss=-0.305381 value_loss=2.056926
[iter=5350] rollout_mean_bb=-0.3965 policy_loss=0.000439 value_loss=2.298863
[iter=5355] rollout_mean_bb=-15.9531 policy_loss=-0.051184 value_loss=2.408625
[iter=5360] rollout_mean_bb=-1.9062 policy_loss=-0.000181 value_loss=2.342147
[iter=5365] rollout_mean_bb=19.2383 policy_loss=0.000049 value_loss=2.555268
[iter=5370] rollout_mean_bb=9.7852 policy_loss=0.000222 value_loss=2.134432
[iter=5375] rollout_mean_bb=2.7812 policy_loss=-0.000315 value_loss=2.170738
[iter=5380] rollout_mean_bb=18.3496 policy_loss=-0.083550 value_loss=2.749478
[iter=5385] rollout_mean_bb=14.4551 policy_loss=-0.048202 value_loss=1.915608
[iter=5390] rollout_mean_bb=14.4785 policy_loss=0.001208 value_loss=2.112519
[iter=5395] rollout_mean_bb=24.6582 policy_loss=-0.272643 value_loss=2.162159
[iter=5400] rollout_mean_bb=25.4590 policy_loss=0.457755 value_loss=2.562783
[iter=5405] rollout_mean_bb=21.5449 policy_loss=0.222291 value_loss=1.958905
[iter=5410] rollout_mean_bb=3.5801 policy_loss=-0.482336 value_loss=2.776434
[iter=5415] rollout_mean_bb=-8.1914 policy_loss=0.510751 value_loss=3.193429
[iter=5420] rollout_mean_bb=15.9941 policy_loss=0.024044 value_loss=0.912165
[iter=5425] rollout_mean_bb=-3.4922 policy_loss=-0.000769 value_loss=2.239412
[iter=5430] rollout_mean_bb=1.2559 policy_loss=0.000531 value_loss=2.359743
[iter=5435] rollout_mean_bb=24.6230 policy_loss=-0.001035 value_loss=2.132229
[iter=5440] rollout_mean_bb=24.6055 policy_loss=0.107671 value_loss=2.153189
[iter=5445] rollout_mean_bb=13.6777 policy_loss=-0.305020 value_loss=2.097458
[iter=5450] rollout_mean_bb=12.1309 policy_loss=0.000599 value_loss=2.320321
[iter=5455] rollout_mean_bb=16.7871 policy_loss=0.074821 value_loss=1.056779
[iter=5460] rollout_mean_bb=6.5977 policy_loss=-0.380542 value_loss=1.856573
[iter=5465] rollout_mean_bb=-0.3906 policy_loss=0.176112 value_loss=1.707626
[iter=5470] rollout_mean_bb=7.4160 policy_loss=-0.178846 value_loss=1.487472
[iter=5475] rollout_mean_bb=29.3008 policy_loss=-0.336026 value_loss=2.117682
[iter=5480] rollout_mean_bb=20.7051 policy_loss=-0.000093 value_loss=2.165195
[iter=5485] rollout_mean_bb=16.8359 policy_loss=0.016503 value_loss=1.026181
[iter=5490] rollout_mean_bb=-1.3066 policy_loss=0.490282 value_loss=2.107609
[iter=5495] rollout_mean_bb=15.1641 policy_loss=-0.000327 value_loss=1.704968
[iter=5500] rollout_mean_bb=23.7969 policy_loss=0.061264 value_loss=0.986436
[iter=5505] rollout_mean_bb=17.5918 policy_loss=0.233709 value_loss=1.764011
[iter=5510] rollout_mean_bb=18.4023 policy_loss=-0.632791 value_loss=3.102498
[iter=5515] rollout_mean_bb=30.1016 policy_loss=0.346610 value_loss=1.929212
[iter=5520] rollout_mean_bb=7.3848 policy_loss=-0.019808 value_loss=0.983932
[iter=5525] rollout_mean_bb=20.6934 policy_loss=0.001093 value_loss=1.881049
[iter=5530] rollout_mean_bb=18.4180 policy_loss=0.073597 value_loss=2.024655
[iter=5535] rollout_mean_bb=9.0117 policy_loss=-0.175742 value_loss=1.590653
[iter=5540] rollout_mean_bb=14.4922 policy_loss=0.001713 value_loss=2.289476
[iter=5545] rollout_mean_bb=1.3535 policy_loss=-0.032782 value_loss=2.690107
[iter=5550] rollout_mean_bb=13.8184 policy_loss=-0.012842 value_loss=1.408901
[iter=5555] rollout_mean_bb=20.7734 policy_loss=0.077522 value_loss=2.354731
[iter=5560] rollout_mean_bb=19.9941 policy_loss=0.002361 value_loss=2.407380
[iter=5565] rollout_mean_bb=23.8301 policy_loss=-0.080004 value_loss=2.734789
[iter=5570] rollout_mean_bb=14.5664 policy_loss=-0.315074 value_loss=2.391153
[iter=5575] rollout_mean_bb=16.8477 policy_loss=-0.001254 value_loss=2.208981
[iter=5580] rollout_mean_bb=13.6602 policy_loss=0.004211 value_loss=0.960971
[iter=5585] rollout_mean_bb=4.3281 policy_loss=-0.147611 value_loss=1.358050
[iter=5590] rollout_mean_bb=19.9590 policy_loss=0.000839 value_loss=2.101934
[iter=5595] rollout_mean_bb=-1.1582 policy_loss=-0.134704 value_loss=2.219178
[iter=5600] rollout_mean_bb=9.0098 policy_loss=-0.018078 value_loss=1.089608
[iter=5605] rollout_mean_bb=16.0059 policy_loss=0.008777 value_loss=1.061500
[iter=5610] rollout_mean_bb=24.5371 policy_loss=-0.018340 value_loss=2.041017
[iter=5615] rollout_mean_bb=26.2129 policy_loss=0.000643 value_loss=2.021849
[iter=5620] rollout_mean_bb=8.2090 policy_loss=-0.329784 value_loss=2.121397
[iter=5625] rollout_mean_bb=25.4355 policy_loss=-0.060699 value_loss=2.861449
[iter=5630] rollout_mean_bb=22.3086 policy_loss=-0.036817 value_loss=2.292953
[iter=5635] rollout_mean_bb=1.9434 policy_loss=0.000151 value_loss=1.862205
[iter=5640] rollout_mean_bb=20.7441 policy_loss=-0.305284 value_loss=1.997250
[iter=5645] rollout_mean_bb=12.1523 policy_loss=-0.293001 value_loss=2.208670
[iter=5650] rollout_mean_bb=19.9824 policy_loss=0.001589 value_loss=2.300739
[iter=5655] rollout_mean_bb=7.4648 policy_loss=-0.002058 value_loss=2.377061
[iter=5660] rollout_mean_bb=9.8652 policy_loss=0.032519 value_loss=2.517374
[iter=5665] rollout_mean_bb=20.7773 policy_loss=0.004988 value_loss=2.319207
[iter=5670] rollout_mean_bb=24.6172 policy_loss=0.033751 value_loss=1.118731
[iter=5675] rollout_mean_bb=12.9453 policy_loss=0.107722 value_loss=3.617503
[iter=5680] rollout_mean_bb=14.4844 policy_loss=-0.000598 value_loss=2.056733
[iter=5685] rollout_mean_bb=-11.3691 policy_loss=0.136245 value_loss=2.193204
[iter=5690] rollout_mean_bb=10.5078 policy_loss=0.011040 value_loss=0.935170
[iter=5695] rollout_mean_bb=3.4355 policy_loss=-0.084314 value_loss=1.594395
[iter=5700] rollout_mean_bb=12.8164 policy_loss=0.243911 value_loss=2.149158
[iter=5705] rollout_mean_bb=7.3965 policy_loss=0.004685 value_loss=1.991962
[iter=5710] rollout_mean_bb=13.6289 policy_loss=-0.326835 value_loss=1.991516
[iter=5715] rollout_mean_bb=5.0820 policy_loss=-0.191604 value_loss=1.513948
[iter=5720] rollout_mean_bb=14.3711 policy_loss=0.052789 value_loss=1.601684
[iter=5725] rollout_mean_bb=24.5664 policy_loss=0.064556 value_loss=0.794618
[iter=5730] rollout_mean_bb=15.9785 policy_loss=0.000553 value_loss=1.691556
[iter=5735] rollout_mean_bb=12.0820 policy_loss=-0.002166 value_loss=1.869522
[iter=5740] rollout_mean_bb=0.3379 policy_loss=0.042449 value_loss=1.840514
[iter=5745] rollout_mean_bb=9.7207 policy_loss=-0.004456 value_loss=1.245381
[iter=5750] rollout_mean_bb=12.8906 policy_loss=0.001000 value_loss=2.118214
[iter=5755] rollout_mean_bb=-1.9277 policy_loss=-0.151629 value_loss=2.875779
[iter=5760] rollout_mean_bb=-0.3086 policy_loss=0.739273 value_loss=4.123184
[iter=5765] rollout_mean_bb=13.7422 policy_loss=-0.094131 value_loss=2.970275
[iter=5770] rollout_mean_bb=12.2051 policy_loss=-0.680707 value_loss=3.479565
[iter=5775] rollout_mean_bb=24.6953 policy_loss=-0.270043 value_loss=2.187506
[iter=5780] rollout_mean_bb=-3.4316 policy_loss=0.002697 value_loss=2.678883
[iter=5785] rollout_mean_bb=22.3652 policy_loss=-0.000656 value_loss=2.572023
[iter=5790] rollout_mean_bb=15.3555 policy_loss=-0.284046 value_loss=2.416645
[iter=5795] rollout_mean_bb=25.4961 policy_loss=0.084432 value_loss=2.503163
[iter=5800] rollout_mean_bb=12.2500 policy_loss=0.001075 value_loss=2.691666
[iter=5805] rollout_mean_bb=-11.1895 policy_loss=0.550697 value_loss=3.919319
[iter=5810] rollout_mean_bb=13.6973 policy_loss=0.210423 value_loss=1.829195
[iter=5815] rollout_mean_bb=20.7930 policy_loss=-0.000807 value_loss=2.518958
[iter=5820] rollout_mean_bb=21.5762 policy_loss=0.000882 value_loss=2.561028
[iter=5825] rollout_mean_bb=12.8828 policy_loss=0.097566 value_loss=1.278393
[iter=5830] rollout_mean_bb=24.6074 policy_loss=-0.000896 value_loss=2.063780
[iter=5835] rollout_mean_bb=4.3398 policy_loss=0.000725 value_loss=2.278441
[iter=5840] rollout_mean_bb=22.3613 policy_loss=-0.000629 value_loss=2.676368
[iter=5845] rollout_mean_bb=12.2539 policy_loss=-0.161894 value_loss=1.908599
[iter=5850] rollout_mean_bb=2.7930 policy_loss=0.003257 value_loss=2.424624
[iter=5855] rollout_mean_bb=4.3555 policy_loss=0.222770 value_loss=3.192869
[iter=5860] rollout_mean_bb=0.4414 policy_loss=-0.339370 value_loss=2.296540
[iter=5865] rollout_mean_bb=8.2578 policy_loss=-0.029540 value_loss=1.123920
[iter=5870] rollout_mean_bb=16.0527 policy_loss=-0.163630 value_loss=2.627161
[iter=5875] rollout_mean_bb=15.3320 policy_loss=-0.243861 value_loss=2.367271
[iter=5880] rollout_mean_bb=-0.3281 policy_loss=0.000963 value_loss=2.565430
[iter=5885] rollout_mean_bb=3.5625 policy_loss=-0.407346 value_loss=2.947075
[iter=5890] rollout_mean_bb=5.9570 policy_loss=-0.000429 value_loss=2.403440
[iter=5895] rollout_mean_bb=11.3223 policy_loss=0.000328 value_loss=1.972812
[iter=5900] rollout_mean_bb=17.5469 policy_loss=-0.334347 value_loss=1.915455
[iter=5905] rollout_mean_bb=12.8379 policy_loss=0.004558 value_loss=0.955230
[iter=5910] rollout_mean_bb=8.9961 policy_loss=0.000794 value_loss=2.127358
[iter=5915] rollout_mean_bb=8.9785 policy_loss=-0.000278 value_loss=1.874422
[iter=5920] rollout_mean_bb=20.7188 policy_loss=-0.287267 value_loss=2.046802
[iter=5925] rollout_mean_bb=34.8027 policy_loss=-0.233899 value_loss=2.102171
[iter=5930] rollout_mean_bb=8.2832 policy_loss=0.001061 value_loss=2.369311
[iter=5935] rollout_mean_bb=19.2051 policy_loss=-0.282940 value_loss=2.176497
[iter=5940] rollout_mean_bb=10.6211 policy_loss=-0.016314 value_loss=2.521481
[iter=5945] rollout_mean_bb=20.8301 policy_loss=0.001480 value_loss=2.665980
[iter=5950] rollout_mean_bb=20.7910 policy_loss=0.282851 value_loss=2.612612
[iter=5955] rollout_mean_bb=8.2656 policy_loss=0.405869 value_loss=2.542624
[iter=5960] rollout_mean_bb=29.3711 policy_loss=0.001477 value_loss=2.363908
[iter=5965] rollout_mean_bb=7.4609 policy_loss=0.406537 value_loss=2.523925
[iter=5970] rollout_mean_bb=13.6406 policy_loss=-0.781807 value_loss=3.335437
[iter=5975] rollout_mean_bb=19.9238 policy_loss=0.038858 value_loss=1.116140
[iter=5980] rollout_mean_bb=15.2969 policy_loss=-0.070746 value_loss=2.371895
[iter=5985] rollout_mean_bb=16.8438 policy_loss=-0.000088 value_loss=2.218624
[iter=5990] rollout_mean_bb=-4.2148 policy_loss=-0.000126 value_loss=2.384823
[iter=5995] rollout_mean_bb=24.6328 policy_loss=-0.002369 value_loss=1.808747
[iter=6000] rollout_mean_bb=23.8242 policy_loss=-0.287057 value_loss=2.030870
[iter=6005] rollout_mean_bb=12.1426 policy_loss=-0.330074 value_loss=2.030638
[iter=6010] rollout_mean_bb=1.9922 policy_loss=-0.053132 value_loss=1.133744
[iter=6015] rollout_mean_bb=16.0352 policy_loss=0.000501 value_loss=1.935592
[iter=6020] rollout_mean_bb=16.0332 policy_loss=-0.000571 value_loss=1.894680
[iter=6025] rollout_mean_bb=20.7129 policy_loss=0.235058 value_loss=2.370906
[iter=6030] rollout_mean_bb=12.1016 policy_loss=-0.001600 value_loss=1.959989
[iter=6035] rollout_mean_bb=9.0000 policy_loss=-0.000051 value_loss=1.855705
[iter=6040] rollout_mean_bb=4.2266 policy_loss=-0.368923 value_loss=1.872144
[iter=6045] rollout_mean_bb=16.7109 policy_loss=0.000423 value_loss=1.524003
[iter=6050] rollout_mean_bb=19.8848 policy_loss=-0.323003 value_loss=1.821511
[iter=6055] rollout_mean_bb=3.5059 policy_loss=-0.198885 value_loss=1.436795
[iter=6060] rollout_mean_bb=12.8320 policy_loss=0.282700 value_loss=1.685325
[iter=6065] rollout_mean_bb=11.3027 policy_loss=-0.340461 value_loss=1.910123
[iter=6070] rollout_mean_bb=29.3047 policy_loss=-0.033644 value_loss=2.757345
[iter=6075] rollout_mean_bb=3.5527 policy_loss=0.052863 value_loss=2.935735
[iter=6080] rollout_mean_bb=9.8379 policy_loss=0.200623 value_loss=3.000329
[iter=6085] rollout_mean_bb=14.4961 policy_loss=-0.000968 value_loss=2.255595
[iter=6090] rollout_mean_bb=4.4473 policy_loss=-0.124918 value_loss=3.072452
[iter=6095] rollout_mean_bb=5.9434 policy_loss=-0.000786 value_loss=2.518779
[iter=6100] rollout_mean_bb=22.2910 policy_loss=0.066033 value_loss=2.227694
[iter=6105] rollout_mean_bb=17.6230 policy_loss=-0.000974 value_loss=2.117260
[iter=6110] rollout_mean_bb=1.2148 policy_loss=0.000040 value_loss=2.312740
[iter=6115] rollout_mean_bb=32.4629 policy_loss=0.503885 value_loss=2.568835
[iter=6120] rollout_mean_bb=10.6445 policy_loss=0.582606 value_loss=3.441456
[iter=6125] rollout_mean_bb=14.4746 policy_loss=-0.001417 value_loss=2.181099
[iter=6130] rollout_mean_bb=7.5176 policy_loss=-0.278513 value_loss=3.058362
[iter=6135] rollout_mean_bb=8.9727 policy_loss=0.070405 value_loss=2.670215
[iter=6140] rollout_mean_bb=16.0977 policy_loss=0.064957 value_loss=1.369328
[iter=6145] rollout_mean_bb=20.0059 policy_loss=0.036682 value_loss=1.952303
[iter=6150] rollout_mean_bb=2.0879 policy_loss=-0.140432 value_loss=1.838124
[iter=6155] rollout_mean_bb=13.8125 policy_loss=-0.008044 value_loss=3.397650
[iter=6160] rollout_mean_bb=2.0625 policy_loss=-0.029444 value_loss=2.420347
[iter=6165] rollout_mean_bb=8.3516 policy_loss=-0.496373 value_loss=3.126426
[iter=6170] rollout_mean_bb=13.8223 policy_loss=-0.177223 value_loss=2.880688
[iter=6175] rollout_mean_bb=13.7461 policy_loss=0.191445 value_loss=1.925586
[iter=6180] rollout_mean_bb=21.5293 policy_loss=-0.288491 value_loss=2.091708
[iter=6185] rollout_mean_bb=20.7871 policy_loss=-0.436681 value_loss=2.642622
[iter=6190] rollout_mean_bb=5.9082 policy_loss=-0.157817 value_loss=1.653192
[iter=6195] rollout_mean_bb=19.1680 policy_loss=0.081149 value_loss=2.285573
[iter=6200] rollout_mean_bb=14.4746 policy_loss=0.358218 value_loss=2.498807
[iter=6205] rollout_mean_bb=2.7188 policy_loss=0.249779 value_loss=1.661092
[iter=6210] rollout_mean_bb=14.4766 policy_loss=0.208304 value_loss=3.153119
[iter=6215] rollout_mean_bb=-1.1562 policy_loss=0.789057 value_loss=3.802252
[iter=6220] rollout_mean_bb=1.9453 policy_loss=0.003479 value_loss=2.444746
[iter=6225] rollout_mean_bb=5.0938 policy_loss=0.236944 value_loss=2.843750
[iter=6230] rollout_mean_bb=13.6387 policy_loss=-0.205641 value_loss=1.640752
[iter=6235] rollout_mean_bb=8.1680 policy_loss=0.212853 value_loss=1.629050
[iter=6240] rollout_mean_bb=0.3262 policy_loss=0.009143 value_loss=1.946702
[iter=6245] rollout_mean_bb=5.0391 policy_loss=-0.002069 value_loss=1.857819
[iter=6250] rollout_mean_bb=14.4512 policy_loss=-0.000499 value_loss=2.048145
[iter=6255] rollout_mean_bb=7.4004 policy_loss=0.126035 value_loss=1.449048
[iter=6260] rollout_mean_bb=18.3730 policy_loss=-0.197933 value_loss=1.638879
[iter=6265] rollout_mean_bb=8.2441 policy_loss=0.180213 value_loss=2.445409
[iter=6270] rollout_mean_bb=9.7344 policy_loss=0.218178 value_loss=1.680144
[iter=6275] rollout_mean_bb=15.2773 policy_loss=-0.000768 value_loss=2.137145
[iter=6280] rollout_mean_bb=14.4727 policy_loss=0.867374 value_loss=3.976677
[iter=6285] rollout_mean_bb=24.5957 policy_loss=0.246126 value_loss=1.562495
[iter=6290] rollout_mean_bb=27.7070 policy_loss=0.062134 value_loss=0.866662
[iter=6295] rollout_mean_bb=30.9258 policy_loss=0.501562 value_loss=2.522716
[iter=6300] rollout_mean_bb=12.9609 policy_loss=-0.166188 value_loss=1.932655
[iter=6305] rollout_mean_bb=8.2930 policy_loss=0.001946 value_loss=2.466848
[iter=6310] rollout_mean_bb=19.9141 policy_loss=0.236536 value_loss=2.643291
[iter=6315] rollout_mean_bb=18.4023 policy_loss=-0.290231 value_loss=2.053329
[iter=6320] rollout_mean_bb=16.0879 policy_loss=-0.000239 value_loss=2.412158
[iter=6325] rollout_mean_bb=20.8691 policy_loss=-0.000209 value_loss=2.630922
[iter=6330] rollout_mean_bb=15.3008 policy_loss=-0.005299 value_loss=1.533497
[iter=6335] rollout_mean_bb=14.4297 policy_loss=-0.000697 value_loss=2.044236
[iter=6340] rollout_mean_bb=1.2285 policy_loss=0.006136 value_loss=2.377010
[iter=6345] rollout_mean_bb=14.4902 policy_loss=0.130220 value_loss=2.089405
[iter=6350] rollout_mean_bb=9.7168 policy_loss=-0.019226 value_loss=0.945173
[iter=6355] rollout_mean_bb=17.5586 policy_loss=0.012313 value_loss=0.991052
[iter=6360] rollout_mean_bb=12.1113 policy_loss=0.886605 value_loss=3.933399
[iter=6365] rollout_mean_bb=3.5723 policy_loss=-0.000712 value_loss=2.290981
[iter=6370] rollout_mean_bb=10.4668 policy_loss=0.107257 value_loss=2.646315
[iter=6375] rollout_mean_bb=3.4688 policy_loss=0.003797 value_loss=2.245491
[iter=6380] rollout_mean_bb=19.1523 policy_loss=0.012169 value_loss=1.014393
[iter=6385] rollout_mean_bb=19.0723 policy_loss=0.269478 value_loss=1.621198
[iter=6390] rollout_mean_bb=0.3809 policy_loss=-0.393351 value_loss=1.865924
[iter=6395] rollout_mean_bb=14.4121 policy_loss=-0.337924 value_loss=1.843686
[iter=6400] rollout_mean_bb=22.2910 policy_loss=0.090784 value_loss=2.293628
[iter=6405] rollout_mean_bb=13.7090 policy_loss=0.424039 value_loss=2.577289
[iter=6410] rollout_mean_bb=10.5469 policy_loss=0.036149 value_loss=2.012104
[iter=6415] rollout_mean_bb=21.4395 policy_loss=0.013635 value_loss=1.506802
[iter=6420] rollout_mean_bb=22.2383 policy_loss=-0.121601 value_loss=1.405850
[iter=6425] rollout_mean_bb=1.0762 policy_loss=0.072897 value_loss=2.128355
[iter=6430] rollout_mean_bb=16.0273 policy_loss=0.148032 value_loss=1.989839
[iter=6435] rollout_mean_bb=8.9727 policy_loss=-0.354533 value_loss=1.878317
[iter=6440] rollout_mean_bb=12.8496 policy_loss=-0.001875 value_loss=0.883532
[iter=6445] rollout_mean_bb=19.9316 policy_loss=-0.041691 value_loss=1.897991
[iter=6450] rollout_mean_bb=13.7070 policy_loss=-0.602823 value_loss=3.078183
[iter=6455] rollout_mean_bb=1.9883 policy_loss=0.129179 value_loss=2.253097
[iter=6460] rollout_mean_bb=24.5352 policy_loss=0.215431 value_loss=2.099548
[iter=6465] rollout_mean_bb=16.7441 policy_loss=-0.158806 value_loss=2.354093
[iter=6470] rollout_mean_bb=6.6992 policy_loss=-0.037585 value_loss=1.080961
[iter=6475] rollout_mean_bb=1.9824 policy_loss=-0.347434 value_loss=2.134869
[iter=6480] rollout_mean_bb=13.6855 policy_loss=0.060990 value_loss=1.185548
[iter=6485] rollout_mean_bb=24.6562 policy_loss=0.029836 value_loss=1.114607
[iter=6490] rollout_mean_bb=11.3574 policy_loss=-0.000914 value_loss=2.057969
[iter=6495] rollout_mean_bb=6.6875 policy_loss=-0.092827 value_loss=2.288955
[iter=6500] rollout_mean_bb=8.9941 policy_loss=-0.163803 value_loss=2.541988
[iter=6505] rollout_mean_bb=30.8203 policy_loss=-0.104912 value_loss=1.475233
[iter=6510] rollout_mean_bb=18.3340 policy_loss=-0.309708 value_loss=1.950098
[iter=6515] rollout_mean_bb=13.6719 policy_loss=-0.328517 value_loss=1.990780
[iter=6520] rollout_mean_bb=14.4805 policy_loss=-0.077370 value_loss=2.807455
[iter=6525] rollout_mean_bb=1.9609 policy_loss=0.000164 value_loss=2.184019
[iter=6530] rollout_mean_bb=14.4258 policy_loss=0.096698 value_loss=2.184587
[iter=6535] rollout_mean_bb=7.4609 policy_loss=0.244054 value_loss=3.074041
[iter=6540] rollout_mean_bb=14.4395 policy_loss=-0.000145 value_loss=2.100130
[iter=6545] rollout_mean_bb=23.0547 policy_loss=0.000049 value_loss=1.949715
[iter=6550] rollout_mean_bb=9.0215 policy_loss=-0.332059 value_loss=2.062258
[iter=6555] rollout_mean_bb=16.8711 policy_loss=0.082260 value_loss=3.218113
[iter=6560] rollout_mean_bb=8.2480 policy_loss=0.017862 value_loss=1.985991
[iter=6565] rollout_mean_bb=-0.3574 policy_loss=-0.038640 value_loss=2.103032
[iter=6570] rollout_mean_bb=12.9531 policy_loss=0.575548 value_loss=3.449329
[iter=6575] rollout_mean_bb=18.3281 policy_loss=-0.153752 value_loss=2.386182
[iter=6580] rollout_mean_bb=18.3516 policy_loss=0.526116 value_loss=2.327191
[iter=6585] rollout_mean_bb=8.9355 policy_loss=0.058775 value_loss=2.111404
[iter=6590] rollout_mean_bb=12.0898 policy_loss=0.000812 value_loss=2.021142
[iter=6595] rollout_mean_bb=25.4062 policy_loss=0.024923 value_loss=1.106384
[iter=6600] rollout_mean_bb=15.2520 policy_loss=-0.158038 value_loss=1.629605
[iter=6605] rollout_mean_bb=21.5234 policy_loss=-0.581017 value_loss=3.063071
[iter=6610] rollout_mean_bb=1.1621 policy_loss=0.159293 value_loss=1.810024
[iter=6615] rollout_mean_bb=9.7207 policy_loss=0.253986 value_loss=2.759526
[iter=6620] rollout_mean_bb=8.1699 policy_loss=0.211384 value_loss=1.661695
[iter=6625] rollout_mean_bb=13.7383 policy_loss=-0.305707 value_loss=2.196652
[iter=6630] rollout_mean_bb=17.5508 policy_loss=-0.084717 value_loss=1.905783
[iter=6635] rollout_mean_bb=13.7402 policy_loss=0.000072 value_loss=2.370835
[iter=6640] rollout_mean_bb=23.1152 policy_loss=-0.278873 value_loss=2.123917
[iter=6645] rollout_mean_bb=0.4375 policy_loss=-0.110560 value_loss=2.359968
[iter=6650] rollout_mean_bb=15.3008 policy_loss=0.001043 value_loss=2.119104
[iter=6655] rollout_mean_bb=18.4180 policy_loss=-0.000545 value_loss=2.248211
[iter=6660] rollout_mean_bb=19.8828 policy_loss=0.000061 value_loss=1.867956
[iter=6665] rollout_mean_bb=-2.6680 policy_loss=0.368825 value_loss=2.540201
[iter=6670] rollout_mean_bb=19.1133 policy_loss=0.050324 value_loss=1.706353
[iter=6675] rollout_mean_bb=25.4609 policy_loss=-0.000161 value_loss=2.157215
[iter=6680] rollout_mean_bb=5.9141 policy_loss=0.792852 value_loss=4.125184
[iter=6685] rollout_mean_bb=11.4375 policy_loss=0.000103 value_loss=2.599205
[iter=6690] rollout_mean_bb=-1.1445 policy_loss=0.501611 value_loss=3.100518
[iter=6695] rollout_mean_bb=16.1562 policy_loss=-0.122365 value_loss=1.960705
[iter=6700] rollout_mean_bb=11.4395 policy_loss=0.020499 value_loss=1.933236
[iter=6705] rollout_mean_bb=9.8281 policy_loss=-0.428562 value_loss=2.684539
[iter=6710] rollout_mean_bb=5.1387 policy_loss=0.223586 value_loss=3.197661
[iter=6715] rollout_mean_bb=14.5137 policy_loss=0.001716 value_loss=2.360941
[iter=6720] rollout_mean_bb=10.6016 policy_loss=0.372205 value_loss=2.585253
[iter=6725] rollout_mean_bb=15.3105 policy_loss=0.072489 value_loss=2.868715
[iter=6730] rollout_mean_bb=18.3730 policy_loss=-0.305281 value_loss=2.015472
[iter=6735] rollout_mean_bb=7.4824 policy_loss=0.097232 value_loss=3.654827
[iter=6740] rollout_mean_bb=19.9980 policy_loss=0.090992 value_loss=2.837113
[iter=6745] rollout_mean_bb=9.7266 policy_loss=-0.489940 value_loss=2.398553
[iter=6750] rollout_mean_bb=4.3242 policy_loss=0.000042 value_loss=2.254000
[iter=6755] rollout_mean_bb=1.9785 policy_loss=-0.001202 value_loss=2.013204
[iter=6760] rollout_mean_bb=14.4824 policy_loss=-0.000277 value_loss=2.072609
[iter=6765] rollout_mean_bb=23.8438 policy_loss=-0.006490 value_loss=2.282107
[iter=6770] rollout_mean_bb=26.1992 policy_loss=-0.001250 value_loss=2.132153
[iter=6775] rollout_mean_bb=24.6113 policy_loss=0.275005 value_loss=2.320546
[iter=6780] rollout_mean_bb=12.9492 policy_loss=-0.315286 value_loss=2.092593
[iter=6785] rollout_mean_bb=24.6934 policy_loss=0.098803 value_loss=3.602318
[iter=6790] rollout_mean_bb=8.9980 policy_loss=-0.007041 value_loss=2.517872
[iter=6795] rollout_mean_bb=24.7051 policy_loss=0.190595 value_loss=2.604577
[iter=6800] rollout_mean_bb=16.8750 policy_loss=0.001226 value_loss=2.360013
[iter=6805] rollout_mean_bb=8.2949 policy_loss=-0.305333 value_loss=2.317884
[iter=6810] rollout_mean_bb=10.6504 policy_loss=0.250276 value_loss=2.677656
[iter=6815] rollout_mean_bb=20.7734 policy_loss=-0.045510 value_loss=2.324601
[iter=6820] rollout_mean_bb=5.9219 policy_loss=-0.262467 value_loss=2.300643
[iter=6825] rollout_mean_bb=17.6289 policy_loss=-0.009057 value_loss=1.138618
[iter=6830] rollout_mean_bb=15.2910 policy_loss=0.002108 value_loss=2.307802
[iter=6835] rollout_mean_bb=3.5449 policy_loss=-0.374754 value_loss=2.223804
[iter=6840] rollout_mean_bb=18.3945 policy_loss=-0.150773 value_loss=1.569299
[iter=6845] rollout_mean_bb=1.1797 policy_loss=0.009570 value_loss=2.357088
[iter=6850] rollout_mean_bb=15.1973 policy_loss=0.078634 value_loss=1.194907
[iter=6855] rollout_mean_bb=1.1504 policy_loss=-0.054363 value_loss=0.980415
[iter=6860] rollout_mean_bb=17.6406 policy_loss=-0.295255 value_loss=2.079178
[iter=6865] rollout_mean_bb=-1.1543 policy_loss=-0.070359 value_loss=1.119616
[iter=6870] rollout_mean_bb=5.0586 policy_loss=-0.145776 value_loss=1.324022
[iter=6875] rollout_mean_bb=26.9258 policy_loss=-0.194280 value_loss=2.151299
[iter=6880] rollout_mean_bb=8.2949 policy_loss=-0.001109 value_loss=2.522671
[iter=6885] rollout_mean_bb=20.8887 policy_loss=0.357075 value_loss=3.072942
[iter=6890] rollout_mean_bb=12.2676 policy_loss=-0.000520 value_loss=3.016002
[iter=6895] rollout_mean_bb=10.7578 policy_loss=0.144958 value_loss=3.638512
[iter=6900] rollout_mean_bb=16.1602 policy_loss=0.182509 value_loss=2.020321
[iter=6905] rollout_mean_bb=13.0156 policy_loss=-0.000497 value_loss=2.508239
[iter=6910] rollout_mean_bb=6.6602 policy_loss=-0.001492 value_loss=2.320718
[iter=6915] rollout_mean_bb=35.6504 policy_loss=-0.241002 value_loss=2.151048
[iter=6920] rollout_mean_bb=27.0215 policy_loss=0.000218 value_loss=2.370314
[iter=6925] rollout_mean_bb=14.5156 policy_loss=0.229356 value_loss=2.541974
[iter=6930] rollout_mean_bb=9.0293 policy_loss=-0.039834 value_loss=1.037767
[iter=6935] rollout_mean_bb=5.0801 policy_loss=0.029381 value_loss=2.314046
[iter=6940] rollout_mean_bb=11.3652 policy_loss=0.004241 value_loss=2.339806
[iter=6945] rollout_mean_bb=10.6230 policy_loss=0.000308 value_loss=2.206473
[iter=6950] rollout_mean_bb=7.4883 policy_loss=-0.000079 value_loss=2.360309
[iter=6955] rollout_mean_bb=26.2852 policy_loss=0.020723 value_loss=1.207934
[iter=6960] rollout_mean_bb=9.0703 policy_loss=-0.027860 value_loss=1.189167
[iter=6965] rollout_mean_bb=11.3457 policy_loss=0.003270 value_loss=2.347182
[iter=6970] rollout_mean_bb=7.4531 policy_loss=0.104967 value_loss=3.571018
[iter=6975] rollout_mean_bb=18.4355 policy_loss=0.444869 value_loss=2.569810
[iter=6980] rollout_mean_bb=7.4434 policy_loss=0.070345 value_loss=1.511104
[iter=6985] rollout_mean_bb=4.3184 policy_loss=0.387897 value_loss=2.464432
[iter=6990] rollout_mean_bb=7.3867 policy_loss=0.435684 value_loss=2.436580
[iter=6995] rollout_mean_bb=15.2227 policy_loss=0.236931 value_loss=1.736946
[iter=7000] rollout_mean_bb=17.5996 policy_loss=-0.078715 value_loss=2.851630
[iter=7005] rollout_mean_bb=22.3047 policy_loss=0.047080 value_loss=1.063450
[iter=7010] rollout_mean_bb=9.0410 policy_loss=0.000287 value_loss=2.180069
[iter=7015] rollout_mean_bb=15.3438 policy_loss=0.000528 value_loss=2.625629
[iter=7020] rollout_mean_bb=25.4570 policy_loss=0.904206 value_loss=4.052432
[iter=7025] rollout_mean_bb=19.2109 policy_loss=-0.232051 value_loss=3.569410
[iter=7030] rollout_mean_bb=4.4180 policy_loss=0.000515 value_loss=2.551861
[iter=7035] rollout_mean_bb=27.8672 policy_loss=-0.549071 value_loss=3.428675
[iter=7040] rollout_mean_bb=5.9961 policy_loss=0.000562 value_loss=2.744388
[iter=7045] rollout_mean_bb=9.8516 policy_loss=-0.311173 value_loss=2.244373
[iter=7050] rollout_mean_bb=24.6641 policy_loss=0.179433 value_loss=2.966861
[iter=7055] rollout_mean_bb=20.8223 policy_loss=-0.000710 value_loss=2.662508
[iter=7060] rollout_mean_bb=14.5820 policy_loss=-0.000004 value_loss=2.499481
[iter=7065] rollout_mean_bb=16.1406 policy_loss=-0.000512 value_loss=2.558493
[iter=7070] rollout_mean_bb=-3.3828 policy_loss=-0.000348 value_loss=2.685621
[iter=7075] rollout_mean_bb=13.7363 policy_loss=-0.278156 value_loss=2.296073
[iter=7080] rollout_mean_bb=5.9668 policy_loss=-0.043482 value_loss=1.325637
[iter=7085] rollout_mean_bb=14.5273 policy_loss=0.000016 value_loss=2.379823
[iter=7090] rollout_mean_bb=13.7188 policy_loss=-0.295295 value_loss=2.093284
[iter=7095] rollout_mean_bb=16.0840 policy_loss=0.000039 value_loss=2.261504
[iter=7100] rollout_mean_bb=19.2227 policy_loss=0.413889 value_loss=2.728401
[iter=7105] rollout_mean_bb=5.1230 policy_loss=-0.000318 value_loss=2.372347
[iter=7110] rollout_mean_bb=28.6133 policy_loss=-0.607523 value_loss=3.389986
[iter=7115] rollout_mean_bb=13.7285 policy_loss=0.434505 value_loss=2.569543
[iter=7120] rollout_mean_bb=16.7930 policy_loss=0.005968 value_loss=1.393947
[iter=7125] rollout_mean_bb=16.0000 policy_loss=-0.000965 value_loss=1.920704
[iter=7130] rollout_mean_bb=4.2949 policy_loss=0.000127 value_loss=2.121531
[iter=7135] rollout_mean_bb=23.1094 policy_loss=-0.000024 value_loss=2.275748
[iter=7140] rollout_mean_bb=12.9277 policy_loss=-0.310841 value_loss=2.061076
[iter=7145] rollout_mean_bb=24.6211 policy_loss=-0.195322 value_loss=2.269840
[iter=7150] rollout_mean_bb=27.7402 policy_loss=0.030727 value_loss=1.038486
[iter=7155] rollout_mean_bb=7.4766 policy_loss=0.000068 value_loss=2.275749
[iter=7160] rollout_mean_bb=6.6992 policy_loss=0.004194 value_loss=2.415591
[iter=7165] rollout_mean_bb=12.9375 policy_loss=-0.001147 value_loss=2.457254
[iter=7170] rollout_mean_bb=20.7637 policy_loss=0.000027 value_loss=2.272439
[iter=7175] rollout_mean_bb=25.4238 policy_loss=0.000183 value_loss=2.095983
[iter=7180] rollout_mean_bb=25.4453 policy_loss=0.000105 value_loss=2.101309
[iter=7185] rollout_mean_bb=19.1758 policy_loss=-0.000096 value_loss=2.143862
[iter=7190] rollout_mean_bb=17.5996 policy_loss=0.000008 value_loss=2.161886
[iter=7195] rollout_mean_bb=14.4551 policy_loss=-0.219603 value_loss=1.678320
[iter=7200] rollout_mean_bb=34.7930 policy_loss=-0.159587 value_loss=1.765851
[iter=7205] rollout_mean_bb=15.2520 policy_loss=-0.018258 value_loss=0.986093
[iter=7210] rollout_mean_bb=12.1445 policy_loss=-0.094366 value_loss=2.816051
[iter=7215] rollout_mean_bb=16.8828 policy_loss=0.000032 value_loss=2.394953
[iter=7220] rollout_mean_bb=2.8164 policy_loss=0.000038 value_loss=2.606787
[iter=7225] rollout_mean_bb=10.5664 policy_loss=-0.168968 value_loss=2.149529
[iter=7230] rollout_mean_bb=16.0625 policy_loss=-0.019407 value_loss=1.054820
[iter=7235] rollout_mean_bb=5.0723 policy_loss=-0.000053 value_loss=2.136730
[iter=7240] rollout_mean_bb=33.1992 policy_loss=-0.588744 value_loss=2.800143
[iter=7245] rollout_mean_bb=19.8789 policy_loss=0.000233 value_loss=1.861108
[iter=7250] rollout_mean_bb=10.5312 policy_loss=-0.000684 value_loss=1.956207
[iter=7255] rollout_mean_bb=15.2109 policy_loss=0.144300 value_loss=1.291177
[iter=7260] rollout_mean_bb=14.4023 policy_loss=0.089096 value_loss=2.028195
[iter=7265] rollout_mean_bb=10.5059 policy_loss=-0.000210 value_loss=1.772166
[iter=7270] rollout_mean_bb=26.9785 policy_loss=-0.000167 value_loss=2.069280
[iter=7275] rollout_mean_bb=13.6504 policy_loss=0.169731 value_loss=3.663896
[iter=7280] rollout_mean_bb=19.2129 policy_loss=-0.005489 value_loss=1.069419
[iter=7285] rollout_mean_bb=7.4609 policy_loss=-0.000007 value_loss=2.136817
[iter=7290] rollout_mean_bb=0.4629 policy_loss=-0.000377 value_loss=2.351532
[iter=7295] rollout_mean_bb=12.1582 policy_loss=0.376834 value_loss=3.407290
[iter=7300] rollout_mean_bb=12.9512 policy_loss=-0.605121 value_loss=2.983332
[iter=7305] rollout_mean_bb=14.4961 policy_loss=-0.163511 value_loss=1.613762
[iter=7310] rollout_mean_bb=10.5449 policy_loss=-0.139176 value_loss=1.644444
[iter=7315] rollout_mean_bb=21.5488 policy_loss=0.289058 value_loss=2.586849
[iter=7320] rollout_mean_bb=29.3867 policy_loss=-0.358358 value_loss=2.858247
[iter=7325] rollout_mean_bb=2.6973 policy_loss=-0.115282 value_loss=1.927742
[iter=7330] rollout_mean_bb=12.2090 policy_loss=0.000044 value_loss=2.490599
[iter=7335] rollout_mean_bb=27.0117 policy_loss=-0.548211 value_loss=3.030075
[iter=7340] rollout_mean_bb=4.3359 policy_loss=0.000326 value_loss=2.256939
[iter=7345] rollout_mean_bb=-0.3477 policy_loss=-0.364993 value_loss=2.055360
[iter=7350] rollout_mean_bb=5.8594 policy_loss=0.001357 value_loss=2.090493
[iter=7355] rollout_mean_bb=18.3633 policy_loss=-0.008657 value_loss=1.081191
[iter=7360] rollout_mean_bb=9.7695 policy_loss=-0.000321 value_loss=2.065714
[iter=7365] rollout_mean_bb=15.1719 policy_loss=0.234660 value_loss=1.487575
[iter=7370] rollout_mean_bb=28.4961 policy_loss=0.000067 value_loss=1.959676
[iter=7375] rollout_mean_bb=1.8945 policy_loss=-0.104233 value_loss=2.114120
[iter=7380] rollout_mean_bb=26.8789 policy_loss=-0.135751 value_loss=2.170503
[iter=7385] rollout_mean_bb=6.6055 policy_loss=0.043662 value_loss=2.170609
[iter=7390] rollout_mean_bb=19.8809 policy_loss=0.452144 value_loss=2.194677
[iter=7395] rollout_mean_bb=18.3789 policy_loss=-0.000114 value_loss=1.899565
[iter=7400] rollout_mean_bb=11.3281 policy_loss=-0.000549 value_loss=2.100302
[iter=7405] rollout_mean_bb=13.6133 policy_loss=-0.018720 value_loss=0.876378
[iter=7410] rollout_mean_bb=3.4043 policy_loss=-0.000691 value_loss=1.580592
[iter=7415] rollout_mean_bb=25.3867 policy_loss=0.033815 value_loss=2.385290
[iter=7420] rollout_mean_bb=20.6738 policy_loss=-0.308858 value_loss=1.833936
[iter=7425] rollout_mean_bb=7.4102 policy_loss=0.000024 value_loss=1.976047
[iter=7430] rollout_mean_bb=4.3281 policy_loss=-0.000149 value_loss=2.004191
[iter=7435] rollout_mean_bb=2.6895 policy_loss=0.624299 value_loss=3.236587
[iter=7440] rollout_mean_bb=6.5449 policy_loss=-0.202719 value_loss=1.199166
[iter=7445] rollout_mean_bb=27.7246 policy_loss=0.000900 value_loss=1.742494
[iter=7450] rollout_mean_bb=14.4648 policy_loss=-0.626337 value_loss=2.837847
[iter=7455] rollout_mean_bb=11.3711 policy_loss=-0.000320 value_loss=2.268822
[iter=7460] rollout_mean_bb=19.1602 policy_loss=-0.086488 value_loss=2.207125
[iter=7465] rollout_mean_bb=11.3691 policy_loss=-0.000079 value_loss=2.338515
[iter=7470] rollout_mean_bb=13.6680 policy_loss=-0.322361 value_loss=1.940812
[iter=7475] rollout_mean_bb=17.5527 policy_loss=0.005569 value_loss=2.448902
[iter=7480] rollout_mean_bb=5.0801 policy_loss=0.094512 value_loss=1.542574
[iter=7485] rollout_mean_bb=16.0176 policy_loss=0.000016 value_loss=2.072746
[iter=7490] rollout_mean_bb=12.0898 policy_loss=0.099764 value_loss=2.569696
[iter=7495] rollout_mean_bb=10.4688 policy_loss=0.342922 value_loss=1.761132
[iter=7500] rollout_mean_bb=24.5625 policy_loss=0.085732 value_loss=1.886519
[iter=7505] rollout_mean_bb=18.2266 policy_loss=-0.211084 value_loss=1.343072
[iter=7510] rollout_mean_bb=4.2500 policy_loss=0.000184 value_loss=1.579239
[iter=7515] rollout_mean_bb=2.6660 policy_loss=-0.384529 value_loss=1.684696
[iter=7520] rollout_mean_bb=10.5117 policy_loss=-0.350913 value_loss=1.726256
[iter=7525] rollout_mean_bb=-4.3848 policy_loss=-0.421848 value_loss=1.667630
[iter=7530] rollout_mean_bb=2.5781 policy_loss=0.000135 value_loss=1.355390
[iter=7535] rollout_mean_bb=23.7773 policy_loss=-0.000159 value_loss=1.588708
[iter=7540] rollout_mean_bb=17.4980 policy_loss=0.001048 value_loss=1.576542
[iter=7545] rollout_mean_bb=5.0488 policy_loss=0.035587 value_loss=2.107655
[iter=7550] rollout_mean_bb=16.7617 policy_loss=-0.707248 value_loss=3.407808
[iter=7555] rollout_mean_bb=12.0957 policy_loss=0.022847 value_loss=1.878308
[iter=7560] rollout_mean_bb=3.4062 policy_loss=-0.047823 value_loss=0.846069
[iter=7565] rollout_mean_bb=13.5977 policy_loss=-0.115628 value_loss=1.105612
[iter=7570] rollout_mean_bb=19.8809 policy_loss=0.009633 value_loss=1.151299
[iter=7575] rollout_mean_bb=10.4863 policy_loss=-0.017429 value_loss=0.649968
[iter=7580] rollout_mean_bb=6.5078 policy_loss=-0.283701 value_loss=1.560747
[iter=7585] rollout_mean_bb=6.5234 policy_loss=0.004255 value_loss=1.504812
[iter=7590] rollout_mean_bb=12.8320 policy_loss=-0.016905 value_loss=0.849042
[iter=7595] rollout_mean_bb=29.2598 policy_loss=0.566605 value_loss=2.423018
[iter=7600] rollout_mean_bb=22.2812 policy_loss=-0.194077 value_loss=1.615444
[iter=7605] rollout_mean_bb=29.3203 policy_loss=-0.260187 value_loss=1.997383
[iter=7610] rollout_mean_bb=23.0625 policy_loss=0.246250 value_loss=1.767419
[iter=7615] rollout_mean_bb=19.1973 policy_loss=-0.146907 value_loss=2.901994
[iter=7620] rollout_mean_bb=18.3535 policy_loss=0.173182 value_loss=3.448990
[iter=7625] rollout_mean_bb=7.4473 policy_loss=0.003186 value_loss=1.885715
[iter=7630] rollout_mean_bb=3.5312 policy_loss=-0.258813 value_loss=1.656397
[iter=7635] rollout_mean_bb=21.5000 policy_loss=-0.150055 value_loss=1.604216
[iter=7640] rollout_mean_bb=25.3848 policy_loss=0.000048 value_loss=1.860896
[iter=7645] rollout_mean_bb=5.8828 policy_loss=-0.336598 value_loss=2.042953
[iter=7650] rollout_mean_bb=13.7441 policy_loss=-0.039252 value_loss=1.139909
[iter=7655] rollout_mean_bb=17.5605 policy_loss=0.000005 value_loss=2.015661
[iter=7660] rollout_mean_bb=16.0820 policy_loss=-0.400846 value_loss=2.635456
[iter=7665] rollout_mean_bb=1.9727 policy_loss=0.101051 value_loss=3.577734
[iter=7670] rollout_mean_bb=21.5078 policy_loss=-0.290684 value_loss=1.985315
[iter=7675] rollout_mean_bb=25.3887 policy_loss=-0.083492 value_loss=1.641717
[iter=7680] rollout_mean_bb=19.0879 policy_loss=0.316319 value_loss=2.005395
[iter=7685] rollout_mean_bb=12.8984 policy_loss=-0.000154 value_loss=2.033122
[iter=7690] rollout_mean_bb=11.3223 policy_loss=-0.038964 value_loss=0.959048
[iter=7695] rollout_mean_bb=10.5234 policy_loss=-0.041420 value_loss=0.956749
[iter=7700] rollout_mean_bb=19.9062 policy_loss=0.036072 value_loss=1.609303
[iter=7705] rollout_mean_bb=15.9492 policy_loss=-0.002348 value_loss=1.099421
[iter=7710] rollout_mean_bb=6.5977 policy_loss=-0.049677 value_loss=0.904474
[iter=7715] rollout_mean_bb=5.7988 policy_loss=-0.254926 value_loss=1.491729
[iter=7720] rollout_mean_bb=8.8926 policy_loss=-0.000002 value_loss=1.466508
[iter=7725] rollout_mean_bb=15.0762 policy_loss=-0.365293 value_loss=1.495493
[iter=7730] rollout_mean_bb=2.5703 policy_loss=0.396153 value_loss=1.725491
[iter=7735] rollout_mean_bb=12.7539 policy_loss=0.072411 value_loss=1.172766
[iter=7740] rollout_mean_bb=8.8750 policy_loss=0.601563 value_loss=2.165489
[iter=7745] rollout_mean_bb=3.3945 policy_loss=-0.047402 value_loss=0.637851
[iter=7750] rollout_mean_bb=7.3320 policy_loss=-0.145701 value_loss=1.840975
[iter=7755] rollout_mean_bb=22.2031 policy_loss=-0.000880 value_loss=1.547467
[iter=7760] rollout_mean_bb=6.5234 policy_loss=-0.038310 value_loss=0.688130
[iter=7765] rollout_mean_bb=9.6328 policy_loss=0.556890 value_loss=2.222208
[iter=7770] rollout_mean_bb=10.3848 policy_loss=0.006428 value_loss=0.745878
[iter=7775] rollout_mean_bb=15.8750 policy_loss=-0.001838 value_loss=1.181231
[iter=7780] rollout_mean_bb=22.8984 policy_loss=0.000008 value_loss=1.137274
[iter=7785] rollout_mean_bb=7.3301 policy_loss=-0.000230 value_loss=1.533935
[iter=7790] rollout_mean_bb=10.4336 policy_loss=-0.000067 value_loss=1.289231
[iter=7795] rollout_mean_bb=8.8906 policy_loss=0.000624 value_loss=1.261320
[iter=7800] rollout_mean_bb=11.2441 policy_loss=0.000099 value_loss=1.591423
[iter=7805] rollout_mean_bb=2.6699 policy_loss=-0.359752 value_loss=1.847076
[iter=7810] rollout_mean_bb=12.1230 policy_loss=-0.000666 value_loss=1.874196
[iter=7815] rollout_mean_bb=16.0000 policy_loss=0.075341 value_loss=2.193254
[iter=7820] rollout_mean_bb=16.7539 policy_loss=0.000750 value_loss=1.871662
[iter=7825] rollout_mean_bb=15.2188 policy_loss=-0.023479 value_loss=0.938726
[iter=7830] rollout_mean_bb=18.4277 policy_loss=-0.291724 value_loss=2.045900
[iter=7835] rollout_mean_bb=13.7402 policy_loss=0.160454 value_loss=2.077548
[iter=7840] rollout_mean_bb=25.4141 policy_loss=-0.278187 value_loss=1.989088
[iter=7845] rollout_mean_bb=23.0879 policy_loss=0.118433 value_loss=2.689741
[iter=7850] rollout_mean_bb=19.1836 policy_loss=0.176608 value_loss=3.501637
[iter=7855] rollout_mean_bb=9.7637 policy_loss=-0.044940 value_loss=0.914000
[iter=7860] rollout_mean_bb=3.4531 policy_loss=0.000019 value_loss=1.583328
[iter=7865] rollout_mean_bb=5.7871 policy_loss=0.494089 value_loss=2.327186
[iter=7870] rollout_mean_bb=14.3945 policy_loss=-0.342764 value_loss=1.669536
[iter=7875] rollout_mean_bb=17.4746 policy_loss=0.168563 value_loss=1.134672
[iter=7880] rollout_mean_bb=19.0762 policy_loss=0.000619 value_loss=1.351360
[iter=7885] rollout_mean_bb=10.4609 policy_loss=-0.000042 value_loss=1.535848
[iter=7890] rollout_mean_bb=8.1250 policy_loss=-0.036443 value_loss=0.841764
[iter=7895] rollout_mean_bb=17.4453 policy_loss=0.021983 value_loss=0.591117
[iter=7900] rollout_mean_bb=8.8359 policy_loss=-0.381141 value_loss=1.525516
[iter=7905] rollout_mean_bb=15.9238 policy_loss=-0.000520 value_loss=0.721325
[iter=7910] rollout_mean_bb=18.2109 policy_loss=-0.165361 value_loss=1.088681
[iter=7915] rollout_mean_bb=-0.5293 policy_loss=-0.068294 value_loss=0.701596
[iter=7920] rollout_mean_bb=6.4980 policy_loss=-0.040592 value_loss=0.702941
[iter=7925] rollout_mean_bb=12.7422 policy_loss=-0.008963 value_loss=0.644759
[iter=7930] rollout_mean_bb=0.3301 policy_loss=-0.051055 value_loss=1.159118
[iter=7935] rollout_mean_bb=10.4062 policy_loss=-0.202526 value_loss=1.099689
[iter=7940] rollout_mean_bb=13.5723 policy_loss=-0.354592 value_loss=1.603527
[iter=7945] rollout_mean_bb=11.2324 policy_loss=-0.359269 value_loss=1.604654
[iter=7950] rollout_mean_bb=10.4453 policy_loss=-0.023693 value_loss=0.717104
[iter=7955] rollout_mean_bb=7.3633 policy_loss=0.000323 value_loss=1.500613
[iter=7960] rollout_mean_bb=7.9941 policy_loss=0.477197 value_loss=1.808265
[iter=7965] rollout_mean_bb=14.3477 policy_loss=0.002332 value_loss=0.884804
[iter=7970] rollout_mean_bb=11.9863 policy_loss=0.360153 value_loss=1.639639
[iter=7975] rollout_mean_bb=26.0703 policy_loss=-0.323601 value_loss=1.523417
[iter=7980] rollout_mean_bb=13.6328 policy_loss=0.001144 value_loss=1.726926
[iter=7985] rollout_mean_bb=8.0938 policy_loss=0.323967 value_loss=2.140918
[iter=7990] rollout_mean_bb=10.5547 policy_loss=0.000254 value_loss=2.106285
[iter=7995] rollout_mean_bb=4.2852 policy_loss=0.000170 value_loss=1.893328
[iter=8000] rollout_mean_bb=8.2188 policy_loss=-0.000156 value_loss=2.252443
[iter=8005] rollout_mean_bb=17.6094 policy_loss=-0.108766 value_loss=1.718576
[iter=8010] rollout_mean_bb=19.9883 policy_loss=-0.029179 value_loss=1.173237
[iter=8015] rollout_mean_bb=12.9785 policy_loss=0.267919 value_loss=2.562524
[iter=8020] rollout_mean_bb=16.9102 policy_loss=-0.000013 value_loss=2.387521
[iter=8025] rollout_mean_bb=23.1191 policy_loss=0.459768 value_loss=2.638920
[iter=8030] rollout_mean_bb=19.2480 policy_loss=0.283595 value_loss=3.160494
[iter=8035] rollout_mean_bb=10.5566 policy_loss=0.260522 value_loss=3.157593
[iter=8040] rollout_mean_bb=13.6992 policy_loss=-0.176957 value_loss=1.579055
[iter=8045] rollout_mean_bb=16.7793 policy_loss=-0.000319 value_loss=1.983981
[iter=8050] rollout_mean_bb=30.8730 policy_loss=0.000033 value_loss=1.773000
[iter=8055] rollout_mean_bb=18.3730 policy_loss=0.266388 value_loss=1.959854
[iter=8060] rollout_mean_bb=26.1777 policy_loss=1.030520 value_loss=4.050488
[iter=8065] rollout_mean_bb=22.2734 policy_loss=-0.389116 value_loss=2.520502
[iter=8070] rollout_mean_bb=-1.1680 policy_loss=0.391108 value_loss=2.504877
[iter=8075] rollout_mean_bb=13.6660 policy_loss=-0.205086 value_loss=2.019375
[iter=8080] rollout_mean_bb=21.5469 policy_loss=-0.016115 value_loss=1.527997
[iter=8085] rollout_mean_bb=16.8242 policy_loss=0.020466 value_loss=1.180047
[iter=8090] rollout_mean_bb=21.3984 policy_loss=-0.208063 value_loss=1.693309
[iter=8095] rollout_mean_bb=13.6562 policy_loss=0.001893 value_loss=1.781344
[iter=8100] rollout_mean_bb=4.9570 policy_loss=0.287843 value_loss=1.899425
[iter=8105] rollout_mean_bb=11.2734 policy_loss=-0.000845 value_loss=1.730060
[iter=8110] rollout_mean_bb=4.3145 policy_loss=-0.000048 value_loss=2.133061
[iter=8115] rollout_mean_bb=0.3496 policy_loss=-0.013895 value_loss=1.784782
[iter=8120] rollout_mean_bb=15.9863 policy_loss=0.029717 value_loss=1.518625
[iter=8125] rollout_mean_bb=15.2246 policy_loss=-0.000944 value_loss=1.822070
[iter=8130] rollout_mean_bb=5.7930 policy_loss=-0.001047 value_loss=1.740043
[iter=8135] rollout_mean_bb=25.3477 policy_loss=-0.138799 value_loss=1.214328
[iter=8140] rollout_mean_bb=9.7266 policy_loss=0.000121 value_loss=1.546781
[iter=8145] rollout_mean_bb=5.7910 policy_loss=0.000070 value_loss=1.692878
[iter=8150] rollout_mean_bb=15.8770 policy_loss=0.000435 value_loss=0.657906
[iter=8155] rollout_mean_bb=12.8398 policy_loss=0.000211 value_loss=1.726375
[iter=8160] rollout_mean_bb=3.4590 policy_loss=-0.472334 value_loss=2.184412
[iter=8165] rollout_mean_bb=-9.0469 policy_loss=0.000014 value_loss=1.535399
[iter=8170] rollout_mean_bb=3.4219 policy_loss=0.433636 value_loss=2.468415
[iter=8175] rollout_mean_bb=15.1445 policy_loss=-0.002239 value_loss=1.492202
[iter=8180] rollout_mean_bb=6.4785 policy_loss=-0.567527 value_loss=1.939672
[iter=8185] rollout_mean_bb=10.3652 policy_loss=-0.009941 value_loss=0.516835
[iter=8190] rollout_mean_bb=8.0410 policy_loss=-0.003245 value_loss=0.588797
[iter=8195] rollout_mean_bb=11.8867 policy_loss=0.002310 value_loss=0.849916
[iter=8200] rollout_mean_bb=7.2383 policy_loss=-0.017451 value_loss=0.701394
[iter=8205] rollout_mean_bb=11.8750 policy_loss=-0.000001 value_loss=0.694187
[iter=8210] rollout_mean_bb=2.5020 policy_loss=0.139786 value_loss=1.586513
[iter=8215] rollout_mean_bb=14.2227 policy_loss=-0.411390 value_loss=1.315990
[iter=8220] rollout_mean_bb=15.7695 policy_loss=0.047515 value_loss=0.351640
[iter=8225] rollout_mean_bb=13.4141 policy_loss=0.030926 value_loss=0.404017
[iter=8230] rollout_mean_bb=3.9746 policy_loss=0.002014 value_loss=0.182134
[iter=8235] rollout_mean_bb=7.1523 policy_loss=0.021565 value_loss=0.309339
[iter=8240] rollout_mean_bb=2.4570 policy_loss=0.000842 value_loss=0.304434
[iter=8245] rollout_mean_bb=2.4336 policy_loss=0.247259 value_loss=0.613849
[iter=8250] rollout_mean_bb=2.4961 policy_loss=-0.034361 value_loss=0.375780
[iter=8255] rollout_mean_bb=10.2988 policy_loss=0.000475 value_loss=0.551711
[iter=8260] rollout_mean_bb=7.2676 policy_loss=-0.014692 value_loss=0.646868
[iter=8265] rollout_mean_bb=20.5371 policy_loss=-0.000002 value_loss=0.936919
[iter=8270] rollout_mean_bb=8.0020 policy_loss=0.323692 value_loss=2.835224
[iter=8275] rollout_mean_bb=11.9277 policy_loss=0.000114 value_loss=0.864880
[iter=8280] rollout_mean_bb=4.1387 policy_loss=0.000005 value_loss=1.012248
[iter=8285] rollout_mean_bb=4.0918 policy_loss=-0.010634 value_loss=0.435414
[iter=8290] rollout_mean_bb=3.2598 policy_loss=0.000018 value_loss=0.578593
[iter=8295] rollout_mean_bb=11.1035 policy_loss=-0.210001 value_loss=0.855203
[iter=8300] rollout_mean_bb=3.2637 policy_loss=-0.028900 value_loss=0.310496
[iter=8305] rollout_mean_bb=15.8125 policy_loss=0.032322 value_loss=0.443072
[iter=8310] rollout_mean_bb=11.0898 policy_loss=0.798330 value_loss=1.936820
[iter=8315] rollout_mean_bb=7.2129 policy_loss=0.508626 value_loss=1.568749
[iter=8320] rollout_mean_bb=5.6797 policy_loss=-0.448598 value_loss=1.315250
[iter=8325] rollout_mean_bb=11.1016 policy_loss=-0.217839 value_loss=0.832935
[iter=8330] rollout_mean_bb=8.7422 policy_loss=0.005063 value_loss=0.335146
[iter=8335] rollout_mean_bb=6.3789 policy_loss=-0.013943 value_loss=0.402362
[iter=8340] rollout_mean_bb=9.5391 policy_loss=0.006887 value_loss=0.342764
[iter=8345] rollout_mean_bb=11.0840 policy_loss=0.005731 value_loss=0.428095
[iter=8350] rollout_mean_bb=7.1582 policy_loss=-0.005974 value_loss=0.428565
[iter=8355] rollout_mean_bb=11.1191 policy_loss=0.000611 value_loss=0.477459
[iter=8360] rollout_mean_bb=3.3242 policy_loss=0.174575 value_loss=1.144004
[iter=8365] rollout_mean_bb=3.3516 policy_loss=-0.000005 value_loss=1.026154
[iter=8370] rollout_mean_bb=12.7461 policy_loss=-0.001772 value_loss=0.567153
[iter=8375] rollout_mean_bb=11.1816 policy_loss=0.015521 value_loss=1.613534
[iter=8380] rollout_mean_bb=0.2715 policy_loss=-0.330640 value_loss=1.770960
[iter=8385] rollout_mean_bb=4.1582 policy_loss=0.000126 value_loss=1.401622
[iter=8390] rollout_mean_bb=8.0449 policy_loss=-0.395505 value_loss=1.458280
[iter=8395] rollout_mean_bb=4.9199 policy_loss=0.000001 value_loss=1.140080
[iter=8400] rollout_mean_bb=11.1484 policy_loss=-0.204219 value_loss=0.988022
[iter=8405] rollout_mean_bb=-4.4648 policy_loss=-0.023756 value_loss=0.792585
[iter=8410] rollout_mean_bb=14.2754 policy_loss=0.006075 value_loss=0.670220
[iter=8415] rollout_mean_bb=17.4727 policy_loss=-0.174943 value_loss=1.056232
[iter=8420] rollout_mean_bb=-0.5664 policy_loss=-0.157702 value_loss=0.814761
[iter=8425] rollout_mean_bb=6.4648 policy_loss=0.001274 value_loss=1.089250
[iter=8430] rollout_mean_bb=15.8652 policy_loss=-0.000260 value_loss=1.185881
[iter=8435] rollout_mean_bb=-2.8418 policy_loss=0.000235 value_loss=1.359839
[iter=8440] rollout_mean_bb=6.5352 policy_loss=-0.446471 value_loss=2.294878
[iter=8445] rollout_mean_bb=20.6387 policy_loss=-0.000861 value_loss=1.368358
[iter=8450] rollout_mean_bb=2.6445 policy_loss=0.505410 value_loss=2.315657
[iter=8455] rollout_mean_bb=22.1387 policy_loss=0.000788 value_loss=1.075932
[iter=8460] rollout_mean_bb=19.8496 policy_loss=0.000529 value_loss=1.517312
[iter=8465] rollout_mean_bb=11.2285 policy_loss=-0.681298 value_loss=2.437905
[iter=8470] rollout_mean_bb=2.6445 policy_loss=-0.001818 value_loss=1.687524
[iter=8475] rollout_mean_bb=12.7676 policy_loss=0.282253 value_loss=1.451751
[iter=8480] rollout_mean_bb=12.7344 policy_loss=-0.125487 value_loss=0.925941
[iter=8485] rollout_mean_bb=15.0996 policy_loss=-0.007711 value_loss=0.667316
[iter=8490] rollout_mean_bb=3.4082 policy_loss=0.197139 value_loss=3.130882
[iter=8495] rollout_mean_bb=13.5078 policy_loss=-0.158617 value_loss=1.243844
[iter=8500] rollout_mean_bb=-3.6758 policy_loss=0.426660 value_loss=2.434011
[iter=8505] rollout_mean_bb=12.7930 policy_loss=-0.228085 value_loss=1.573979
[iter=8510] rollout_mean_bb=11.2051 policy_loss=-0.020342 value_loss=0.632541
[iter=8515] rollout_mean_bb=0.2500 policy_loss=1.197753 value_loss=3.742210
[iter=8520] rollout_mean_bb=10.3984 policy_loss=-0.000021 value_loss=0.987875
[iter=8525] rollout_mean_bb=9.6133 policy_loss=0.299243 value_loss=1.371368
[iter=8530] rollout_mean_bb=12.6523 policy_loss=0.004873 value_loss=0.630782
[iter=8535] rollout_mean_bb=19.7930 policy_loss=-0.073129 value_loss=0.875350
[iter=8540] rollout_mean_bb=-6.8164 policy_loss=-0.026096 value_loss=1.200508
[iter=8545] rollout_mean_bb=5.7070 policy_loss=0.245273 value_loss=1.494035
[iter=8550] rollout_mean_bb=13.5527 policy_loss=0.596758 value_loss=2.189276
[iter=8555] rollout_mean_bb=12.7734 policy_loss=0.000011 value_loss=1.173022
[iter=8560] rollout_mean_bb=-2.1680 policy_loss=-0.262125 value_loss=0.901887
[iter=8565] rollout_mean_bb=1.0176 policy_loss=0.000004 value_loss=1.198703
[iter=8570] rollout_mean_bb=21.3457 policy_loss=-0.161765 value_loss=0.917485
[iter=8575] rollout_mean_bb=4.8711 policy_loss=-0.028517 value_loss=0.383975
[iter=8580] rollout_mean_bb=9.5566 policy_loss=-0.463767 value_loss=1.222583
[iter=8585] rollout_mean_bb=4.8711 policy_loss=-0.000084 value_loss=0.844430
[iter=8590] rollout_mean_bb=11.1484 policy_loss=0.269870 value_loss=1.148214
[iter=8595] rollout_mean_bb=9.5742 policy_loss=0.000123 value_loss=0.849160
[iter=8600] rollout_mean_bb=5.7227 policy_loss=-0.253563 value_loss=1.469208
[iter=8605] rollout_mean_bb=14.2461 policy_loss=-0.068499 value_loss=0.643126
[iter=8610] rollout_mean_bb=15.0332 policy_loss=0.029998 value_loss=0.539996
[iter=8615] rollout_mean_bb=8.0078 policy_loss=-0.259860 value_loss=1.168777
[iter=8620] rollout_mean_bb=2.5996 policy_loss=0.001709 value_loss=1.262462
[iter=8625] rollout_mean_bb=6.5469 policy_loss=0.000033 value_loss=1.268542
[iter=8630] rollout_mean_bb=9.6641 policy_loss=-0.025968 value_loss=0.995417
[iter=8635] rollout_mean_bb=6.5547 policy_loss=-0.038071 value_loss=0.990785
[iter=8640] rollout_mean_bb=-6.8125 policy_loss=-0.096565 value_loss=0.588860
[iter=8645] rollout_mean_bb=15.8789 policy_loss=0.000001 value_loss=1.255470
[iter=8650] rollout_mean_bb=12.0039 policy_loss=0.475479 value_loss=2.510582
[iter=8655] rollout_mean_bb=1.8066 policy_loss=0.006440 value_loss=0.765605
[iter=8660] rollout_mean_bb=-2.1562 policy_loss=-0.044871 value_loss=0.767560
[iter=8665] rollout_mean_bb=10.3008 policy_loss=0.009054 value_loss=0.334066
[iter=8670] rollout_mean_bb=15.0840 policy_loss=0.004654 value_loss=0.560220
[iter=8675] rollout_mean_bb=12.7285 policy_loss=0.163311 value_loss=1.730419
[iter=8680] rollout_mean_bb=-2.0996 policy_loss=0.001109 value_loss=1.280457
[iter=8685] rollout_mean_bb=11.1426 policy_loss=-0.167636 value_loss=0.888702
[iter=8690] rollout_mean_bb=24.4902 policy_loss=0.024123 value_loss=0.701915
[iter=8695] rollout_mean_bb=6.5293 policy_loss=-0.372730 value_loss=1.580739
[iter=8700] rollout_mean_bb=2.6094 policy_loss=-0.043956 value_loss=0.924964
[iter=8705] rollout_mean_bb=17.4941 policy_loss=0.257620 value_loss=3.177350
[iter=8710] rollout_mean_bb=13.5625 policy_loss=-0.012026 value_loss=0.916903
[iter=8715] rollout_mean_bb=11.1426 policy_loss=-0.362499 value_loss=1.410366
[iter=8720] rollout_mean_bb=7.2383 policy_loss=-0.038271 value_loss=0.584928
[iter=8725] rollout_mean_bb=10.4648 policy_loss=-0.043977 value_loss=0.742447
[iter=8730] rollout_mean_bb=8.8828 policy_loss=0.000003 value_loss=1.329794
[iter=8735] rollout_mean_bb=11.1738 policy_loss=0.303830 value_loss=1.386070
[iter=8740] rollout_mean_bb=4.8496 policy_loss=-0.038207 value_loss=0.437908
[iter=8745] rollout_mean_bb=9.4961 policy_loss=0.264949 value_loss=0.919493
[iter=8750] rollout_mean_bb=1.7930 policy_loss=-0.031459 value_loss=0.692491
[iter=8755] rollout_mean_bb=11.8945 policy_loss=0.718796 value_loss=2.088679
[iter=8760] rollout_mean_bb=7.2734 policy_loss=-0.025419 value_loss=0.691307
[iter=8765] rollout_mean_bb=5.6582 policy_loss=-0.162542 value_loss=0.728432
[iter=8770] rollout_mean_bb=7.1934 policy_loss=0.128479 value_loss=0.741456
[iter=8775] rollout_mean_bb=13.4512 policy_loss=0.068445 value_loss=1.293482
[iter=8780] rollout_mean_bb=8.8574 policy_loss=-0.031644 value_loss=0.569174
[iter=8785] rollout_mean_bb=10.4043 policy_loss=-0.034959 value_loss=0.689250
[iter=8790] rollout_mean_bb=9.6172 policy_loss=0.000025 value_loss=1.081667
[iter=8795] rollout_mean_bb=4.8789 policy_loss=0.002406 value_loss=0.946057
[iter=8800] rollout_mean_bb=12.6836 policy_loss=0.039802 value_loss=0.553446
[iter=8805] rollout_mean_bb=3.3223 policy_loss=-0.051721 value_loss=0.538620
[iter=8810] rollout_mean_bb=1.0137 policy_loss=0.000053 value_loss=1.083355
[iter=8815] rollout_mean_bb=7.1582 policy_loss=-0.088375 value_loss=0.567332
[iter=8820] rollout_mean_bb=18.2109 policy_loss=0.002273 value_loss=0.769656
[iter=8825] rollout_mean_bb=4.8789 policy_loss=0.004629 value_loss=0.907419
[iter=8830] rollout_mean_bb=4.1016 policy_loss=-0.044720 value_loss=0.423019
[iter=8835] rollout_mean_bb=-2.1777 policy_loss=-0.262738 value_loss=0.906340
[iter=8840] rollout_mean_bb=11.0723 policy_loss=-0.009960 value_loss=1.037120
[iter=8845] rollout_mean_bb=17.4316 policy_loss=0.000818 value_loss=0.855316
[iter=8850] rollout_mean_bb=14.2344 policy_loss=-0.005677 value_loss=1.004683
[iter=8855] rollout_mean_bb=4.8477 policy_loss=-0.011577 value_loss=0.483866
[iter=8860] rollout_mean_bb=6.4512 policy_loss=-0.023507 value_loss=0.731475
[iter=8865] rollout_mean_bb=4.8672 policy_loss=0.486109 value_loss=1.648911
[iter=8870] rollout_mean_bb=0.9121 policy_loss=-0.200705 value_loss=0.578890
[iter=8875] rollout_mean_bb=-0.6738 policy_loss=-0.053460 value_loss=0.325514
[iter=8880] rollout_mean_bb=1.6035 policy_loss=-0.026569 value_loss=0.229670
[iter=8885] rollout_mean_bb=-3.0195 policy_loss=0.003076 value_loss=0.551830
[iter=8890] rollout_mean_bb=-0.6270 policy_loss=0.000655 value_loss=0.668857
[iter=8895] rollout_mean_bb=12.6250 policy_loss=0.035831 value_loss=0.322701
[iter=8900] rollout_mean_bb=4.0293 policy_loss=-0.000060 value_loss=0.440818
[iter=8905] rollout_mean_bb=13.4219 policy_loss=0.000001 value_loss=0.583925
[iter=8910] rollout_mean_bb=6.4043 policy_loss=-0.021792 value_loss=0.359443
[iter=8915] rollout_mean_bb=5.5703 policy_loss=0.325977 value_loss=0.783250
[iter=8920] rollout_mean_bb=11.0508 policy_loss=0.015165 value_loss=0.390467
[iter=8925] rollout_mean_bb=2.4531 policy_loss=-0.276529 value_loss=0.715162
[iter=8930] rollout_mean_bb=6.3457 policy_loss=0.252746 value_loss=0.646350
[iter=8935] rollout_mean_bb=13.4531 policy_loss=0.024512 value_loss=0.460944
[iter=8940] rollout_mean_bb=11.8555 policy_loss=0.028353 value_loss=0.281129
[iter=8945] rollout_mean_bb=7.1758 policy_loss=-0.010339 value_loss=0.305836
[iter=8950] rollout_mean_bb=4.0781 policy_loss=-0.024159 value_loss=0.621861
[iter=8955] rollout_mean_bb=11.0977 policy_loss=-0.148761 value_loss=0.699729
[iter=8960] rollout_mean_bb=4.8438 policy_loss=-0.039710 value_loss=0.473481
[iter=8965] rollout_mean_bb=5.6094 policy_loss=0.118330 value_loss=1.274408
[iter=8970] rollout_mean_bb=0.1660 policy_loss=0.000017 value_loss=0.643983
[iter=8975] rollout_mean_bb=11.8848 policy_loss=-0.000083 value_loss=0.717830
[iter=8980] rollout_mean_bb=15.8438 policy_loss=0.518909 value_loss=1.678109
[iter=8985] rollout_mean_bb=16.6543 policy_loss=0.687458 value_loss=2.150133
[iter=8990] rollout_mean_bb=17.5254 policy_loss=-0.000450 value_loss=1.322958
[iter=8995] rollout_mean_bb=9.7207 policy_loss=0.000430 value_loss=1.486542
[iter=9000] rollout_mean_bb=-2.8418 policy_loss=0.195434 value_loss=1.524509
Training completed successfully at step 9000
