## SLURM PROLOG ###############################################################
##    Job ID : 478053
##  Job Name : ah_final_optimization_train
##  Nodelist : gpu1414
##      CPUs : 1
##  Mem/Node : 32768 MB
## Directory : /oscar/home/smdesai/antigravity_poker/anitgravity-txhm
##   Job Started : Mon Feb 23 02:40:38 PM EST 2026
###############################################################################
Job: ah_final_optimization_train (478053)
Node: gpu1414
Date: Mon Feb 23 02:40:38 PM EST 2026
Submit dir: /oscar/home/smdesai/antigravity_poker/anitgravity-txhm
-------------------
Resuming from existing checkpoint: checkpoints/latest.pt
Running final optimization training:
  config=final_optimization_low_temp
  strict_abstraction=true
  wandb_group=final_optimization_low_temp
  run_id=478053_20260223_144040
Optional module pokerkit_wrapper was not importable: No module named 'pokerkit'
Loaded Config: final_optimization_low_temp
Config(GAME_NAME='universal_poker', ENV_PRESET='hunl_fchpa', BETTING_ABSTRACTION='fchpa', STRICT_ABSTRACTION=True, PLAYERS=2, STACK_SIZE=20000, SMALL_BLIND=50, BIG_BLIND=100, MAX_ACTION_HISTORY=64, NUM_ACTORS=1, FULLGAME_CURRICULUM_ENABLE=True, FULLGAME_CURRICULUM_PHASE1_END=0.3, FULLGAME_CURRICULUM_PHASE2_END=0.7, FULLGAME_CURRICULUM_MAX_RAISE_POT_MULT_P1=1.0, FULLGAME_CURRICULUM_MAX_RAISE_POT_MULT_P2=2.5, EMBEDDING_DIM=64, HIDDEN_DIM=256, NUM_LAYERS_CARD=3, NUM_LAYERS_ACTION=2, DROPOUT=0.1, USE_LAYERNORM=True, USE_RESIDUAL=True, SCALAR_DIM=11, ALGO='ppo_ksp', CFR_ITERATIONS=49000, ROLLOUT_EPISODES=512, SELF_PLAY_GAMES=20, PPO_EPOCHS=2, PPO_MINIBATCH_SIZE=256, PPO_CLIP_EPS=0.15, PPO_GAMMA=0.995, PPO_GAE_LAMBDA=0.95, PPO_VALUE_COEF=0.3, PPO_ENTROPY_COEF=0.002, PPO_TARGET_KL=0.008, PPO_ADV_CLIP=4.0, PPO_ADAPTIVE_KL_ENABLE=True, PPO_ADAPTIVE_KL_HIGH=2.0, PPO_ADAPTIVE_KL_LOW=0.5, PPO_ADAPTIVE_LR_DECAY=0.5, PPO_ADAPTIVE_LR_GROWTH=1.03, VALUE_LOSS_TYPE='huber', VALUE_HUBER_DELTA=10.0, VALUE_TARGET_SCALE=20.0, EXPLAINED_VAR_VAR_FLOOR=0.0001, SKIP_NONFINITE_GRAD=True, SCHEDULE_RELATIVE_TO_RESUME=True, MIN_ROLLOUT_TRANSITIONS=1024, SELF_PLAY_TEMPERATURE_START=0.9, SELF_PLAY_TEMPERATURE_END=0.85, SELF_PLAY_TEMPERATURE_DECAY_FRAC=0.6, PPO_ENTROPY_COEF_START=0.002, PPO_ENTROPY_COEF_END=0.001, PPO_ENTROPY_DECAY_FRAC=0.8, LEAGUE_RANDOM_OPPONENT_PROB=0.15, LEAGUE_OPPONENT_PROB=0.0, RANDOM_OPPONENT_PROB=0.0, EXPLOIT_OPPONENT_PROB=0.05, EXPLOIT_OPPONENT_SET='always_call,pot_pressure,sticky_call', STYLE_TARGET_PROFILE_PATH='', STYLE_TARGET_USE_SOLVER_PROFILE=True, STYLE_REG_ENABLE=False, STYLE_REG_COEF_START=0.0, STYLE_REG_COEF_END=0.0, STYLE_REG_DECAY_FRAC=0.6, STYLE_POT_HINGE_COEF=0.5, K_BEST=20, LEAGUE_INIT_RATING=1200.0, LEAGUE_K_FACTOR=24.0, PFSP_BETA=0.8, SNAPSHOT_INTERVAL=25, LR=5e-05, WEIGHT_DECAY=1e-05, BATCH_SIZE=256, BUFFER_SIZE=500000, GRAD_CLIP=0.5, GRAD_ACCUM_STEPS=1, AMP=False, LR_SCHEDULER='none', EVAL_FREQ=100, EVAL_EPISODES=300, EVAL_BASELINE_ALGO='mccfr_external_sampling', EVAL_BASELINE_ITERS=10000, EVAL_BASELINE_SEEDS=3, EVAL_BASELINE_CACHE_MODE='process', EVAL_BASELINE_LABEL='MCCFR-ES', EVAL_CFR_ITERATIONS=10000, EVAL_REQUIRE_BEHAVIOR_EXTENDED=True, EVAL_AGGRESSION_GATE_ENABLE=True, EVAL_MIN_PRE_FLOP_RAISE_TOTAL_FREQ=0.08, EVAL_ENVELOPE_ENABLE=False, EVAL_MIN_PRE_FLOP_FOLD_FREQ=0.35, EVAL_MAX_PRE_FLOP_FOLD_FREQ=0.55, EVAL_MIN_PRE_FLOP_CALL_CHECK_FREQ=0.4, EVAL_MAX_PRE_FLOP_ALLIN_FREQ=0.05, EVAL_MIN_PRE_FLOP_ENTROPY_BITS=1.1, EVAL_MAX_PRE_FLOP_ENTROPY_BITS=1.8, EVAL_POT_MIX_GATE_ENABLE=True, EVAL_POT_MIX_MIN_ABS=0.01, EVAL_POT_MIX_TARGET_FRACTION=0.6, EVAL_EXPLOIT_WEIGHT=0.2, EVAL_EXPLOIT_CLIP_BB100=500.0, EVAL_ENABLE_RANDOM=True, EVAL_ENABLE_CFR=True, EVAL_ENABLE_NASH_CONV=False, BEHAVIOR_GATE_ENABLE=True, BEHAVIOR_GATE_MAX_FOLD_FREQ=0.55, BEHAVIOR_GATE_MAX_ALLIN_FREQ=0.05, BEHAVIOR_GATE_MIN_PRE_FLOP_ENTROPY_BITS=1.1, BEHAVIOR_GATE_MIN_CALL_CHECK_FREQ=0.4, BEHAVIOR_GATE_MIN_HALF_POT_FREQ=0.01, BB_SIZE=100.0, CHECKPOINT_FREQ=50, MAX_CHECKPOINTS=3, CHECKPOINT_SINGLE_FILE=True, CHECKPOINT_SAVE_OPTIMIZER=True, CHECKPOINT_SAVE_SCHEDULER=True, CHECKPOINT_SAVE_LEAGUE=True, CHECKPOINT_SAVE_EXTRA=True, CHECKPOINT_SAVE_BEST_EVAL=True, CHECKPOINT_BEST_EVAL_PATH='checkpoints/best_eval_final_optimization_low_temp.pt', LOG_INTERVAL=5, RUN_DIR='.', RESUME_FROM='checkpoints/latest.pt', RUN_ID='', CONFIG_NAME='final_optimization_low_temp', ARCHIVE_ROOT='artifacts/runs', WANDB_PROJECT='alpha-holdem-poker', WANDB_ENTITY='', WANDB_RUN_NAME='', WANDB_TAGS='', WANDB_REQUIRE_ONLINE=True, WANDB_MODE='online', OFFLINE_LOGGING=True, SEED=42, DEVICE='cuda')
Starting training: start_step=39000, target_iterations=49000, device=cuda, run_id=20260223_194048
[iter=39005] rollout_mean_bb=19.6045 policy_loss=0.067690 value_loss=1.917085
[iter=39010] rollout_mean_bb=9.6064 policy_loss=0.031012 value_loss=1.968991
[iter=39015] rollout_mean_bb=16.8389 policy_loss=0.021050 value_loss=1.753904
[iter=39020] rollout_mean_bb=11.6982 policy_loss=-0.024742 value_loss=1.798066
[iter=39025] rollout_mean_bb=9.3086 policy_loss=0.031266 value_loss=1.967442
[iter=39030] rollout_mean_bb=15.4014 policy_loss=0.000252 value_loss=1.784845
[iter=39035] rollout_mean_bb=20.2783 policy_loss=0.000952 value_loss=2.108144
[iter=39040] rollout_mean_bb=9.3008 policy_loss=0.012033 value_loss=1.944354
[iter=39045] rollout_mean_bb=11.8760 policy_loss=0.032796 value_loss=1.771228
[iter=39050] rollout_mean_bb=19.2676 policy_loss=0.040611 value_loss=1.868449
[iter=39055] rollout_mean_bb=14.7061 policy_loss=-0.050940 value_loss=2.042017
[iter=39060] rollout_mean_bb=9.9326 policy_loss=-0.022893 value_loss=1.908656
[iter=39065] rollout_mean_bb=17.1953 policy_loss=0.108612 value_loss=1.783266
[iter=39070] rollout_mean_bb=22.2852 policy_loss=0.005227 value_loss=1.976876
[iter=39075] rollout_mean_bb=18.3076 policy_loss=-0.021357 value_loss=1.695890
[iter=39080] rollout_mean_bb=29.2510 policy_loss=0.028125 value_loss=1.779886
[iter=39085] rollout_mean_bb=8.5635 policy_loss=-0.007866 value_loss=1.884630
[iter=39090] rollout_mean_bb=12.8975 policy_loss=-0.026055 value_loss=1.700020
[iter=39095] rollout_mean_bb=17.8242 policy_loss=0.073705 value_loss=2.203216
[iter=39100] rollout_mean_bb=9.3184 policy_loss=0.039903 value_loss=2.171097
[iter=39105] rollout_mean_bb=12.8613 policy_loss=-0.015710 value_loss=1.999864
[iter=39110] rollout_mean_bb=18.1035 policy_loss=-0.092424 value_loss=1.579324
[iter=39115] rollout_mean_bb=10.1328 policy_loss=-0.050916 value_loss=1.914335
[iter=39120] rollout_mean_bb=13.6787 policy_loss=0.058779 value_loss=1.647174
[iter=39125] rollout_mean_bb=13.9043 policy_loss=0.020340 value_loss=2.159542
[iter=39130] rollout_mean_bb=16.1797 policy_loss=-0.020800 value_loss=1.744159
[iter=39135] rollout_mean_bb=13.5869 policy_loss=-0.020747 value_loss=2.140917
[iter=39140] rollout_mean_bb=17.4629 policy_loss=-0.082809 value_loss=1.473889
[iter=39145] rollout_mean_bb=13.5703 policy_loss=0.010191 value_loss=2.341322
[iter=39150] rollout_mean_bb=11.9082 policy_loss=0.033805 value_loss=2.071304
[iter=39155] rollout_mean_bb=18.4863 policy_loss=0.007379 value_loss=1.892590
[iter=39160] rollout_mean_bb=9.6826 policy_loss=0.116362 value_loss=2.151078
[iter=39165] rollout_mean_bb=11.7363 policy_loss=0.011861 value_loss=2.115399
[iter=39170] rollout_mean_bb=7.4014 policy_loss=0.003207 value_loss=1.911117
[iter=39175] rollout_mean_bb=12.0869 policy_loss=-0.071073 value_loss=1.879570
[iter=39180] rollout_mean_bb=8.1885 policy_loss=0.003503 value_loss=1.971038
[iter=39185] rollout_mean_bb=10.2617 policy_loss=-0.015572 value_loss=1.781822
[iter=39190] rollout_mean_bb=15.2373 policy_loss=0.020767 value_loss=1.904012
[iter=39195] rollout_mean_bb=14.3467 policy_loss=0.017389 value_loss=1.995784
[iter=39200] rollout_mean_bb=9.2354 policy_loss=0.114560 value_loss=1.995739
[iter=39205] rollout_mean_bb=15.5254 policy_loss=0.046809 value_loss=1.717904
[iter=39210] rollout_mean_bb=22.0234 policy_loss=-0.019264 value_loss=1.720324
[iter=39215] rollout_mean_bb=11.4834 policy_loss=0.017551 value_loss=1.791247
[iter=39220] rollout_mean_bb=9.7314 policy_loss=-0.034613 value_loss=1.821195
[iter=39225] rollout_mean_bb=11.8994 policy_loss=-0.038150 value_loss=1.509663
[iter=39230] rollout_mean_bb=16.3955 policy_loss=0.013243 value_loss=1.772407
[iter=39235] rollout_mean_bb=19.5303 policy_loss=-0.040089 value_loss=1.649848
[iter=39240] rollout_mean_bb=12.8076 policy_loss=0.007267 value_loss=1.905637
[iter=39245] rollout_mean_bb=9.6543 policy_loss=0.063092 value_loss=1.823219
[iter=39250] rollout_mean_bb=16.1377 policy_loss=-0.000768 value_loss=1.805306
[iter=39255] rollout_mean_bb=14.2041 policy_loss=0.042599 value_loss=2.079025
[iter=39260] rollout_mean_bb=7.9531 policy_loss=0.012915 value_loss=1.994925
[iter=39265] rollout_mean_bb=5.1982 policy_loss=0.031736 value_loss=2.088771
[iter=39270] rollout_mean_bb=7.2607 policy_loss=0.025651 value_loss=2.006376
[iter=39275] rollout_mean_bb=15.8613 policy_loss=0.090322 value_loss=1.908545
[iter=39280] rollout_mean_bb=14.5029 policy_loss=-0.051767 value_loss=1.958347
[iter=39285] rollout_mean_bb=7.4590 policy_loss=-0.013657 value_loss=1.817922
[iter=39290] rollout_mean_bb=5.5977 policy_loss=0.016706 value_loss=1.787763
[iter=39295] rollout_mean_bb=6.3965 policy_loss=-0.071387 value_loss=1.953559
[iter=39300] rollout_mean_bb=16.7275 policy_loss=-0.008654 value_loss=2.099604
[iter=39305] rollout_mean_bb=5.1191 policy_loss=0.023068 value_loss=2.152846
[iter=39310] rollout_mean_bb=18.7002 policy_loss=-0.003170 value_loss=1.730036
[iter=39315] rollout_mean_bb=11.4219 policy_loss=0.085595 value_loss=1.831669
[iter=39320] rollout_mean_bb=13.1787 policy_loss=0.007242 value_loss=1.760395
[iter=39325] rollout_mean_bb=6.3994 policy_loss=0.006042 value_loss=1.994447
[iter=39330] rollout_mean_bb=16.7637 policy_loss=-0.026997 value_loss=1.464863
[iter=39335] rollout_mean_bb=10.2217 policy_loss=0.002340 value_loss=1.756106
[iter=39340] rollout_mean_bb=19.5889 policy_loss=0.064799 value_loss=1.827385
[iter=39345] rollout_mean_bb=21.8955 policy_loss=0.010577 value_loss=1.613121
[iter=39350] rollout_mean_bb=22.0654 policy_loss=-0.010142 value_loss=1.647256
[iter=39355] rollout_mean_bb=18.6143 policy_loss=0.058523 value_loss=2.327275
[iter=39360] rollout_mean_bb=5.7656 policy_loss=0.108651 value_loss=2.331243
[iter=39365] rollout_mean_bb=10.9443 policy_loss=-0.002508 value_loss=1.783552
[iter=39370] rollout_mean_bb=17.0820 policy_loss=-0.043823 value_loss=1.942621
[iter=39375] rollout_mean_bb=20.4902 policy_loss=-0.055225 value_loss=1.571711
[iter=39380] rollout_mean_bb=15.1436 policy_loss=0.004211 value_loss=1.866768
[iter=39385] rollout_mean_bb=16.1270 policy_loss=-0.040901 value_loss=1.767020
[iter=39390] rollout_mean_bb=15.8604 policy_loss=-0.062602 value_loss=1.424887
[iter=39395] rollout_mean_bb=13.4990 policy_loss=-0.024984 value_loss=1.782128
[iter=39400] rollout_mean_bb=11.1816 policy_loss=0.060625 value_loss=2.030543
[iter=39405] rollout_mean_bb=6.7891 policy_loss=0.046077 value_loss=2.011919
[iter=39410] rollout_mean_bb=19.3857 policy_loss=-0.007098 value_loss=1.869940
[iter=39415] rollout_mean_bb=0.3359 policy_loss=0.043174 value_loss=1.895985
[iter=39420] rollout_mean_bb=10.8213 policy_loss=0.098028 value_loss=2.198083
[iter=39425] rollout_mean_bb=14.5879 policy_loss=0.041293 value_loss=1.894987
[iter=39430] rollout_mean_bb=15.7432 policy_loss=0.011766 value_loss=1.650171
[iter=39435] rollout_mean_bb=13.5225 policy_loss=0.025420 value_loss=2.188288
[iter=39440] rollout_mean_bb=12.1055 policy_loss=0.029071 value_loss=2.272191
[iter=39445] rollout_mean_bb=14.3818 policy_loss=0.048254 value_loss=1.856693
[iter=39450] rollout_mean_bb=16.3447 policy_loss=0.007674 value_loss=1.862239
[iter=39455] rollout_mean_bb=6.7393 policy_loss=0.012567 value_loss=2.063838
[iter=39460] rollout_mean_bb=5.4258 policy_loss=-0.015104 value_loss=1.841032
[iter=39465] rollout_mean_bb=9.5420 policy_loss=0.007506 value_loss=1.858167
[iter=39470] rollout_mean_bb=23.9287 policy_loss=0.011406 value_loss=1.805447
[iter=39475] rollout_mean_bb=25.4258 policy_loss=-0.141471 value_loss=1.452878
[iter=39480] rollout_mean_bb=21.4873 policy_loss=0.025554 value_loss=1.630369
[iter=39485] rollout_mean_bb=11.8145 policy_loss=-0.009956 value_loss=1.886023
[iter=39490] rollout_mean_bb=23.1465 policy_loss=-0.030881 value_loss=1.874547
[iter=39495] rollout_mean_bb=13.7891 policy_loss=0.046370 value_loss=2.199398
[iter=39500] rollout_mean_bb=8.8926 policy_loss=0.069155 value_loss=2.259930
[iter=39505] rollout_mean_bb=20.4277 policy_loss=-0.045047 value_loss=1.671299
[iter=39510] rollout_mean_bb=15.4863 policy_loss=0.006660 value_loss=2.127082
[iter=39515] rollout_mean_bb=14.3369 policy_loss=0.028661 value_loss=1.868556
[iter=39520] rollout_mean_bb=18.1816 policy_loss=0.012234 value_loss=1.977672
[iter=39525] rollout_mean_bb=16.7354 policy_loss=-0.039469 value_loss=1.852566
[iter=39530] rollout_mean_bb=10.6416 policy_loss=0.050654 value_loss=1.929483
[iter=39535] rollout_mean_bb=7.4688 policy_loss=0.089066 value_loss=2.254160
[iter=39540] rollout_mean_bb=9.9033 policy_loss=-0.007376 value_loss=1.768250
[iter=39545] rollout_mean_bb=7.0742 policy_loss=0.000245 value_loss=1.785406
[iter=39550] rollout_mean_bb=19.0039 policy_loss=0.061184 value_loss=2.038814
[iter=39555] rollout_mean_bb=20.2041 policy_loss=-0.006799 value_loss=1.726721
[iter=39560] rollout_mean_bb=7.8398 policy_loss=0.109673 value_loss=1.949753
[iter=39565] rollout_mean_bb=11.1533 policy_loss=0.009681 value_loss=1.892402
[iter=39570] rollout_mean_bb=3.7354 policy_loss=0.047471 value_loss=2.241090
[iter=39575] rollout_mean_bb=12.1748 policy_loss=0.019006 value_loss=1.943418
[iter=39580] rollout_mean_bb=8.5576 policy_loss=0.018191 value_loss=2.154629
[iter=39585] rollout_mean_bb=9.8145 policy_loss=0.008801 value_loss=1.985841
[iter=39590] rollout_mean_bb=14.4111 policy_loss=0.028337 value_loss=1.733749
[iter=39595] rollout_mean_bb=9.7832 policy_loss=0.021963 value_loss=1.955023
[iter=39600] rollout_mean_bb=20.6436 policy_loss=0.040241 value_loss=2.019327
[iter=39605] rollout_mean_bb=25.0303 policy_loss=0.080304 value_loss=2.108982
[iter=39610] rollout_mean_bb=16.6230 policy_loss=0.026656 value_loss=1.872017
[iter=39615] rollout_mean_bb=8.0742 policy_loss=0.019721 value_loss=1.893217
[iter=39620] rollout_mean_bb=18.7168 policy_loss=0.005491 value_loss=1.633635
[iter=39625] rollout_mean_bb=7.2441 policy_loss=0.012862 value_loss=1.979359
[iter=39630] rollout_mean_bb=13.3496 policy_loss=0.008573 value_loss=1.688678
[iter=39635] rollout_mean_bb=15.3271 policy_loss=0.029593 value_loss=2.016971
[iter=39640] rollout_mean_bb=20.0156 policy_loss=-0.077116 value_loss=1.469444
[iter=39645] rollout_mean_bb=16.9395 policy_loss=-0.010835 value_loss=1.798982
[iter=39650] rollout_mean_bb=13.0498 policy_loss=0.007928 value_loss=1.645332
[iter=39655] rollout_mean_bb=15.0527 policy_loss=0.014178 value_loss=2.135498
[iter=39660] rollout_mean_bb=14.3633 policy_loss=-0.065176 value_loss=1.785528
[iter=39665] rollout_mean_bb=16.6084 policy_loss=-0.021045 value_loss=1.837607
[iter=39670] rollout_mean_bb=16.5322 policy_loss=-0.000826 value_loss=1.958093
[iter=39675] rollout_mean_bb=10.3271 policy_loss=-0.042706 value_loss=1.686397
[iter=39680] rollout_mean_bb=23.8047 policy_loss=0.020735 value_loss=2.073925
[iter=39685] rollout_mean_bb=9.6201 policy_loss=0.081985 value_loss=2.117884
[iter=39690] rollout_mean_bb=17.9180 policy_loss=0.028387 value_loss=1.925974
[iter=39695] rollout_mean_bb=12.8760 policy_loss=0.033074 value_loss=1.685871
[iter=39700] rollout_mean_bb=17.0840 policy_loss=-0.055391 value_loss=1.708055
[iter=39705] rollout_mean_bb=12.0508 policy_loss=0.084294 value_loss=1.826037
[iter=39710] rollout_mean_bb=19.3584 policy_loss=0.015202 value_loss=1.739119
[iter=39715] rollout_mean_bb=10.8730 policy_loss=0.087339 value_loss=2.260476
[iter=39720] rollout_mean_bb=13.0156 policy_loss=-0.023731 value_loss=2.026341
[iter=39725] rollout_mean_bb=16.4277 policy_loss=0.042995 value_loss=2.204070
[iter=39730] rollout_mean_bb=11.0273 policy_loss=0.027416 value_loss=1.807061
[iter=39735] rollout_mean_bb=13.8145 policy_loss=-0.005072 value_loss=2.005487
[iter=39740] rollout_mean_bb=6.0527 policy_loss=-0.137538 value_loss=1.745294
[iter=39745] rollout_mean_bb=14.7080 policy_loss=0.016040 value_loss=1.867058
[iter=39750] rollout_mean_bb=16.0947 policy_loss=-0.045828 value_loss=1.572351
[iter=39755] rollout_mean_bb=8.5869 policy_loss=0.034305 value_loss=1.946001
[iter=39760] rollout_mean_bb=13.8809 policy_loss=-0.081457 value_loss=1.573624
[iter=39765] rollout_mean_bb=20.9463 policy_loss=-0.006245 value_loss=1.671920
[iter=39770] rollout_mean_bb=13.3711 policy_loss=0.046861 value_loss=2.297148
[iter=39775] rollout_mean_bb=19.2852 policy_loss=0.089891 value_loss=2.132845
[iter=39780] rollout_mean_bb=21.2529 policy_loss=-0.065564 value_loss=1.446791
[iter=39785] rollout_mean_bb=20.5635 policy_loss=0.104155 value_loss=2.063895
[iter=39790] rollout_mean_bb=12.3574 policy_loss=-0.024322 value_loss=1.728583
[iter=39795] rollout_mean_bb=17.7490 policy_loss=0.034072 value_loss=1.561791
[iter=39800] rollout_mean_bb=15.3916 policy_loss=0.028242 value_loss=1.901843
[iter=39805] rollout_mean_bb=8.6973 policy_loss=0.010287 value_loss=2.041658
[iter=39810] rollout_mean_bb=14.0664 policy_loss=-0.024253 value_loss=1.505316
[iter=39815] rollout_mean_bb=16.2627 policy_loss=0.002271 value_loss=1.741720
[iter=39820] rollout_mean_bb=4.5176 policy_loss=-0.021642 value_loss=2.085854
[iter=39825] rollout_mean_bb=10.9785 policy_loss=-0.003623 value_loss=2.193596
[iter=39830] rollout_mean_bb=9.5303 policy_loss=-0.028203 value_loss=1.511479
[iter=39835] rollout_mean_bb=8.5303 policy_loss=-0.029732 value_loss=1.924178
[iter=39840] rollout_mean_bb=9.4014 policy_loss=0.022135 value_loss=1.985066
[iter=39845] rollout_mean_bb=20.4658 policy_loss=0.026243 value_loss=1.949132
[iter=39850] rollout_mean_bb=5.8594 policy_loss=0.028492 value_loss=2.079248
[iter=39855] rollout_mean_bb=16.8848 policy_loss=0.020719 value_loss=2.375406
[iter=39860] rollout_mean_bb=18.0879 policy_loss=-0.045160 value_loss=1.774513
[iter=39865] rollout_mean_bb=4.3525 policy_loss=0.007684 value_loss=1.950632
[iter=39870] rollout_mean_bb=11.6172 policy_loss=0.043965 value_loss=2.178286
[iter=39875] rollout_mean_bb=8.2988 policy_loss=0.079769 value_loss=2.026014
[iter=39880] rollout_mean_bb=16.3018 policy_loss=0.013997 value_loss=1.863953
[iter=39885] rollout_mean_bb=14.9551 policy_loss=-0.109733 value_loss=1.574613
[iter=39890] rollout_mean_bb=11.1895 policy_loss=0.018532 value_loss=1.921358
[iter=39895] rollout_mean_bb=12.2422 policy_loss=0.019169 value_loss=2.149335
[iter=39900] rollout_mean_bb=19.6006 policy_loss=-0.004344 value_loss=1.768192
[iter=39905] rollout_mean_bb=23.8301 policy_loss=0.009920 value_loss=1.912101
[iter=39910] rollout_mean_bb=8.0771 policy_loss=-0.014988 value_loss=2.007296
[iter=39915] rollout_mean_bb=10.4688 policy_loss=0.057618 value_loss=2.075372
[iter=39920] rollout_mean_bb=8.5859 policy_loss=-0.010545 value_loss=2.140425
[iter=39925] rollout_mean_bb=12.5537 policy_loss=0.038422 value_loss=1.704164
[iter=39930] rollout_mean_bb=6.4219 policy_loss=0.010966 value_loss=1.918418
[iter=39935] rollout_mean_bb=12.0449 policy_loss=-0.038768 value_loss=1.682076
[iter=39940] rollout_mean_bb=13.1387 policy_loss=-0.095800 value_loss=1.819129
[iter=39945] rollout_mean_bb=12.8408 policy_loss=0.012199 value_loss=1.722643
[iter=39950] rollout_mean_bb=16.0967 policy_loss=0.002421 value_loss=1.839281
[iter=39955] rollout_mean_bb=12.6533 policy_loss=-0.019180 value_loss=1.633395
[iter=39960] rollout_mean_bb=9.4404 policy_loss=0.004578 value_loss=1.895043
[iter=39965] rollout_mean_bb=9.2881 policy_loss=0.008256 value_loss=1.754833
[iter=39970] rollout_mean_bb=9.0439 policy_loss=0.003194 value_loss=2.043270
[iter=39975] rollout_mean_bb=16.0918 policy_loss=0.002104 value_loss=1.615633
[iter=39980] rollout_mean_bb=22.4502 policy_loss=0.001722 value_loss=1.464369
[iter=39985] rollout_mean_bb=12.0254 policy_loss=0.056196 value_loss=1.955023
[iter=39990] rollout_mean_bb=7.8867 policy_loss=0.020893 value_loss=1.998446
[iter=39995] rollout_mean_bb=13.1475 policy_loss=0.007208 value_loss=1.968240
[iter=40000] rollout_mean_bb=2.7432 policy_loss=0.008980 value_loss=2.021156
[iter=40005] rollout_mean_bb=18.2637 policy_loss=-0.028775 value_loss=1.617209
[iter=40010] rollout_mean_bb=20.3262 policy_loss=0.055185 value_loss=1.812769
[iter=40015] rollout_mean_bb=6.0879 policy_loss=-0.054745 value_loss=1.711415
[iter=40020] rollout_mean_bb=17.5439 policy_loss=0.069860 value_loss=2.244430
[iter=40025] rollout_mean_bb=6.9414 policy_loss=-0.006405 value_loss=2.108563
[iter=40030] rollout_mean_bb=4.1182 policy_loss=0.051342 value_loss=1.863349
[iter=40035] rollout_mean_bb=14.0615 policy_loss=-0.015354 value_loss=1.792809
[iter=40040] rollout_mean_bb=10.0537 policy_loss=-0.046337 value_loss=1.760566
[iter=40045] rollout_mean_bb=19.1484 policy_loss=-0.008680 value_loss=1.446867
[iter=40050] rollout_mean_bb=10.3125 policy_loss=-0.017342 value_loss=1.992663
[iter=40055] rollout_mean_bb=13.8525 policy_loss=-0.059082 value_loss=1.293863
[iter=40060] rollout_mean_bb=13.4688 policy_loss=0.083495 value_loss=1.527761
[iter=40065] rollout_mean_bb=13.7227 policy_loss=0.025748 value_loss=1.843616
[iter=40070] rollout_mean_bb=22.9062 policy_loss=0.034702 value_loss=1.657329
[iter=40075] rollout_mean_bb=13.8086 policy_loss=0.017091 value_loss=1.956521
[iter=40080] rollout_mean_bb=11.1631 policy_loss=-0.005740 value_loss=1.943117
[iter=40085] rollout_mean_bb=8.6504 policy_loss=0.068162 value_loss=2.110211
[iter=40090] rollout_mean_bb=15.5596 policy_loss=-0.022038 value_loss=1.823261
[iter=40095] rollout_mean_bb=2.2969 policy_loss=-0.068371 value_loss=2.064716
[iter=40100] rollout_mean_bb=19.8184 policy_loss=0.009978 value_loss=1.646711
[iter=40105] rollout_mean_bb=15.4023 policy_loss=0.060085 value_loss=1.900823
[iter=40110] rollout_mean_bb=10.0186 policy_loss=-0.054089 value_loss=1.543794
[iter=40115] rollout_mean_bb=7.9258 policy_loss=0.007858 value_loss=1.661391
[iter=40120] rollout_mean_bb=14.2031 policy_loss=0.000397 value_loss=2.010558
[iter=40125] rollout_mean_bb=6.0664 policy_loss=-0.036988 value_loss=1.944768
[iter=40130] rollout_mean_bb=13.7461 policy_loss=0.013034 value_loss=1.857909
[iter=40135] rollout_mean_bb=15.1436 policy_loss=0.040055 value_loss=1.850683
[iter=40140] rollout_mean_bb=5.6885 policy_loss=-0.014727 value_loss=1.841200
[iter=40145] rollout_mean_bb=21.7637 policy_loss=0.063861 value_loss=1.646372
[iter=40150] rollout_mean_bb=10.6992 policy_loss=0.018219 value_loss=1.725350
[iter=40155] rollout_mean_bb=15.5586 policy_loss=-0.034963 value_loss=1.704397
[iter=40160] rollout_mean_bb=8.7910 policy_loss=0.001706 value_loss=1.642584
[iter=40165] rollout_mean_bb=8.7861 policy_loss=0.127418 value_loss=2.141912
[iter=40170] rollout_mean_bb=10.0869 policy_loss=0.024694 value_loss=1.968782
[iter=40175] rollout_mean_bb=9.4434 policy_loss=0.000301 value_loss=1.725783
[iter=40180] rollout_mean_bb=7.8379 policy_loss=-0.074094 value_loss=1.530092
[iter=40185] rollout_mean_bb=16.1533 policy_loss=0.047956 value_loss=1.746701
[iter=40190] rollout_mean_bb=11.3525 policy_loss=-0.023030 value_loss=1.865893
[iter=40195] rollout_mean_bb=10.5322 policy_loss=-0.044503 value_loss=1.809906
[iter=40200] rollout_mean_bb=14.8701 policy_loss=-0.009817 value_loss=1.695809
[iter=40205] rollout_mean_bb=13.8730 policy_loss=0.020454 value_loss=2.090590
[iter=40210] rollout_mean_bb=5.7490 policy_loss=-0.014513 value_loss=1.927532
[iter=40215] rollout_mean_bb=20.0332 policy_loss=-0.037985 value_loss=1.586389
[iter=40220] rollout_mean_bb=1.4932 policy_loss=0.038659 value_loss=2.117407
[iter=40225] rollout_mean_bb=24.1885 policy_loss=0.003745 value_loss=1.734636
[iter=40230] rollout_mean_bb=8.0391 policy_loss=-0.053471 value_loss=1.945807
[iter=40235] rollout_mean_bb=9.3799 policy_loss=-0.064459 value_loss=1.719195
[iter=40240] rollout_mean_bb=11.0918 policy_loss=-0.000971 value_loss=1.788926
[iter=40245] rollout_mean_bb=11.9092 policy_loss=-0.072205 value_loss=2.003802
[iter=40250] rollout_mean_bb=9.6875 policy_loss=0.065580 value_loss=2.085985
[iter=40255] rollout_mean_bb=12.0576 policy_loss=-0.044278 value_loss=1.577240
[iter=40260] rollout_mean_bb=19.6250 policy_loss=0.049677 value_loss=1.808851
[iter=40265] rollout_mean_bb=13.4395 policy_loss=-0.021687 value_loss=1.744912
[iter=40270] rollout_mean_bb=13.2500 policy_loss=0.009217 value_loss=1.578305
[iter=40275] rollout_mean_bb=16.8340 policy_loss=0.107568 value_loss=1.859809
[iter=40280] rollout_mean_bb=9.7793 policy_loss=0.041544 value_loss=2.074690
[iter=40285] rollout_mean_bb=19.6514 policy_loss=0.065341 value_loss=2.036587
[iter=40290] rollout_mean_bb=16.0928 policy_loss=-0.009966 value_loss=1.647079
[iter=40295] rollout_mean_bb=14.4199 policy_loss=-0.053593 value_loss=1.458019
[iter=40300] rollout_mean_bb=11.2168 policy_loss=-0.021456 value_loss=1.753045
[iter=40305] rollout_mean_bb=20.8330 policy_loss=-0.030356 value_loss=1.580484
[iter=40310] rollout_mean_bb=20.4131 policy_loss=0.014997 value_loss=1.546445
[iter=40315] rollout_mean_bb=12.8496 policy_loss=-0.079199 value_loss=1.509557
[iter=40320] rollout_mean_bb=5.5908 policy_loss=-0.059744 value_loss=1.771889
[iter=40325] rollout_mean_bb=6.3965 policy_loss=-0.037322 value_loss=1.776214
[iter=40330] rollout_mean_bb=10.3164 policy_loss=0.012124 value_loss=1.847437
[iter=40335] rollout_mean_bb=11.3340 policy_loss=-0.064257 value_loss=1.801462
[iter=40340] rollout_mean_bb=6.4775 policy_loss=0.019699 value_loss=1.824844
[iter=40345] rollout_mean_bb=17.2451 policy_loss=0.026640 value_loss=1.915652
[iter=40350] rollout_mean_bb=9.9814 policy_loss=0.013258 value_loss=1.786461
[iter=40355] rollout_mean_bb=5.6318 policy_loss=-0.031560 value_loss=1.713271
[iter=40360] rollout_mean_bb=19.4736 policy_loss=0.102367 value_loss=2.053138
[iter=40365] rollout_mean_bb=12.5938 policy_loss=-0.094432 value_loss=1.382838
[iter=40370] rollout_mean_bb=13.5000 policy_loss=0.052505 value_loss=1.863984
[iter=40375] rollout_mean_bb=19.0977 policy_loss=0.036295 value_loss=1.953601
[iter=40380] rollout_mean_bb=11.9971 policy_loss=0.038316 value_loss=1.909297
[iter=40385] rollout_mean_bb=5.9219 policy_loss=0.028827 value_loss=1.884721
[iter=40390] rollout_mean_bb=4.4414 policy_loss=-0.042159 value_loss=1.890789
[iter=40395] rollout_mean_bb=18.2949 policy_loss=-0.038282 value_loss=1.690284
[iter=40400] rollout_mean_bb=22.5352 policy_loss=0.063145 value_loss=1.659242
[iter=40405] rollout_mean_bb=19.4658 policy_loss=-0.031776 value_loss=1.747060
[iter=40410] rollout_mean_bb=17.3496 policy_loss=-0.012538 value_loss=1.847014
[iter=40415] rollout_mean_bb=11.5879 policy_loss=-0.049983 value_loss=1.561974
[iter=40420] rollout_mean_bb=20.3496 policy_loss=-0.008872 value_loss=1.914708
[iter=40425] rollout_mean_bb=13.1523 policy_loss=-0.007347 value_loss=1.750552
[iter=40430] rollout_mean_bb=17.7500 policy_loss=0.011703 value_loss=1.834660
[iter=40435] rollout_mean_bb=9.1328 policy_loss=-0.039731 value_loss=1.440573
[iter=40440] rollout_mean_bb=6.7051 policy_loss=-0.010572 value_loss=1.913394
[iter=40445] rollout_mean_bb=10.3848 policy_loss=-0.033881 value_loss=1.700056
[iter=40450] rollout_mean_bb=-0.5547 policy_loss=0.001633 value_loss=2.018885
[iter=40455] rollout_mean_bb=7.6016 policy_loss=-0.038564 value_loss=1.863673
[iter=40460] rollout_mean_bb=17.1230 policy_loss=0.019468 value_loss=1.776415
[iter=40465] rollout_mean_bb=15.4932 policy_loss=0.008376 value_loss=1.638578
[iter=40470] rollout_mean_bb=16.0967 policy_loss=-0.001489 value_loss=1.871255
[iter=40475] rollout_mean_bb=20.7217 policy_loss=-0.047689 value_loss=1.479222
[iter=40480] rollout_mean_bb=16.5869 policy_loss=0.009476 value_loss=1.825107
[iter=40485] rollout_mean_bb=9.0430 policy_loss=0.024512 value_loss=1.928186
[iter=40490] rollout_mean_bb=20.5498 policy_loss=0.079183 value_loss=1.783178
[iter=40495] rollout_mean_bb=7.8516 policy_loss=0.023421 value_loss=1.880388
[iter=40500] rollout_mean_bb=12.7832 policy_loss=0.033483 value_loss=1.778907
[iter=40505] rollout_mean_bb=3.2803 policy_loss=-0.040663 value_loss=2.001450
[iter=40510] rollout_mean_bb=21.2832 policy_loss=0.076467 value_loss=2.070024
[iter=40515] rollout_mean_bb=6.7490 policy_loss=-0.027791 value_loss=1.649339
[iter=40520] rollout_mean_bb=5.3379 policy_loss=0.023743 value_loss=2.030399
[iter=40525] rollout_mean_bb=11.9414 policy_loss=-0.002357 value_loss=1.817629
[iter=40530] rollout_mean_bb=21.9121 policy_loss=0.071715 value_loss=1.462582
[iter=40535] rollout_mean_bb=4.7754 policy_loss=0.004451 value_loss=2.075344
[iter=40540] rollout_mean_bb=14.1416 policy_loss=0.107601 value_loss=1.947937
[iter=40545] rollout_mean_bb=11.3350 policy_loss=0.000604 value_loss=1.926854
[iter=40550] rollout_mean_bb=7.4766 policy_loss=-0.052677 value_loss=1.957851
[iter=40555] rollout_mean_bb=20.2168 policy_loss=0.021756 value_loss=1.797725
[iter=40560] rollout_mean_bb=20.1016 policy_loss=-0.020971 value_loss=1.478155
[iter=40565] rollout_mean_bb=17.7744 policy_loss=0.011371 value_loss=2.008986
[iter=40570] rollout_mean_bb=9.7324 policy_loss=-0.011236 value_loss=1.592386
[iter=40575] rollout_mean_bb=22.8135 policy_loss=0.018939 value_loss=1.515759
[iter=40580] rollout_mean_bb=6.0703 policy_loss=0.021805 value_loss=1.809171
[iter=40585] rollout_mean_bb=9.6826 policy_loss=0.006882 value_loss=1.843263
[iter=40590] rollout_mean_bb=9.5664 policy_loss=-0.038480 value_loss=1.482802
[iter=40595] rollout_mean_bb=10.6553 policy_loss=-0.024136 value_loss=2.009587
[iter=40600] rollout_mean_bb=14.9424 policy_loss=0.003980 value_loss=1.562125
[iter=40605] rollout_mean_bb=23.2080 policy_loss=0.034674 value_loss=1.736997
[iter=40610] rollout_mean_bb=11.6660 policy_loss=0.002012 value_loss=1.748700
[iter=40615] rollout_mean_bb=6.6914 policy_loss=0.010082 value_loss=2.003162
[iter=40620] rollout_mean_bb=10.9023 policy_loss=0.012783 value_loss=1.886760
[iter=40625] rollout_mean_bb=14.9463 policy_loss=0.018831 value_loss=1.969392
[iter=40630] rollout_mean_bb=14.4141 policy_loss=0.029595 value_loss=1.816437
[iter=40635] rollout_mean_bb=19.1396 policy_loss=0.105760 value_loss=1.968120
[iter=40640] rollout_mean_bb=6.6230 policy_loss=-0.012828 value_loss=1.918175
[iter=40645] rollout_mean_bb=13.5830 policy_loss=0.066316 value_loss=1.824284
[iter=40650] rollout_mean_bb=11.8213 policy_loss=-0.002171 value_loss=1.862854
[iter=40655] rollout_mean_bb=18.3066 policy_loss=-0.033055 value_loss=1.692553
[iter=40660] rollout_mean_bb=15.2363 policy_loss=0.047198 value_loss=1.712870
[iter=40665] rollout_mean_bb=5.5869 policy_loss=-0.030675 value_loss=1.902528
[iter=40670] rollout_mean_bb=-1.4268 policy_loss=0.012518 value_loss=2.230220
[iter=40675] rollout_mean_bb=14.1699 policy_loss=0.028630 value_loss=1.932626
[iter=40680] rollout_mean_bb=22.0488 policy_loss=-0.003558 value_loss=1.414903
[iter=40685] rollout_mean_bb=9.7109 policy_loss=-0.008726 value_loss=2.042659
[iter=40690] rollout_mean_bb=7.7197 policy_loss=0.019381 value_loss=1.774973
[iter=40695] rollout_mean_bb=12.8418 policy_loss=-0.010604 value_loss=2.070875
[iter=40700] rollout_mean_bb=8.0107 policy_loss=0.002712 value_loss=1.836791
[iter=40705] rollout_mean_bb=12.5156 policy_loss=0.034452 value_loss=1.838161
[iter=40710] rollout_mean_bb=21.7129 policy_loss=0.053469 value_loss=1.998631
[iter=40715] rollout_mean_bb=15.3203 policy_loss=-0.042022 value_loss=1.399543
[iter=40720] rollout_mean_bb=16.5166 policy_loss=-0.025631 value_loss=1.862640
[iter=40725] rollout_mean_bb=8.1016 policy_loss=0.071182 value_loss=2.085454
[iter=40730] rollout_mean_bb=29.4863 policy_loss=0.022783 value_loss=1.614600
[iter=40735] rollout_mean_bb=5.1904 policy_loss=0.026703 value_loss=2.145446
[iter=40740] rollout_mean_bb=13.0195 policy_loss=-0.035147 value_loss=1.634510
[iter=40745] rollout_mean_bb=15.9365 policy_loss=-0.091758 value_loss=1.437088
[iter=40750] rollout_mean_bb=14.3896 policy_loss=0.014041 value_loss=1.826869
[iter=40755] rollout_mean_bb=14.0605 policy_loss=0.047141 value_loss=2.110802
[iter=40760] rollout_mean_bb=-0.2842 policy_loss=0.016781 value_loss=2.133016
[iter=40765] rollout_mean_bb=5.3965 policy_loss=0.016271 value_loss=1.957431
[iter=40770] rollout_mean_bb=6.6562 policy_loss=-0.034150 value_loss=1.902405
[iter=40775] rollout_mean_bb=13.2598 policy_loss=-0.002274 value_loss=1.755320
[iter=40780] rollout_mean_bb=10.8965 policy_loss=-0.058105 value_loss=1.845511
[iter=40785] rollout_mean_bb=16.1182 policy_loss=0.035619 value_loss=1.655039
[iter=40790] rollout_mean_bb=5.0693 policy_loss=0.006704 value_loss=2.155157
[iter=40795] rollout_mean_bb=13.1426 policy_loss=0.041504 value_loss=1.749641
[iter=40800] rollout_mean_bb=10.6963 policy_loss=-0.015976 value_loss=1.725909
[iter=40805] rollout_mean_bb=8.1426 policy_loss=-0.006036 value_loss=2.049795
[iter=40810] rollout_mean_bb=21.6670 policy_loss=0.054102 value_loss=1.888994
[iter=40815] rollout_mean_bb=9.3682 policy_loss=0.029333 value_loss=1.752712
[iter=40820] rollout_mean_bb=20.0371 policy_loss=0.016869 value_loss=1.692186
[iter=40825] rollout_mean_bb=14.2402 policy_loss=0.057216 value_loss=1.846330
[iter=40830] rollout_mean_bb=13.8652 policy_loss=0.097514 value_loss=1.811494
[iter=40835] rollout_mean_bb=15.3496 policy_loss=-0.072837 value_loss=1.782642
[iter=40840] rollout_mean_bb=13.5088 policy_loss=0.048495 value_loss=1.839541
[iter=40845] rollout_mean_bb=18.4873 policy_loss=-0.027999 value_loss=1.648517
[iter=40850] rollout_mean_bb=7.6396 policy_loss=0.016944 value_loss=1.939034
[iter=40855] rollout_mean_bb=16.9766 policy_loss=0.066530 value_loss=1.860193
[iter=40860] rollout_mean_bb=13.3848 policy_loss=0.006963 value_loss=1.813340
[iter=40865] rollout_mean_bb=11.5928 policy_loss=0.001628 value_loss=1.671367
[iter=40870] rollout_mean_bb=6.3535 policy_loss=-0.063955 value_loss=1.694310
[iter=40875] rollout_mean_bb=6.3330 policy_loss=0.031540 value_loss=2.022194
[iter=40880] rollout_mean_bb=10.5898 policy_loss=0.000276 value_loss=1.692097
[iter=40885] rollout_mean_bb=6.1963 policy_loss=0.017238 value_loss=1.998680
[iter=40890] rollout_mean_bb=18.3721 policy_loss=-0.001280 value_loss=1.760833
[iter=40895] rollout_mean_bb=2.4678 policy_loss=-0.032699 value_loss=1.793502
[iter=40900] rollout_mean_bb=12.5762 policy_loss=0.025892 value_loss=1.945867
[iter=40905] rollout_mean_bb=16.4863 policy_loss=0.014459 value_loss=1.803569
[iter=40910] rollout_mean_bb=19.9502 policy_loss=0.010276 value_loss=1.688034
[iter=40915] rollout_mean_bb=12.5254 policy_loss=-0.016662 value_loss=1.593127
[iter=40920] rollout_mean_bb=5.9990 policy_loss=0.025843 value_loss=2.032771
[iter=40925] rollout_mean_bb=13.9941 policy_loss=0.019108 value_loss=1.696585
[iter=40930] rollout_mean_bb=24.4277 policy_loss=-0.023117 value_loss=1.634554
[iter=40935] rollout_mean_bb=14.6338 policy_loss=0.013440 value_loss=1.762033
[iter=40940] rollout_mean_bb=17.3457 policy_loss=-0.000861 value_loss=1.631238
[iter=40945] rollout_mean_bb=6.9697 policy_loss=0.018105 value_loss=1.680461
[iter=40950] rollout_mean_bb=8.8232 policy_loss=0.017072 value_loss=1.754414
[iter=40955] rollout_mean_bb=13.1143 policy_loss=-0.085544 value_loss=1.704336
[iter=40960] rollout_mean_bb=12.9502 policy_loss=0.016961 value_loss=1.989640
[iter=40965] rollout_mean_bb=17.0342 policy_loss=-0.079178 value_loss=1.569056
[iter=40970] rollout_mean_bb=8.8545 policy_loss=-0.026962 value_loss=1.497789
[iter=40975] rollout_mean_bb=20.9043 policy_loss=0.015032 value_loss=1.510246
[iter=40980] rollout_mean_bb=12.1426 policy_loss=-0.018935 value_loss=1.805796
[iter=40985] rollout_mean_bb=19.9561 policy_loss=-0.080417 value_loss=1.488151
[iter=40990] rollout_mean_bb=5.2959 policy_loss=0.030535 value_loss=1.910092
[iter=40995] rollout_mean_bb=4.6787 policy_loss=-0.102304 value_loss=1.835478
[iter=41000] rollout_mean_bb=-1.0605 policy_loss=0.000458 value_loss=2.102363
[iter=41005] rollout_mean_bb=19.0674 policy_loss=0.072290 value_loss=1.868597
[iter=41010] rollout_mean_bb=11.9043 policy_loss=0.060042 value_loss=1.670689
[iter=41015] rollout_mean_bb=8.8281 policy_loss=-0.010803 value_loss=1.787506
[iter=41020] rollout_mean_bb=7.1533 policy_loss=-0.028736 value_loss=1.772345
[iter=41025] rollout_mean_bb=10.9297 policy_loss=-0.008811 value_loss=1.767549
[iter=41030] rollout_mean_bb=11.4990 policy_loss=-0.042954 value_loss=1.522742
[iter=41035] rollout_mean_bb=15.5078 policy_loss=0.028688 value_loss=1.895611
[iter=41040] rollout_mean_bb=11.7109 policy_loss=0.011605 value_loss=1.796516
[iter=41045] rollout_mean_bb=13.0186 policy_loss=-0.001322 value_loss=1.857027
[iter=41050] rollout_mean_bb=18.1396 policy_loss=0.032926 value_loss=1.538291
[iter=41055] rollout_mean_bb=23.0576 policy_loss=0.063595 value_loss=1.787654
[iter=41060] rollout_mean_bb=21.7842 policy_loss=0.053997 value_loss=1.803157
[iter=41065] rollout_mean_bb=8.8721 policy_loss=-0.017640 value_loss=1.824455
[iter=41070] rollout_mean_bb=9.4629 policy_loss=-0.020353 value_loss=1.700664
[iter=41075] rollout_mean_bb=22.7041 policy_loss=0.003202 value_loss=1.584317
[iter=41080] rollout_mean_bb=16.9863 policy_loss=-0.005528 value_loss=1.488717
[iter=41085] rollout_mean_bb=15.5986 policy_loss=0.007157 value_loss=1.740862
[iter=41090] rollout_mean_bb=7.8057 policy_loss=0.045770 value_loss=1.950491
[iter=41095] rollout_mean_bb=16.0518 policy_loss=-0.087544 value_loss=1.584469
[iter=41100] rollout_mean_bb=13.1416 policy_loss=0.006313 value_loss=1.728515
[iter=41105] rollout_mean_bb=13.4141 policy_loss=0.041008 value_loss=2.088149
[iter=41110] rollout_mean_bb=9.4482 policy_loss=0.077267 value_loss=2.050214
[iter=41115] rollout_mean_bb=19.1240 policy_loss=0.033800 value_loss=1.670473
[iter=41120] rollout_mean_bb=10.3584 policy_loss=-0.013871 value_loss=1.946179
[iter=41125] rollout_mean_bb=16.7793 policy_loss=0.017611 value_loss=1.598687
[iter=41130] rollout_mean_bb=14.7881 policy_loss=-0.041829 value_loss=1.646869
[iter=41135] rollout_mean_bb=14.3555 policy_loss=0.029906 value_loss=1.849097
[iter=41140] rollout_mean_bb=27.1211 policy_loss=0.015010 value_loss=1.349854
[iter=41145] rollout_mean_bb=11.3564 policy_loss=-0.009938 value_loss=1.801594
[iter=41150] rollout_mean_bb=13.2373 policy_loss=-0.010957 value_loss=1.610709
[iter=41155] rollout_mean_bb=16.7510 policy_loss=-0.012615 value_loss=1.599319
[iter=41160] rollout_mean_bb=10.1484 policy_loss=0.029233 value_loss=1.742338
[iter=41165] rollout_mean_bb=8.2646 policy_loss=-0.012909 value_loss=1.821557
[iter=41170] rollout_mean_bb=6.9502 policy_loss=0.070188 value_loss=1.905791
[iter=41175] rollout_mean_bb=12.9971 policy_loss=0.008895 value_loss=1.717217
[iter=41180] rollout_mean_bb=8.6123 policy_loss=0.005513 value_loss=1.747499
[iter=41185] rollout_mean_bb=14.8320 policy_loss=-0.035553 value_loss=1.490441
[iter=41190] rollout_mean_bb=10.1475 policy_loss=-0.007507 value_loss=2.071014
[iter=41195] rollout_mean_bb=12.2031 policy_loss=-0.145015 value_loss=1.520999
[iter=41200] rollout_mean_bb=10.9580 policy_loss=0.003015 value_loss=1.624433
[iter=41205] rollout_mean_bb=9.3740 policy_loss=0.017980 value_loss=2.206752
[iter=41210] rollout_mean_bb=10.8320 policy_loss=0.005856 value_loss=1.780850
[iter=41215] rollout_mean_bb=15.9121 policy_loss=-0.033789 value_loss=1.629043
[iter=41220] rollout_mean_bb=8.0215 policy_loss=0.058599 value_loss=2.030996
[iter=41225] rollout_mean_bb=11.4590 policy_loss=0.112911 value_loss=1.807969
[iter=41230] rollout_mean_bb=14.0371 policy_loss=0.012256 value_loss=1.887090
[iter=41235] rollout_mean_bb=15.9551 policy_loss=0.020534 value_loss=1.596655
[iter=41240] rollout_mean_bb=14.2148 policy_loss=-0.018346 value_loss=1.570524
[iter=41245] rollout_mean_bb=7.1436 policy_loss=-0.046874 value_loss=1.530978
[iter=41250] rollout_mean_bb=5.9629 policy_loss=0.025608 value_loss=1.733328
[iter=41255] rollout_mean_bb=11.5117 policy_loss=0.004338 value_loss=1.925755
[iter=41260] rollout_mean_bb=8.7891 policy_loss=0.003612 value_loss=1.888335
[iter=41265] rollout_mean_bb=13.5605 policy_loss=0.050671 value_loss=1.787232
[iter=41270] rollout_mean_bb=17.0381 policy_loss=0.078104 value_loss=1.621727
[iter=41275] rollout_mean_bb=13.7822 policy_loss=-0.031890 value_loss=1.601830
[iter=41280] rollout_mean_bb=6.4658 policy_loss=0.021577 value_loss=1.951185
[iter=41285] rollout_mean_bb=14.9229 policy_loss=-0.003078 value_loss=1.525789
[iter=41290] rollout_mean_bb=10.4775 policy_loss=0.082490 value_loss=2.016705
[iter=41295] rollout_mean_bb=15.7939 policy_loss=-0.040366 value_loss=1.614061
[iter=41300] rollout_mean_bb=3.5166 policy_loss=-0.015400 value_loss=1.795933
[iter=41305] rollout_mean_bb=16.5488 policy_loss=0.035169 value_loss=1.737518
[iter=41310] rollout_mean_bb=23.9756 policy_loss=0.065395 value_loss=1.560762
[iter=41315] rollout_mean_bb=10.9766 policy_loss=0.005950 value_loss=1.907538
[iter=41320] rollout_mean_bb=9.9834 policy_loss=-0.016860 value_loss=1.852241
[iter=41325] rollout_mean_bb=9.5859 policy_loss=-0.020371 value_loss=1.816465
[iter=41330] rollout_mean_bb=14.9092 policy_loss=-0.024408 value_loss=1.737173
[iter=41335] rollout_mean_bb=11.5068 policy_loss=0.018851 value_loss=1.741926
[iter=41340] rollout_mean_bb=20.3174 policy_loss=-0.003336 value_loss=1.479403
[iter=41345] rollout_mean_bb=16.6797 policy_loss=-0.068209 value_loss=1.721931
[iter=41350] rollout_mean_bb=10.8613 policy_loss=0.024554 value_loss=1.802342
[iter=41355] rollout_mean_bb=14.9004 policy_loss=0.055303 value_loss=1.980061
[iter=41360] rollout_mean_bb=19.4990 policy_loss=0.015366 value_loss=1.626454
[iter=41365] rollout_mean_bb=11.7744 policy_loss=-0.004599 value_loss=1.824533
[iter=41370] rollout_mean_bb=12.7393 policy_loss=-0.012594 value_loss=1.797525
[iter=41375] rollout_mean_bb=0.1758 policy_loss=-0.039650 value_loss=1.983686
[iter=41380] rollout_mean_bb=8.9629 policy_loss=-0.005429 value_loss=1.785777
[iter=41385] rollout_mean_bb=2.0879 policy_loss=0.027767 value_loss=2.043254
[iter=41390] rollout_mean_bb=11.5977 policy_loss=0.015356 value_loss=1.907819
[iter=41395] rollout_mean_bb=2.7803 policy_loss=-0.025648 value_loss=1.956924
[iter=41400] rollout_mean_bb=5.7500 policy_loss=-0.047758 value_loss=1.368497
[iter=41405] rollout_mean_bb=6.7471 policy_loss=0.061952 value_loss=2.168362
[iter=41410] rollout_mean_bb=8.2021 policy_loss=0.056926 value_loss=1.993299
[iter=41415] rollout_mean_bb=18.2334 policy_loss=-0.008249 value_loss=1.604120
[iter=41420] rollout_mean_bb=14.8389 policy_loss=0.050501 value_loss=1.851586
[iter=41425] rollout_mean_bb=13.8145 policy_loss=-0.026436 value_loss=1.717949
[iter=41430] rollout_mean_bb=22.4580 policy_loss=0.118394 value_loss=1.899905
[iter=41435] rollout_mean_bb=6.5137 policy_loss=0.000629 value_loss=1.921704
[iter=41440] rollout_mean_bb=17.5430 policy_loss=0.026046 value_loss=1.616089
[iter=41445] rollout_mean_bb=14.9717 policy_loss=-0.025651 value_loss=1.753893
[iter=41450] rollout_mean_bb=19.2500 policy_loss=-0.099563 value_loss=1.431525
[iter=41455] rollout_mean_bb=25.4951 policy_loss=-0.000999 value_loss=1.407916
[iter=41460] rollout_mean_bb=14.0166 policy_loss=0.006221 value_loss=1.706994
[iter=41465] rollout_mean_bb=9.0596 policy_loss=0.056654 value_loss=1.885482
[iter=41470] rollout_mean_bb=12.4492 policy_loss=0.009904 value_loss=1.804031
[iter=41475] rollout_mean_bb=18.4355 policy_loss=0.009608 value_loss=1.667852
[iter=41480] rollout_mean_bb=14.8535 policy_loss=-0.016888 value_loss=1.683206
[iter=41485] rollout_mean_bb=7.2207 policy_loss=0.005462 value_loss=1.866893
[iter=41490] rollout_mean_bb=8.6611 policy_loss=0.023560 value_loss=1.838235
[iter=41495] rollout_mean_bb=15.5791 policy_loss=-0.024149 value_loss=1.683070
[iter=41500] rollout_mean_bb=11.7871 policy_loss=-0.003014 value_loss=1.690677
[iter=41505] rollout_mean_bb=3.9111 policy_loss=-0.088880 value_loss=2.009849
[iter=41510] rollout_mean_bb=14.1436 policy_loss=-0.035751 value_loss=1.394328
[iter=41515] rollout_mean_bb=14.9600 policy_loss=-0.049858 value_loss=1.474144
[iter=41520] rollout_mean_bb=12.3516 policy_loss=0.115399 value_loss=2.133900
[iter=41525] rollout_mean_bb=10.9727 policy_loss=0.007830 value_loss=1.987287
[iter=41530] rollout_mean_bb=16.5693 policy_loss=0.020877 value_loss=1.714208
[iter=41535] rollout_mean_bb=13.3047 policy_loss=0.010522 value_loss=2.117105
[iter=41540] rollout_mean_bb=7.1035 policy_loss=-0.042941 value_loss=1.638932
[iter=41545] rollout_mean_bb=4.9883 policy_loss=0.029592 value_loss=2.078784
[iter=41550] rollout_mean_bb=6.1084 policy_loss=0.044839 value_loss=1.737255
[iter=41555] rollout_mean_bb=12.7920 policy_loss=0.011917 value_loss=1.725800
[iter=41560] rollout_mean_bb=13.2412 policy_loss=0.080256 value_loss=2.091308
[iter=41565] rollout_mean_bb=15.0361 policy_loss=0.004144 value_loss=1.766892
[iter=41570] rollout_mean_bb=20.0645 policy_loss=0.007832 value_loss=1.377892
[iter=41575] rollout_mean_bb=11.0391 policy_loss=0.059949 value_loss=1.876254
[iter=41580] rollout_mean_bb=7.9219 policy_loss=-0.037058 value_loss=1.711118
[iter=41585] rollout_mean_bb=19.5371 policy_loss=0.025807 value_loss=1.697428
[iter=41590] rollout_mean_bb=18.3691 policy_loss=0.041099 value_loss=1.711011
[iter=41595] rollout_mean_bb=8.2197 policy_loss=-0.001518 value_loss=1.775934
[iter=41600] rollout_mean_bb=7.2754 policy_loss=-0.037715 value_loss=1.682861
[iter=41605] rollout_mean_bb=17.4824 policy_loss=-0.015129 value_loss=1.682328
[iter=41610] rollout_mean_bb=18.4287 policy_loss=-0.021305 value_loss=1.630849
[iter=41615] rollout_mean_bb=8.8555 policy_loss=0.051759 value_loss=1.760903
[iter=41620] rollout_mean_bb=5.4951 policy_loss=0.029703 value_loss=2.057730
[iter=41625] rollout_mean_bb=17.7881 policy_loss=-0.001190 value_loss=1.593963
[iter=41630] rollout_mean_bb=16.3799 policy_loss=0.011226 value_loss=1.526991
[iter=41635] rollout_mean_bb=11.0332 policy_loss=0.001860 value_loss=1.790720
[iter=41640] rollout_mean_bb=20.6641 policy_loss=0.096880 value_loss=2.214769
[iter=41645] rollout_mean_bb=12.1328 policy_loss=-0.065363 value_loss=1.542387
[iter=41650] rollout_mean_bb=13.2119 policy_loss=0.002882 value_loss=1.650719
[iter=41655] rollout_mean_bb=8.4785 policy_loss=0.008874 value_loss=1.751280
[iter=41660] rollout_mean_bb=18.5801 policy_loss=-0.027126 value_loss=1.595581
[iter=41665] rollout_mean_bb=16.5342 policy_loss=-0.023699 value_loss=1.354750
[iter=41670] rollout_mean_bb=12.9346 policy_loss=0.002435 value_loss=1.781155
[iter=41675] rollout_mean_bb=9.2910 policy_loss=-0.019201 value_loss=1.640878
[iter=41680] rollout_mean_bb=15.4150 policy_loss=0.053515 value_loss=1.856305
[iter=41685] rollout_mean_bb=4.6172 policy_loss=-0.074135 value_loss=1.805728
[iter=41690] rollout_mean_bb=26.8291 policy_loss=0.001453 value_loss=1.594506
[iter=41695] rollout_mean_bb=12.5674 policy_loss=0.075094 value_loss=1.897782
[iter=41700] rollout_mean_bb=10.6465 policy_loss=0.029060 value_loss=1.407854
[iter=41705] rollout_mean_bb=12.6201 policy_loss=0.031850 value_loss=2.028653
[iter=41710] rollout_mean_bb=10.6230 policy_loss=0.046658 value_loss=2.100073
[iter=41715] rollout_mean_bb=15.7852 policy_loss=0.047663 value_loss=1.545941
[iter=41720] rollout_mean_bb=15.3018 policy_loss=0.010444 value_loss=1.797138
[iter=41725] rollout_mean_bb=15.1074 policy_loss=0.000706 value_loss=1.724439
[iter=41730] rollout_mean_bb=13.6641 policy_loss=-0.012738 value_loss=1.596574
[iter=41735] rollout_mean_bb=20.6719 policy_loss=0.013373 value_loss=1.684214
[iter=41740] rollout_mean_bb=17.2080 policy_loss=0.002754 value_loss=1.647768
[iter=41745] rollout_mean_bb=7.4053 policy_loss=0.003746 value_loss=1.861788
[iter=41750] rollout_mean_bb=15.9688 policy_loss=-0.002570 value_loss=1.543773
[iter=41755] rollout_mean_bb=15.6396 policy_loss=0.000491 value_loss=1.811650
[iter=41760] rollout_mean_bb=5.1016 policy_loss=-0.007979 value_loss=1.910923
[iter=41765] rollout_mean_bb=18.8027 policy_loss=-0.055475 value_loss=1.487793
[iter=41770] rollout_mean_bb=18.8438 policy_loss=-0.017160 value_loss=1.572807
[iter=41775] rollout_mean_bb=16.2500 policy_loss=-0.026632 value_loss=1.662689
[iter=41780] rollout_mean_bb=15.2520 policy_loss=0.119194 value_loss=1.911960
[iter=41785] rollout_mean_bb=12.8291 policy_loss=0.078406 value_loss=1.854793
[iter=41790] rollout_mean_bb=25.6953 policy_loss=0.028309 value_loss=1.634287
[iter=41795] rollout_mean_bb=16.6426 policy_loss=0.110907 value_loss=2.097528
[iter=41800] rollout_mean_bb=12.6562 policy_loss=0.014568 value_loss=1.763378
[iter=41805] rollout_mean_bb=13.2822 policy_loss=0.028797 value_loss=1.920456
[iter=41810] rollout_mean_bb=19.7900 policy_loss=0.007205 value_loss=1.704078
[iter=41815] rollout_mean_bb=21.1777 policy_loss=0.041924 value_loss=1.560469
[iter=41820] rollout_mean_bb=7.9980 policy_loss=0.028671 value_loss=1.696813
[iter=41825] rollout_mean_bb=22.3242 policy_loss=-0.008632 value_loss=1.582286
[iter=41830] rollout_mean_bb=16.9678 policy_loss=0.086729 value_loss=1.922778
[iter=41835] rollout_mean_bb=16.8760 policy_loss=-0.002961 value_loss=1.779292
[iter=41840] rollout_mean_bb=14.6064 policy_loss=-0.003097 value_loss=1.473607
[iter=41845] rollout_mean_bb=18.5947 policy_loss=0.014802 value_loss=1.829255
[iter=41850] rollout_mean_bb=4.3867 policy_loss=0.046996 value_loss=2.005240
[iter=41855] rollout_mean_bb=11.4199 policy_loss=0.158992 value_loss=2.284872
[iter=41860] rollout_mean_bb=8.5293 policy_loss=0.011582 value_loss=1.905603
[iter=41865] rollout_mean_bb=16.6299 policy_loss=0.094472 value_loss=1.784061
[iter=41870] rollout_mean_bb=17.0176 policy_loss=-0.046276 value_loss=1.383892
[iter=41875] rollout_mean_bb=17.1758 policy_loss=-0.073827 value_loss=1.596520
[iter=41880] rollout_mean_bb=9.9473 policy_loss=0.049365 value_loss=1.977943
[iter=41885] rollout_mean_bb=11.0615 policy_loss=0.032401 value_loss=1.802968
[iter=41890] rollout_mean_bb=4.4551 policy_loss=-0.047872 value_loss=1.890479
[iter=41895] rollout_mean_bb=10.5859 policy_loss=-0.036559 value_loss=1.859004
[iter=41900] rollout_mean_bb=13.9219 policy_loss=0.029401 value_loss=1.513271
[iter=41905] rollout_mean_bb=20.4541 policy_loss=0.044065 value_loss=1.771830
[iter=41910] rollout_mean_bb=19.4805 policy_loss=-0.011061 value_loss=1.589568
[iter=41915] rollout_mean_bb=14.7490 policy_loss=0.016023 value_loss=1.924182
[iter=41920] rollout_mean_bb=8.0176 policy_loss=-0.029575 value_loss=2.029289
[iter=41925] rollout_mean_bb=9.9600 policy_loss=-0.004042 value_loss=1.806872
[iter=41930] rollout_mean_bb=10.6318 policy_loss=-0.000814 value_loss=1.821572
[iter=41935] rollout_mean_bb=16.7334 policy_loss=0.013596 value_loss=1.566240
[iter=41940] rollout_mean_bb=16.9756 policy_loss=0.000933 value_loss=1.677741
[iter=41945] rollout_mean_bb=13.3818 policy_loss=0.009498 value_loss=1.677112
[iter=41950] rollout_mean_bb=12.9092 policy_loss=0.019348 value_loss=1.698003
[iter=41955] rollout_mean_bb=7.9883 policy_loss=0.017483 value_loss=1.924323
[iter=41960] rollout_mean_bb=6.4736 policy_loss=-0.004922 value_loss=1.965777
[iter=41965] rollout_mean_bb=9.1631 policy_loss=-0.007154 value_loss=1.817018
[iter=41970] rollout_mean_bb=12.0029 policy_loss=-0.080697 value_loss=1.822744
[iter=41975] rollout_mean_bb=12.2539 policy_loss=0.056164 value_loss=2.308968
[iter=41980] rollout_mean_bb=16.1328 policy_loss=0.012112 value_loss=1.789877
[iter=41985] rollout_mean_bb=8.6738 policy_loss=0.020805 value_loss=1.862204
[iter=41990] rollout_mean_bb=12.9570 policy_loss=0.011433 value_loss=2.021518
[iter=41995] rollout_mean_bb=18.5381 policy_loss=-0.035244 value_loss=1.687092
[iter=42000] rollout_mean_bb=2.7207 policy_loss=0.005769 value_loss=1.895643
[iter=42005] rollout_mean_bb=16.3916 policy_loss=-0.013490 value_loss=1.984205
[iter=42010] rollout_mean_bb=11.8291 policy_loss=-0.002147 value_loss=1.898177
[iter=42015] rollout_mean_bb=9.0381 policy_loss=0.002106 value_loss=1.715736
[iter=42020] rollout_mean_bb=3.3105 policy_loss=0.005082 value_loss=2.055231
[iter=42025] rollout_mean_bb=13.1289 policy_loss=-0.038116 value_loss=1.756504
[iter=42030] rollout_mean_bb=21.7031 policy_loss=0.033517 value_loss=1.811047
[iter=42035] rollout_mean_bb=13.2236 policy_loss=-0.035230 value_loss=1.818152
[iter=42040] rollout_mean_bb=19.6602 policy_loss=0.010945 value_loss=1.644299
[iter=42045] rollout_mean_bb=10.0928 policy_loss=-0.002302 value_loss=1.706618
[iter=42050] rollout_mean_bb=7.3535 policy_loss=0.007171 value_loss=1.817634
[iter=42055] rollout_mean_bb=10.3008 policy_loss=0.001912 value_loss=1.537701
[iter=42060] rollout_mean_bb=9.5596 policy_loss=0.039471 value_loss=2.234163
[iter=42065] rollout_mean_bb=17.1865 policy_loss=0.048170 value_loss=1.754791
[iter=42070] rollout_mean_bb=12.5762 policy_loss=0.006071 value_loss=1.935178
[iter=42075] rollout_mean_bb=15.7373 policy_loss=-0.016931 value_loss=1.549149
[iter=42080] rollout_mean_bb=13.3643 policy_loss=0.003051 value_loss=1.673763
[iter=42085] rollout_mean_bb=13.6123 policy_loss=-0.000163 value_loss=1.582828
[iter=42090] rollout_mean_bb=6.8301 policy_loss=0.065898 value_loss=2.213618
[iter=42095] rollout_mean_bb=22.7031 policy_loss=0.061012 value_loss=1.468550
[iter=42100] rollout_mean_bb=18.5732 policy_loss=0.034088 value_loss=1.635329
[iter=42105] rollout_mean_bb=6.6641 policy_loss=0.006885 value_loss=1.784705
[iter=42110] rollout_mean_bb=19.5742 policy_loss=-0.021026 value_loss=1.423533
[iter=42115] rollout_mean_bb=15.8779 policy_loss=0.026246 value_loss=1.552007
[iter=42120] rollout_mean_bb=16.6006 policy_loss=0.003055 value_loss=1.825501
[iter=42125] rollout_mean_bb=12.1221 policy_loss=0.126126 value_loss=1.879617
[iter=42130] rollout_mean_bb=14.0352 policy_loss=0.019086 value_loss=1.703604
[iter=42135] rollout_mean_bb=11.9170 policy_loss=0.024443 value_loss=1.795303
[iter=42140] rollout_mean_bb=14.2715 policy_loss=-0.044295 value_loss=1.742873
[iter=42145] rollout_mean_bb=9.8281 policy_loss=-0.006098 value_loss=1.810780
[iter=42150] rollout_mean_bb=22.7070 policy_loss=0.077869 value_loss=1.842123
[iter=42155] rollout_mean_bb=7.6982 policy_loss=0.024479 value_loss=1.903766
[iter=42160] rollout_mean_bb=9.0381 policy_loss=0.122450 value_loss=2.026878
[iter=42165] rollout_mean_bb=9.9121 policy_loss=0.073085 value_loss=1.779647
[iter=42170] rollout_mean_bb=16.7305 policy_loss=-0.012881 value_loss=1.934363
[iter=42175] rollout_mean_bb=14.8643 policy_loss=-0.066521 value_loss=1.750888
[iter=42180] rollout_mean_bb=7.5508 policy_loss=-0.079742 value_loss=1.581678
[iter=42185] rollout_mean_bb=5.3545 policy_loss=0.016345 value_loss=2.017654
[iter=42190] rollout_mean_bb=17.0059 policy_loss=-0.043187 value_loss=1.646966
[iter=42195] rollout_mean_bb=9.8574 policy_loss=0.034649 value_loss=1.994554
[iter=42200] rollout_mean_bb=11.2197 policy_loss=-0.027235 value_loss=1.729066
[iter=42205] rollout_mean_bb=9.8193 policy_loss=-0.051213 value_loss=1.689125
[iter=42210] rollout_mean_bb=23.1367 policy_loss=0.009924 value_loss=1.475387
[iter=42215] rollout_mean_bb=8.9590 policy_loss=-0.002250 value_loss=1.804035
[iter=42220] rollout_mean_bb=13.9941 policy_loss=0.015714 value_loss=1.690949
[iter=42225] rollout_mean_bb=13.1797 policy_loss=-0.009969 value_loss=1.806242
[iter=42230] rollout_mean_bb=12.5137 policy_loss=0.009725 value_loss=1.768079
[iter=42235] rollout_mean_bb=5.8271 policy_loss=-0.033106 value_loss=1.583685
[iter=42240] rollout_mean_bb=15.5742 policy_loss=0.004736 value_loss=1.716272
[iter=42245] rollout_mean_bb=18.4385 policy_loss=-0.039234 value_loss=1.444991
[iter=42250] rollout_mean_bb=13.6240 policy_loss=-0.015362 value_loss=1.890952
[iter=42255] rollout_mean_bb=6.4170 policy_loss=0.032186 value_loss=1.896932
[iter=42260] rollout_mean_bb=14.7471 policy_loss=0.046517 value_loss=1.962894
[iter=42265] rollout_mean_bb=14.5059 policy_loss=0.024763 value_loss=1.796701
[iter=42270] rollout_mean_bb=14.2002 policy_loss=-0.018323 value_loss=1.504026
[iter=42275] rollout_mean_bb=16.8877 policy_loss=-0.060069 value_loss=1.687070
[iter=42280] rollout_mean_bb=12.2988 policy_loss=0.005546 value_loss=1.559140
[iter=42285] rollout_mean_bb=12.0342 policy_loss=-0.014984 value_loss=1.742956
[iter=42290] rollout_mean_bb=13.8047 policy_loss=-0.046205 value_loss=1.681520
[iter=42295] rollout_mean_bb=16.0742 policy_loss=0.062816 value_loss=2.096638
[iter=42300] rollout_mean_bb=4.8584 policy_loss=0.022635 value_loss=2.019039
[iter=42305] rollout_mean_bb=17.6729 policy_loss=0.020993 value_loss=1.598905
[iter=42310] rollout_mean_bb=20.9980 policy_loss=0.001132 value_loss=1.399658
[iter=42315] rollout_mean_bb=14.1895 policy_loss=0.024173 value_loss=1.521135
[iter=42320] rollout_mean_bb=13.9873 policy_loss=-0.029792 value_loss=1.635594
[iter=42325] rollout_mean_bb=4.0674 policy_loss=-0.004765 value_loss=1.882106
[iter=42330] rollout_mean_bb=9.0752 policy_loss=-0.060982 value_loss=1.798098
[iter=42335] rollout_mean_bb=19.3115 policy_loss=-0.000544 value_loss=1.684847
[iter=42340] rollout_mean_bb=21.6689 policy_loss=0.005818 value_loss=1.562009
[iter=42345] rollout_mean_bb=11.9141 policy_loss=-0.016171 value_loss=1.544646
[iter=42350] rollout_mean_bb=8.7549 policy_loss=-0.028114 value_loss=1.621824
[iter=42355] rollout_mean_bb=14.5234 policy_loss=-0.001295 value_loss=1.570104
[iter=42360] rollout_mean_bb=13.1641 policy_loss=0.016256 value_loss=1.789053
[iter=42365] rollout_mean_bb=11.1416 policy_loss=0.013344 value_loss=1.957210
[iter=42370] rollout_mean_bb=26.3027 policy_loss=0.000737 value_loss=1.811460
[iter=42375] rollout_mean_bb=14.6094 policy_loss=-0.016400 value_loss=1.780884
[iter=42380] rollout_mean_bb=16.6377 policy_loss=-0.035506 value_loss=1.500003
[iter=42385] rollout_mean_bb=15.1289 policy_loss=0.027137 value_loss=1.597597
[iter=42390] rollout_mean_bb=8.7988 policy_loss=-0.027711 value_loss=1.779772
[iter=42395] rollout_mean_bb=15.1523 policy_loss=-0.003841 value_loss=1.643806
[iter=42400] rollout_mean_bb=12.8691 policy_loss=0.035047 value_loss=1.804889
[iter=42405] rollout_mean_bb=21.4355 policy_loss=0.056748 value_loss=1.887591
[iter=42410] rollout_mean_bb=17.4180 policy_loss=-0.007816 value_loss=1.402317
[iter=42415] rollout_mean_bb=12.2363 policy_loss=-0.061278 value_loss=1.797512
[iter=42420] rollout_mean_bb=12.8115 policy_loss=0.063928 value_loss=1.962649
[iter=42425] rollout_mean_bb=19.1465 policy_loss=-0.045663 value_loss=1.469062
[iter=42430] rollout_mean_bb=14.7334 policy_loss=0.015442 value_loss=1.616392
[iter=42435] rollout_mean_bb=27.8252 policy_loss=0.013502 value_loss=1.544178
[iter=42440] rollout_mean_bb=13.1406 policy_loss=0.014876 value_loss=1.582672
[iter=42445] rollout_mean_bb=9.9824 policy_loss=0.015459 value_loss=1.701000
[iter=42450] rollout_mean_bb=11.0078 policy_loss=0.003430 value_loss=1.631347
[iter=42455] rollout_mean_bb=11.0449 policy_loss=-0.066405 value_loss=1.436252
[iter=42460] rollout_mean_bb=10.9619 policy_loss=0.070156 value_loss=1.832303
[iter=42465] rollout_mean_bb=10.7871 policy_loss=0.123606 value_loss=2.213552
[iter=42470] rollout_mean_bb=17.5781 policy_loss=0.088258 value_loss=1.640203
[iter=42475] rollout_mean_bb=14.5703 policy_loss=-0.048075 value_loss=1.497376
[iter=42480] rollout_mean_bb=13.9150 policy_loss=0.022021 value_loss=1.700209
[iter=42485] rollout_mean_bb=19.1650 policy_loss=0.080513 value_loss=2.121519
[iter=42490] rollout_mean_bb=16.9346 policy_loss=-0.035263 value_loss=1.504799
[iter=42495] rollout_mean_bb=10.3027 policy_loss=0.064386 value_loss=1.551119
[iter=42500] rollout_mean_bb=13.5547 policy_loss=0.007460 value_loss=1.826938
[iter=42505] rollout_mean_bb=20.3232 policy_loss=0.000551 value_loss=1.628062
[iter=42510] rollout_mean_bb=18.0605 policy_loss=-0.058309 value_loss=1.553633
[iter=42515] rollout_mean_bb=18.1602 policy_loss=0.007512 value_loss=1.638363
[iter=42520] rollout_mean_bb=13.0498 policy_loss=0.015947 value_loss=1.804992
[iter=42525] rollout_mean_bb=21.6025 policy_loss=-0.000567 value_loss=1.370126
[iter=42530] rollout_mean_bb=9.2295 policy_loss=0.033915 value_loss=1.872834
[iter=42535] rollout_mean_bb=25.4951 policy_loss=-0.027666 value_loss=1.380742
[iter=42540] rollout_mean_bb=19.1816 policy_loss=0.015547 value_loss=1.746507
[iter=42545] rollout_mean_bb=15.4150 policy_loss=0.020955 value_loss=1.636769
[iter=42550] rollout_mean_bb=9.8730 policy_loss=-0.085087 value_loss=1.402361
[iter=42555] rollout_mean_bb=14.8828 policy_loss=0.025400 value_loss=1.764635
[iter=42560] rollout_mean_bb=15.6807 policy_loss=0.051535 value_loss=1.928187
[iter=42565] rollout_mean_bb=8.9502 policy_loss=0.074734 value_loss=1.677620
[iter=42570] rollout_mean_bb=12.3818 policy_loss=-0.121291 value_loss=1.350552
[iter=42575] rollout_mean_bb=4.5850 policy_loss=-0.005560 value_loss=1.602886
[iter=42580] rollout_mean_bb=10.3135 policy_loss=-0.015136 value_loss=1.587547
[iter=42585] rollout_mean_bb=17.7676 policy_loss=0.125354 value_loss=1.817415
[iter=42590] rollout_mean_bb=10.5742 policy_loss=0.010481 value_loss=1.631538
[iter=42595] rollout_mean_bb=16.6738 policy_loss=-0.083895 value_loss=1.345520
[iter=42600] rollout_mean_bb=18.1807 policy_loss=-0.067237 value_loss=1.416812
[iter=42605] rollout_mean_bb=13.1875 policy_loss=0.096184 value_loss=2.038851
[iter=42610] rollout_mean_bb=9.6602 policy_loss=-0.007432 value_loss=1.659419
[iter=42615] rollout_mean_bb=14.2969 policy_loss=0.072829 value_loss=1.992271
[iter=42620] rollout_mean_bb=10.8936 policy_loss=0.035801 value_loss=1.762172
[iter=42625] rollout_mean_bb=14.7646 policy_loss=-0.008981 value_loss=1.745684
[iter=42630] rollout_mean_bb=10.8008 policy_loss=0.015520 value_loss=1.803691
[iter=42635] rollout_mean_bb=23.9775 policy_loss=-0.058245 value_loss=1.464851
[iter=42640] rollout_mean_bb=14.3896 policy_loss=0.013878 value_loss=1.795810
[iter=42645] rollout_mean_bb=12.8945 policy_loss=0.038449 value_loss=1.887059
[iter=42650] rollout_mean_bb=15.4785 policy_loss=-0.018857 value_loss=1.581762
[iter=42655] rollout_mean_bb=7.2197 policy_loss=-0.009329 value_loss=1.555434
[iter=42660] rollout_mean_bb=8.9473 policy_loss=0.007833 value_loss=1.827914
[iter=42665] rollout_mean_bb=10.3086 policy_loss=-0.012084 value_loss=1.844043
[iter=42670] rollout_mean_bb=18.0010 policy_loss=-0.002020 value_loss=1.623633
[iter=42675] rollout_mean_bb=16.4258 policy_loss=0.012891 value_loss=1.792355
[iter=42680] rollout_mean_bb=12.3271 policy_loss=0.017945 value_loss=1.465544
[iter=42685] rollout_mean_bb=18.1787 policy_loss=-0.007618 value_loss=1.755590
[iter=42690] rollout_mean_bb=15.3076 policy_loss=0.010562 value_loss=1.799799
[iter=42695] rollout_mean_bb=6.8125 policy_loss=0.010347 value_loss=1.875016
[iter=42700] rollout_mean_bb=14.9482 policy_loss=-0.065867 value_loss=1.531545
[iter=42705] rollout_mean_bb=10.6074 policy_loss=-0.014368 value_loss=1.835551
[iter=42710] rollout_mean_bb=21.1152 policy_loss=0.003528 value_loss=1.487526
[iter=42715] rollout_mean_bb=17.8027 policy_loss=0.014300 value_loss=1.538622
[iter=42720] rollout_mean_bb=11.1211 policy_loss=0.033521 value_loss=1.943342
[iter=42725] rollout_mean_bb=21.3682 policy_loss=0.012315 value_loss=1.554704
[iter=42730] rollout_mean_bb=15.7832 policy_loss=0.010009 value_loss=1.534546
[iter=42735] rollout_mean_bb=16.1387 policy_loss=-0.020545 value_loss=1.220457
[iter=42740] rollout_mean_bb=17.7041 policy_loss=-0.032495 value_loss=1.621110
[iter=42745] rollout_mean_bb=12.8916 policy_loss=-0.021225 value_loss=1.896994
[iter=42750] rollout_mean_bb=13.6758 policy_loss=0.045626 value_loss=1.526904
[iter=42755] rollout_mean_bb=11.6367 policy_loss=0.010042 value_loss=1.582057
[iter=42760] rollout_mean_bb=9.8105 policy_loss=-0.039279 value_loss=1.680290
[iter=42765] rollout_mean_bb=9.6826 policy_loss=0.073059 value_loss=1.749712
[iter=42770] rollout_mean_bb=11.4766 policy_loss=-0.007008 value_loss=1.592371
[iter=42775] rollout_mean_bb=12.6396 policy_loss=-0.000001 value_loss=1.433950
[iter=42780] rollout_mean_bb=10.0586 policy_loss=-0.025918 value_loss=1.749240
[iter=42785] rollout_mean_bb=12.7744 policy_loss=0.049328 value_loss=1.736278
[iter=42790] rollout_mean_bb=8.0117 policy_loss=-0.047189 value_loss=1.650093
[iter=42795] rollout_mean_bb=18.2900 policy_loss=0.015387 value_loss=1.778038
[iter=42800] rollout_mean_bb=6.3965 policy_loss=0.002062 value_loss=1.592030
[iter=42805] rollout_mean_bb=2.3867 policy_loss=-0.014502 value_loss=1.705746
[iter=42810] rollout_mean_bb=8.8799 policy_loss=-0.019386 value_loss=1.647177
[iter=42815] rollout_mean_bb=17.7734 policy_loss=0.005583 value_loss=1.432068
[iter=42820] rollout_mean_bb=13.9160 policy_loss=0.002905 value_loss=1.835965
[iter=42825] rollout_mean_bb=14.4883 policy_loss=0.018100 value_loss=1.579077
[iter=42830] rollout_mean_bb=15.7451 policy_loss=-0.019550 value_loss=1.390224
[iter=42835] rollout_mean_bb=13.2793 policy_loss=-0.045700 value_loss=1.439083
[iter=42840] rollout_mean_bb=15.2959 policy_loss=0.018811 value_loss=1.632503
[iter=42845] rollout_mean_bb=15.0625 policy_loss=0.035406 value_loss=1.773063
[iter=42850] rollout_mean_bb=15.6797 policy_loss=-0.009504 value_loss=1.476814
[iter=42855] rollout_mean_bb=14.4229 policy_loss=0.029924 value_loss=1.645351
[iter=42860] rollout_mean_bb=13.1602 policy_loss=0.008915 value_loss=1.684134
[iter=42865] rollout_mean_bb=13.0391 policy_loss=0.038845 value_loss=1.480722
[iter=42870] rollout_mean_bb=13.3311 policy_loss=0.000169 value_loss=1.606662
[iter=42875] rollout_mean_bb=9.1143 policy_loss=0.000358 value_loss=1.744926
[iter=42880] rollout_mean_bb=20.1387 policy_loss=0.015706 value_loss=1.658429
[iter=42885] rollout_mean_bb=11.9160 policy_loss=0.034455 value_loss=1.648858
[iter=42890] rollout_mean_bb=8.1807 policy_loss=-0.033618 value_loss=1.684305
[iter=42895] rollout_mean_bb=14.9688 policy_loss=0.014918 value_loss=1.627488
[iter=42900] rollout_mean_bb=18.1025 policy_loss=0.060932 value_loss=1.757566
[iter=42905] rollout_mean_bb=21.2598 policy_loss=-0.054955 value_loss=1.228392
[iter=42910] rollout_mean_bb=18.1289 policy_loss=0.023694 value_loss=1.585177
[iter=42915] rollout_mean_bb=17.4150 policy_loss=-0.009653 value_loss=1.703483
[iter=42920] rollout_mean_bb=9.1475 policy_loss=0.082192 value_loss=1.979036
[iter=42925] rollout_mean_bb=17.6582 policy_loss=-0.103535 value_loss=1.210531
[iter=42930] rollout_mean_bb=14.0693 policy_loss=-0.037368 value_loss=1.472537
[iter=42935] rollout_mean_bb=10.2891 policy_loss=0.005364 value_loss=1.792790
[iter=42940] rollout_mean_bb=16.1143 policy_loss=0.073527 value_loss=1.799391
[iter=42945] rollout_mean_bb=23.4805 policy_loss=-0.000976 value_loss=1.453842
[iter=42950] rollout_mean_bb=5.1396 policy_loss=0.008831 value_loss=1.758507
[iter=42955] rollout_mean_bb=16.9697 policy_loss=-0.051698 value_loss=1.529936
[iter=42960] rollout_mean_bb=12.1885 policy_loss=0.043822 value_loss=1.581122
[iter=42965] rollout_mean_bb=5.9033 policy_loss=-0.034909 value_loss=1.758820
[iter=42970] rollout_mean_bb=17.6748 policy_loss=0.007300 value_loss=1.536442
[iter=42975] rollout_mean_bb=7.8193 policy_loss=0.017108 value_loss=1.806069
[iter=42980] rollout_mean_bb=5.2139 policy_loss=-0.006901 value_loss=1.857384
[iter=42985] rollout_mean_bb=21.9551 policy_loss=0.041967 value_loss=1.371661
[iter=42990] rollout_mean_bb=11.8672 policy_loss=0.003621 value_loss=1.412439
[iter=42995] rollout_mean_bb=15.7256 policy_loss=-0.015870 value_loss=1.577891
[iter=43000] rollout_mean_bb=14.3857 policy_loss=-0.058897 value_loss=1.479790
[iter=43005] rollout_mean_bb=11.4512 policy_loss=0.008505 value_loss=1.686277
[iter=43010] rollout_mean_bb=21.8457 policy_loss=0.104352 value_loss=1.997676
[iter=43015] rollout_mean_bb=9.1797 policy_loss=0.072339 value_loss=2.115289
[iter=43020] rollout_mean_bb=5.0430 policy_loss=-0.059268 value_loss=1.602652
[iter=43025] rollout_mean_bb=7.5967 policy_loss=-0.024504 value_loss=1.632931
[iter=43030] rollout_mean_bb=19.9873 policy_loss=0.050234 value_loss=1.602099
[iter=43035] rollout_mean_bb=9.6621 policy_loss=-0.069717 value_loss=1.565912
[iter=43040] rollout_mean_bb=11.7686 policy_loss=-0.087564 value_loss=1.332334
[iter=43045] rollout_mean_bb=18.7373 policy_loss=-0.060320 value_loss=1.470127
[iter=43050] rollout_mean_bb=18.1650 policy_loss=0.037241 value_loss=1.543995
[iter=43055] rollout_mean_bb=7.9609 policy_loss=0.004000 value_loss=1.419549
[iter=43060] rollout_mean_bb=15.9873 policy_loss=0.036822 value_loss=1.584563
[iter=43065] rollout_mean_bb=15.3223 policy_loss=-0.002895 value_loss=1.393252
[iter=43070] rollout_mean_bb=12.7607 policy_loss=0.028287 value_loss=1.696431
[iter=43075] rollout_mean_bb=18.2305 policy_loss=0.016894 value_loss=1.561026
[iter=43080] rollout_mean_bb=20.6406 policy_loss=0.050384 value_loss=1.714662
[iter=43085] rollout_mean_bb=11.3301 policy_loss=-0.077449 value_loss=1.326241
[iter=43090] rollout_mean_bb=10.2705 policy_loss=0.008019 value_loss=1.581739
[iter=43095] rollout_mean_bb=19.2236 policy_loss=-0.017066 value_loss=1.661252
[iter=43100] rollout_mean_bb=10.5195 policy_loss=0.025433 value_loss=1.971237
[iter=43105] rollout_mean_bb=18.8945 policy_loss=-0.011223 value_loss=1.363045
[iter=43110] rollout_mean_bb=6.3086 policy_loss=-0.013435 value_loss=1.695479
[iter=43115] rollout_mean_bb=18.0859 policy_loss=-0.004166 value_loss=1.412833
[iter=43120] rollout_mean_bb=16.0859 policy_loss=-0.007580 value_loss=1.500273
[iter=43125] rollout_mean_bb=14.3613 policy_loss=0.023602 value_loss=1.754315
[iter=43130] rollout_mean_bb=12.2578 policy_loss=0.013164 value_loss=1.748363
[iter=43135] rollout_mean_bb=9.9023 policy_loss=0.017281 value_loss=1.626538
[iter=43140] rollout_mean_bb=18.6025 policy_loss=-0.004589 value_loss=1.661316
[iter=43145] rollout_mean_bb=13.8379 policy_loss=0.046835 value_loss=1.498574
[iter=43150] rollout_mean_bb=13.3701 policy_loss=0.007570 value_loss=1.443304
[iter=43155] rollout_mean_bb=21.1289 policy_loss=0.047022 value_loss=1.604401
[iter=43160] rollout_mean_bb=19.6523 policy_loss=0.011292 value_loss=1.380438
[iter=43165] rollout_mean_bb=5.6895 policy_loss=-0.000343 value_loss=1.851739
[iter=43170] rollout_mean_bb=20.4062 policy_loss=-0.019240 value_loss=1.365020
[iter=43175] rollout_mean_bb=7.2031 policy_loss=-0.020848 value_loss=1.462592
[iter=43180] rollout_mean_bb=21.9150 policy_loss=0.002813 value_loss=1.365011
[iter=43185] rollout_mean_bb=13.4609 policy_loss=0.004691 value_loss=1.692865
[iter=43190] rollout_mean_bb=12.2881 policy_loss=-0.083238 value_loss=1.267795
[iter=43195] rollout_mean_bb=10.3271 policy_loss=-0.031817 value_loss=1.433235
[iter=43200] rollout_mean_bb=17.0557 policy_loss=-0.020171 value_loss=1.475508
[iter=43205] rollout_mean_bb=24.1064 policy_loss=0.038538 value_loss=1.612695
[iter=43210] rollout_mean_bb=10.0049 policy_loss=-0.018664 value_loss=1.641677
[iter=43215] rollout_mean_bb=18.2930 policy_loss=-0.039363 value_loss=1.479169
[iter=43220] rollout_mean_bb=11.1523 policy_loss=0.009430 value_loss=1.529442
[iter=43225] rollout_mean_bb=19.3604 policy_loss=0.128598 value_loss=1.896492
[iter=43230] rollout_mean_bb=17.0684 policy_loss=-0.070250 value_loss=1.551147
[iter=43235] rollout_mean_bb=9.4355 policy_loss=-0.020980 value_loss=1.559015
[iter=43240] rollout_mean_bb=11.7949 policy_loss=-0.019470 value_loss=1.401722
[iter=43245] rollout_mean_bb=10.2539 policy_loss=-0.011324 value_loss=1.324139
[iter=43250] rollout_mean_bb=11.1650 policy_loss=-0.007457 value_loss=1.390577
[iter=43255] rollout_mean_bb=22.3242 policy_loss=0.001815 value_loss=1.561541
[iter=43260] rollout_mean_bb=22.3027 policy_loss=-0.007326 value_loss=1.445478
[iter=43265] rollout_mean_bb=16.0205 policy_loss=0.005856 value_loss=1.496852
[iter=43270] rollout_mean_bb=10.3926 policy_loss=-0.035225 value_loss=1.627255
[iter=43275] rollout_mean_bb=9.1377 policy_loss=0.028645 value_loss=1.422369
[iter=43280] rollout_mean_bb=8.2080 policy_loss=0.040236 value_loss=1.588735
[iter=43285] rollout_mean_bb=9.1826 policy_loss=-0.018279 value_loss=1.665864
[iter=43290] rollout_mean_bb=16.5898 policy_loss=0.004303 value_loss=1.350320
[iter=43295] rollout_mean_bb=8.5156 policy_loss=-0.011296 value_loss=1.692817
[iter=43300] rollout_mean_bb=17.1787 policy_loss=-0.001470 value_loss=1.483888
[iter=43305] rollout_mean_bb=12.3457 policy_loss=-0.003169 value_loss=1.421336
[iter=43310] rollout_mean_bb=14.2344 policy_loss=0.034776 value_loss=1.615937
[iter=43315] rollout_mean_bb=16.9062 policy_loss=-0.022916 value_loss=1.510698
[iter=43320] rollout_mean_bb=4.1641 policy_loss=0.004420 value_loss=1.802833
[iter=43325] rollout_mean_bb=12.0146 policy_loss=-0.082661 value_loss=1.286952
[iter=43330] rollout_mean_bb=19.4424 policy_loss=-0.016239 value_loss=1.313013
[iter=43335] rollout_mean_bb=17.8477 policy_loss=-0.096578 value_loss=1.132805
[iter=43340] rollout_mean_bb=10.8398 policy_loss=-0.003268 value_loss=1.700248
[iter=43345] rollout_mean_bb=15.9707 policy_loss=-0.035382 value_loss=1.453191
[iter=43350] rollout_mean_bb=4.3379 policy_loss=-0.052358 value_loss=1.475603
[iter=43355] rollout_mean_bb=14.9502 policy_loss=-0.013683 value_loss=1.457943
[iter=43360] rollout_mean_bb=12.9326 policy_loss=0.007367 value_loss=1.580261
[iter=43365] rollout_mean_bb=11.3496 policy_loss=-0.001007 value_loss=1.285497
[iter=43370] rollout_mean_bb=14.6758 policy_loss=0.108045 value_loss=1.874406
[iter=43375] rollout_mean_bb=15.0732 policy_loss=0.028015 value_loss=1.540304
[iter=43380] rollout_mean_bb=11.4268 policy_loss=0.019910 value_loss=1.452089
[iter=43385] rollout_mean_bb=15.4209 policy_loss=0.001858 value_loss=1.700414
[iter=43390] rollout_mean_bb=16.5996 policy_loss=0.024355 value_loss=1.525683
[iter=43395] rollout_mean_bb=7.9258 policy_loss=-0.004506 value_loss=1.665934
[iter=43400] rollout_mean_bb=14.4033 policy_loss=0.010015 value_loss=1.626643
[iter=43405] rollout_mean_bb=15.3203 policy_loss=-0.040754 value_loss=1.536048
[iter=43410] rollout_mean_bb=20.8301 policy_loss=-0.050070 value_loss=1.059862
[iter=43415] rollout_mean_bb=20.1631 policy_loss=-0.001685 value_loss=1.620369
[iter=43420] rollout_mean_bb=6.2881 policy_loss=-0.013549 value_loss=1.777533
[iter=43425] rollout_mean_bb=10.2744 policy_loss=-0.002330 value_loss=1.583662
[iter=43430] rollout_mean_bb=5.2070 policy_loss=0.071029 value_loss=2.009604
[iter=43435] rollout_mean_bb=19.6064 policy_loss=0.003019 value_loss=1.381307
[iter=43440] rollout_mean_bb=15.4141 policy_loss=0.066209 value_loss=1.565554
[iter=43445] rollout_mean_bb=8.7227 policy_loss=0.010958 value_loss=1.718820
[iter=43450] rollout_mean_bb=10.3613 policy_loss=-0.002480 value_loss=1.637348
[iter=43455] rollout_mean_bb=14.3447 policy_loss=-0.089997 value_loss=1.310932
[iter=43460] rollout_mean_bb=16.1553 policy_loss=0.002948 value_loss=1.504485
[iter=43465] rollout_mean_bb=11.5596 policy_loss=-0.023303 value_loss=1.673211
[iter=43470] rollout_mean_bb=8.2305 policy_loss=0.033734 value_loss=1.450429
[iter=43475] rollout_mean_bb=19.4775 policy_loss=-0.065959 value_loss=1.239359
[iter=43480] rollout_mean_bb=10.3848 policy_loss=0.003199 value_loss=1.531588
[iter=43485] rollout_mean_bb=14.9336 policy_loss=-0.014099 value_loss=1.290271
[iter=43490] rollout_mean_bb=18.1143 policy_loss=0.013700 value_loss=1.339157
[iter=43495] rollout_mean_bb=15.7246 policy_loss=-0.032802 value_loss=1.665577
[iter=43500] rollout_mean_bb=5.4697 policy_loss=-0.002250 value_loss=1.539245
[iter=43505] rollout_mean_bb=18.0186 policy_loss=0.026728 value_loss=1.346365
[iter=43510] rollout_mean_bb=9.9990 policy_loss=-0.100214 value_loss=1.264166
[iter=43515] rollout_mean_bb=11.5732 policy_loss=-0.010799 value_loss=1.532848
[iter=43520] rollout_mean_bb=10.6426 policy_loss=-0.016317 value_loss=1.582155
[iter=43525] rollout_mean_bb=7.1123 policy_loss=0.068063 value_loss=1.746941
[iter=43530] rollout_mean_bb=8.3057 policy_loss=0.024082 value_loss=1.514523
[iter=43535] rollout_mean_bb=21.1875 policy_loss=0.043106 value_loss=1.454368
[iter=43540] rollout_mean_bb=18.1377 policy_loss=0.003164 value_loss=1.229417
[iter=43545] rollout_mean_bb=7.4492 policy_loss=-0.007985 value_loss=1.531812
[iter=43550] rollout_mean_bb=7.0078 policy_loss=0.015431 value_loss=1.535783
[iter=43555] rollout_mean_bb=9.7744 policy_loss=-0.006281 value_loss=1.565358
[iter=43560] rollout_mean_bb=17.9570 policy_loss=-0.008529 value_loss=1.272632
[iter=43565] rollout_mean_bb=16.0029 policy_loss=0.005636 value_loss=1.476836
[iter=43570] rollout_mean_bb=11.1914 policy_loss=0.036191 value_loss=1.790472
[iter=43575] rollout_mean_bb=16.8398 policy_loss=0.009881 value_loss=1.589296
[iter=43580] rollout_mean_bb=10.1455 policy_loss=0.004844 value_loss=1.598205
[iter=43585] rollout_mean_bb=11.2402 policy_loss=-0.009975 value_loss=1.414091
[iter=43590] rollout_mean_bb=13.2197 policy_loss=0.016393 value_loss=1.608509
[iter=43595] rollout_mean_bb=16.0703 policy_loss=0.000274 value_loss=1.533258
[iter=43600] rollout_mean_bb=15.3750 policy_loss=-0.004205 value_loss=1.633079
[iter=43605] rollout_mean_bb=15.6318 policy_loss=0.069687 value_loss=1.662549
[iter=43610] rollout_mean_bb=13.0127 policy_loss=0.000901 value_loss=1.646066
[iter=43615] rollout_mean_bb=16.6230 policy_loss=-0.019485 value_loss=1.476073
[iter=43620] rollout_mean_bb=11.0254 policy_loss=0.021680 value_loss=1.494798
[iter=43625] rollout_mean_bb=13.9414 policy_loss=-0.019336 value_loss=1.403129
[iter=43630] rollout_mean_bb=18.2324 policy_loss=0.002055 value_loss=1.420465
[iter=43635] rollout_mean_bb=14.9277 policy_loss=0.008543 value_loss=1.509885
[iter=43640] rollout_mean_bb=18.0225 policy_loss=-0.017166 value_loss=1.412208
[iter=43645] rollout_mean_bb=13.4590 policy_loss=-0.019746 value_loss=1.478158
[iter=43650] rollout_mean_bb=7.1543 policy_loss=0.013363 value_loss=1.489156
[iter=43655] rollout_mean_bb=9.6367 policy_loss=0.021448 value_loss=1.709930
[iter=43660] rollout_mean_bb=9.1377 policy_loss=0.003906 value_loss=1.859597
[iter=43665] rollout_mean_bb=22.6885 policy_loss=0.033401 value_loss=1.407397
[iter=43670] rollout_mean_bb=11.7656 policy_loss=0.077286 value_loss=1.866372
[iter=43675] rollout_mean_bb=16.5430 policy_loss=-0.013489 value_loss=1.435121
[iter=43680] rollout_mean_bb=16.7900 policy_loss=-0.009539 value_loss=1.522211
[iter=43685] rollout_mean_bb=2.5869 policy_loss=-0.043258 value_loss=1.599449
[iter=43690] rollout_mean_bb=25.3730 policy_loss=0.009810 value_loss=1.132497
[iter=43695] rollout_mean_bb=7.3584 policy_loss=-0.010754 value_loss=1.524604
[iter=43700] rollout_mean_bb=11.9785 policy_loss=-0.054785 value_loss=1.401379
[iter=43705] rollout_mean_bb=12.3750 policy_loss=-0.014401 value_loss=1.686418
[iter=43710] rollout_mean_bb=15.0029 policy_loss=-0.094254 value_loss=1.360173
[iter=43715] rollout_mean_bb=13.2861 policy_loss=-0.025498 value_loss=1.502254
[iter=43720] rollout_mean_bb=19.2090 policy_loss=0.018091 value_loss=1.372889
[iter=43725] rollout_mean_bb=9.6123 policy_loss=0.044852 value_loss=1.639977
[iter=43730] rollout_mean_bb=14.2637 policy_loss=0.101527 value_loss=1.916077
[iter=43735] rollout_mean_bb=18.4102 policy_loss=-0.025072 value_loss=1.444833
[iter=43740] rollout_mean_bb=16.5068 policy_loss=-0.024350 value_loss=1.755256
[iter=43745] rollout_mean_bb=18.1299 policy_loss=0.040314 value_loss=1.403299
[iter=43750] rollout_mean_bb=7.4873 policy_loss=-0.039746 value_loss=1.279249
[iter=43755] rollout_mean_bb=14.1367 policy_loss=0.025706 value_loss=1.714746
[iter=43760] rollout_mean_bb=9.5000 policy_loss=0.027619 value_loss=1.902715
[iter=43765] rollout_mean_bb=20.3369 policy_loss=-0.022876 value_loss=1.507158
[iter=43770] rollout_mean_bb=19.1484 policy_loss=0.001048 value_loss=1.295769
[iter=43775] rollout_mean_bb=9.9268 policy_loss=0.000335 value_loss=1.516072
[iter=43780] rollout_mean_bb=14.1016 policy_loss=0.000418 value_loss=1.384935
[iter=43785] rollout_mean_bb=8.3350 policy_loss=-0.002390 value_loss=1.375290
[iter=43790] rollout_mean_bb=15.2930 policy_loss=-0.090405 value_loss=1.351930
[iter=43795] rollout_mean_bb=16.0098 policy_loss=0.018560 value_loss=1.465240
[iter=43800] rollout_mean_bb=17.3311 policy_loss=0.006733 value_loss=1.140109
[iter=43805] rollout_mean_bb=18.4707 policy_loss=-0.076788 value_loss=1.366404
[iter=43810] rollout_mean_bb=13.7324 policy_loss=0.107469 value_loss=1.857284
[iter=43815] rollout_mean_bb=18.0527 policy_loss=0.006425 value_loss=1.792920
[iter=43820] rollout_mean_bb=18.0850 policy_loss=0.007387 value_loss=1.677361
[iter=43825] rollout_mean_bb=15.1611 policy_loss=-0.021146 value_loss=1.644238
[iter=43830] rollout_mean_bb=10.9160 policy_loss=0.110221 value_loss=1.897348
[iter=43835] rollout_mean_bb=15.3154 policy_loss=0.026302 value_loss=1.537888
[iter=43840] rollout_mean_bb=16.2988 policy_loss=0.003973 value_loss=1.269869
[iter=43845] rollout_mean_bb=20.5732 policy_loss=0.013832 value_loss=1.530822
[iter=43850] rollout_mean_bb=20.6924 policy_loss=-0.025627 value_loss=1.101392
[iter=43855] rollout_mean_bb=22.3516 policy_loss=-0.002718 value_loss=1.368081
[iter=43860] rollout_mean_bb=17.7725 policy_loss=0.018645 value_loss=1.738089
[iter=43865] rollout_mean_bb=12.9639 policy_loss=0.003310 value_loss=1.665068
[iter=43870] rollout_mean_bb=9.1133 policy_loss=0.009274 value_loss=1.662081
[iter=43875] rollout_mean_bb=11.0801 policy_loss=0.023041 value_loss=1.808987
[iter=43880] rollout_mean_bb=12.8955 policy_loss=-0.009911 value_loss=1.559586
[iter=43885] rollout_mean_bb=5.9541 policy_loss=0.028859 value_loss=1.824266
[iter=43890] rollout_mean_bb=13.2305 policy_loss=-0.008469 value_loss=1.502254
[iter=43895] rollout_mean_bb=20.8604 policy_loss=0.028528 value_loss=1.553165
[iter=43900] rollout_mean_bb=5.9990 policy_loss=0.018349 value_loss=1.905555
[iter=43905] rollout_mean_bb=16.5459 policy_loss=-0.026622 value_loss=1.500773
[iter=43910] rollout_mean_bb=11.9658 policy_loss=-0.034374 value_loss=1.492298
[iter=43915] rollout_mean_bb=10.1660 policy_loss=-0.041274 value_loss=1.496875
[iter=43920] rollout_mean_bb=15.1826 policy_loss=0.000928 value_loss=1.651358
[iter=43925] rollout_mean_bb=17.1680 policy_loss=-0.022278 value_loss=1.475628
[iter=43930] rollout_mean_bb=15.7686 policy_loss=0.108793 value_loss=1.893754
[iter=43935] rollout_mean_bb=8.7861 policy_loss=0.013537 value_loss=1.821296
[iter=43940] rollout_mean_bb=8.2441 policy_loss=-0.039764 value_loss=1.647940
[iter=43945] rollout_mean_bb=11.5430 policy_loss=-0.005616 value_loss=1.381130
[iter=43950] rollout_mean_bb=19.6396 policy_loss=-0.008220 value_loss=1.482286
[iter=43955] rollout_mean_bb=19.1299 policy_loss=-0.000880 value_loss=1.441108
[iter=43960] rollout_mean_bb=14.7441 policy_loss=0.034820 value_loss=1.681202
[iter=43965] rollout_mean_bb=14.6963 policy_loss=0.040557 value_loss=1.692287
[iter=43970] rollout_mean_bb=16.8535 policy_loss=-0.015721 value_loss=1.452308
[iter=43975] rollout_mean_bb=1.7539 policy_loss=0.015350 value_loss=1.904536
[iter=43980] rollout_mean_bb=25.4746 policy_loss=-0.038629 value_loss=0.912990
[iter=43985] rollout_mean_bb=17.7803 policy_loss=-0.001317 value_loss=1.336559
[iter=43990] rollout_mean_bb=11.6543 policy_loss=-0.005607 value_loss=1.247068
[iter=43995] rollout_mean_bb=9.4277 policy_loss=0.053114 value_loss=1.760878
[iter=44000] rollout_mean_bb=12.2139 policy_loss=-0.028792 value_loss=1.715860
[iter=44005] rollout_mean_bb=16.5537 policy_loss=-0.054283 value_loss=1.561561
[iter=44010] rollout_mean_bb=17.6602 policy_loss=0.041422 value_loss=1.673812
[iter=44015] rollout_mean_bb=19.1289 policy_loss=-0.004009 value_loss=1.364392
[iter=44020] rollout_mean_bb=16.4561 policy_loss=-0.003035 value_loss=1.343345
[iter=44025] rollout_mean_bb=10.2412 policy_loss=0.007217 value_loss=1.713537
[iter=44030] rollout_mean_bb=9.4463 policy_loss=-0.013219 value_loss=1.444714
[iter=44035] rollout_mean_bb=19.5508 policy_loss=0.010981 value_loss=1.335054
[iter=44040] rollout_mean_bb=21.5654 policy_loss=0.005907 value_loss=1.394118
[iter=44045] rollout_mean_bb=10.4648 policy_loss=-0.056193 value_loss=1.532041
[iter=44050] rollout_mean_bb=11.5088 policy_loss=0.004558 value_loss=1.665814
[iter=44055] rollout_mean_bb=12.7900 policy_loss=-0.008286 value_loss=1.706500
[iter=44060] rollout_mean_bb=10.8418 policy_loss=0.015052 value_loss=1.901482
[iter=44065] rollout_mean_bb=0.6104 policy_loss=0.004269 value_loss=1.998049
[iter=44070] rollout_mean_bb=7.8125 policy_loss=0.002073 value_loss=1.625155
[iter=44075] rollout_mean_bb=12.1680 policy_loss=0.011699 value_loss=1.676543
[iter=44080] rollout_mean_bb=10.5938 policy_loss=0.004522 value_loss=1.573587
[iter=44085] rollout_mean_bb=2.0254 policy_loss=-0.046728 value_loss=1.578857
[iter=44090] rollout_mean_bb=14.9336 policy_loss=-0.000359 value_loss=1.362467
[iter=44095] rollout_mean_bb=7.8359 policy_loss=0.033831 value_loss=1.701433
[iter=44100] rollout_mean_bb=11.5059 policy_loss=-0.062189 value_loss=1.464449
[iter=44105] rollout_mean_bb=11.8877 policy_loss=-0.031562 value_loss=1.597572
[iter=44110] rollout_mean_bb=15.7607 policy_loss=-0.056388 value_loss=1.496555
[iter=44115] rollout_mean_bb=17.8105 policy_loss=0.004805 value_loss=1.639113
[iter=44120] rollout_mean_bb=9.0371 policy_loss=0.007244 value_loss=1.663782
[iter=44125] rollout_mean_bb=14.7432 policy_loss=-0.007521 value_loss=1.121782
[iter=44130] rollout_mean_bb=9.5186 policy_loss=0.084112 value_loss=1.941661
[iter=44135] rollout_mean_bb=17.3359 policy_loss=-0.002970 value_loss=1.283185
[iter=44140] rollout_mean_bb=8.2422 policy_loss=-0.004519 value_loss=1.761410
[iter=44145] rollout_mean_bb=10.3291 policy_loss=-0.026061 value_loss=1.447043
[iter=44150] rollout_mean_bb=8.6104 policy_loss=0.022196 value_loss=1.479633
[iter=44155] rollout_mean_bb=15.3379 policy_loss=-0.052741 value_loss=1.475076
[iter=44160] rollout_mean_bb=14.6553 policy_loss=0.026198 value_loss=1.607541
[iter=44165] rollout_mean_bb=18.9307 policy_loss=-0.013689 value_loss=1.376468
[iter=44170] rollout_mean_bb=6.2051 policy_loss=-0.006298 value_loss=1.752278
[iter=44175] rollout_mean_bb=15.0225 policy_loss=-0.012735 value_loss=1.358001
[iter=44180] rollout_mean_bb=11.8633 policy_loss=-0.011648 value_loss=1.688061
[iter=44185] rollout_mean_bb=15.4766 policy_loss=0.013258 value_loss=1.334989
[iter=44190] rollout_mean_bb=13.8857 policy_loss=0.026348 value_loss=1.802809
[iter=44195] rollout_mean_bb=9.4385 policy_loss=0.035506 value_loss=1.730567
[iter=44200] rollout_mean_bb=-2.3242 policy_loss=-0.029465 value_loss=2.074833
[iter=44205] rollout_mean_bb=9.0459 policy_loss=0.002879 value_loss=1.773477
[iter=44210] rollout_mean_bb=14.1826 policy_loss=-0.058563 value_loss=1.370860
[iter=44215] rollout_mean_bb=18.0527 policy_loss=-0.004534 value_loss=1.449447
[iter=44220] rollout_mean_bb=13.3945 policy_loss=-0.017525 value_loss=1.430394
[iter=44225] rollout_mean_bb=11.9658 policy_loss=0.016148 value_loss=1.513758
[iter=44230] rollout_mean_bb=21.9688 policy_loss=0.008198 value_loss=1.314440
[iter=44235] rollout_mean_bb=14.8721 policy_loss=-0.035221 value_loss=1.650993
[iter=44240] rollout_mean_bb=15.4424 policy_loss=-0.006630 value_loss=1.685290
[iter=44245] rollout_mean_bb=11.1221 policy_loss=-0.006400 value_loss=1.440311
[iter=44250] rollout_mean_bb=7.0674 policy_loss=-0.018524 value_loss=1.655154
[iter=44255] rollout_mean_bb=12.7998 policy_loss=0.007387 value_loss=1.300507
[iter=44260] rollout_mean_bb=7.4932 policy_loss=-0.035497 value_loss=1.820724
[iter=44265] rollout_mean_bb=15.9756 policy_loss=0.015685 value_loss=1.369585
[iter=44270] rollout_mean_bb=15.2031 policy_loss=0.015947 value_loss=1.563765
[iter=44275] rollout_mean_bb=9.6660 policy_loss=-0.006836 value_loss=1.643555
[iter=44280] rollout_mean_bb=9.9980 policy_loss=0.014758 value_loss=1.620193
[iter=44285] rollout_mean_bb=7.1299 policy_loss=0.004951 value_loss=1.652252
[iter=44290] rollout_mean_bb=5.5225 policy_loss=-0.014864 value_loss=1.724587
[iter=44295] rollout_mean_bb=9.3516 policy_loss=-0.006454 value_loss=1.693063
[iter=44300] rollout_mean_bb=9.1396 policy_loss=-0.043181 value_loss=1.728321
[iter=44305] rollout_mean_bb=11.0137 policy_loss=0.003929 value_loss=1.773045
[iter=44310] rollout_mean_bb=20.0459 policy_loss=-0.055437 value_loss=1.329719
[iter=44315] rollout_mean_bb=17.8105 policy_loss=0.004630 value_loss=1.557865
[iter=44320] rollout_mean_bb=17.5703 policy_loss=0.008281 value_loss=1.394169
[iter=44325] rollout_mean_bb=8.2803 policy_loss=-0.049122 value_loss=1.605003
[iter=44330] rollout_mean_bb=7.6992 policy_loss=0.025690 value_loss=1.639458
[iter=44335] rollout_mean_bb=21.4326 policy_loss=-0.014693 value_loss=1.436695
[iter=44340] rollout_mean_bb=9.7129 policy_loss=-0.008604 value_loss=1.576018
[iter=44345] rollout_mean_bb=5.8320 policy_loss=0.001379 value_loss=1.820292
[iter=44350] rollout_mean_bb=12.5195 policy_loss=0.042311 value_loss=1.588536
[iter=44355] rollout_mean_bb=16.4482 policy_loss=0.002423 value_loss=1.468031
[iter=44360] rollout_mean_bb=20.2002 policy_loss=0.003018 value_loss=1.242819
[iter=44365] rollout_mean_bb=13.2344 policy_loss=0.018680 value_loss=1.650044
[iter=44370] rollout_mean_bb=14.1299 policy_loss=0.020144 value_loss=1.616934
[iter=44375] rollout_mean_bb=9.3320 policy_loss=-0.014965 value_loss=1.701762
[iter=44380] rollout_mean_bb=11.0352 policy_loss=0.025993 value_loss=1.538720
[iter=44385] rollout_mean_bb=22.7998 policy_loss=-0.005542 value_loss=1.113645
[iter=44390] rollout_mean_bb=14.5264 policy_loss=-0.001381 value_loss=1.473865
[iter=44395] rollout_mean_bb=11.0449 policy_loss=0.059568 value_loss=1.766872
[iter=44400] rollout_mean_bb=14.9512 policy_loss=0.061553 value_loss=1.841565
[iter=44405] rollout_mean_bb=12.8818 policy_loss=-0.000269 value_loss=1.475553
[iter=44410] rollout_mean_bb=20.7354 policy_loss=0.006475 value_loss=1.499122
[iter=44415] rollout_mean_bb=15.7041 policy_loss=0.021084 value_loss=1.597162
[iter=44420] rollout_mean_bb=5.5625 policy_loss=-0.030209 value_loss=1.712353
[iter=44425] rollout_mean_bb=17.3047 policy_loss=0.000705 value_loss=1.241570
[iter=44430] rollout_mean_bb=16.6367 policy_loss=-0.013555 value_loss=1.463849
[iter=44435] rollout_mean_bb=15.7344 policy_loss=0.000725 value_loss=1.377451
[iter=44440] rollout_mean_bb=11.4297 policy_loss=-0.034368 value_loss=1.591275
[iter=44445] rollout_mean_bb=9.5410 policy_loss=-0.010663 value_loss=1.595828
[iter=44450] rollout_mean_bb=11.8691 policy_loss=0.006412 value_loss=1.478755
[iter=44455] rollout_mean_bb=15.3525 policy_loss=-0.001975 value_loss=1.359016
[iter=44460] rollout_mean_bb=4.4609 policy_loss=0.009289 value_loss=1.790723
[iter=44465] rollout_mean_bb=16.8174 policy_loss=-0.030552 value_loss=1.258638
[iter=44470] rollout_mean_bb=13.6963 policy_loss=-0.021465 value_loss=1.394807
[iter=44475] rollout_mean_bb=25.9092 policy_loss=0.002183 value_loss=0.953028
[iter=44480] rollout_mean_bb=11.7178 policy_loss=0.029924 value_loss=1.556029
[iter=44485] rollout_mean_bb=15.2061 policy_loss=-0.035149 value_loss=1.308084
[iter=44490] rollout_mean_bb=17.7549 policy_loss=-0.003067 value_loss=1.516156
[iter=44495] rollout_mean_bb=9.4434 policy_loss=-0.015968 value_loss=1.691684
[iter=44500] rollout_mean_bb=16.9277 policy_loss=0.000624 value_loss=1.422076
[iter=44505] rollout_mean_bb=14.0742 policy_loss=-0.009920 value_loss=1.483190
[iter=44510] rollout_mean_bb=9.4609 policy_loss=-0.011886 value_loss=1.588165
[iter=44515] rollout_mean_bb=21.7510 policy_loss=0.029993 value_loss=1.458133
[iter=44520] rollout_mean_bb=12.5635 policy_loss=-0.072372 value_loss=1.375585
[iter=44525] rollout_mean_bb=19.2285 policy_loss=-0.001576 value_loss=1.222231
[iter=44530] rollout_mean_bb=13.4277 policy_loss=-0.008806 value_loss=1.673136
[iter=44535] rollout_mean_bb=19.5703 policy_loss=-0.048410 value_loss=1.207069
[iter=44540] rollout_mean_bb=7.0576 policy_loss=0.009175 value_loss=1.622889
[iter=44545] rollout_mean_bb=12.4004 policy_loss=-0.025715 value_loss=1.656731
[iter=44550] rollout_mean_bb=4.7471 policy_loss=0.032646 value_loss=1.709799
[iter=44555] rollout_mean_bb=12.9805 policy_loss=-0.005281 value_loss=1.368262
[iter=44560] rollout_mean_bb=5.9199 policy_loss=-0.011470 value_loss=1.607259
[iter=44565] rollout_mean_bb=6.2646 policy_loss=0.010937 value_loss=1.440913
[iter=44570] rollout_mean_bb=-0.7607 policy_loss=0.006936 value_loss=1.925007
[iter=44575] rollout_mean_bb=17.5889 policy_loss=0.008889 value_loss=1.273576
[iter=44580] rollout_mean_bb=20.3604 policy_loss=-0.001999 value_loss=1.207467
[iter=44585] rollout_mean_bb=14.3818 policy_loss=0.002921 value_loss=1.300558
[iter=44590] rollout_mean_bb=5.9785 policy_loss=0.024846 value_loss=1.625768
[iter=44595] rollout_mean_bb=12.5449 policy_loss=0.031262 value_loss=1.589757
[iter=44600] rollout_mean_bb=8.2881 policy_loss=0.020424 value_loss=1.886152
[iter=44605] rollout_mean_bb=10.2676 policy_loss=-0.006250 value_loss=1.491471
[iter=44610] rollout_mean_bb=6.1572 policy_loss=-0.053005 value_loss=1.579592
[iter=44615] rollout_mean_bb=24.7861 policy_loss=0.118167 value_loss=1.671377
[iter=44620] rollout_mean_bb=10.1582 policy_loss=-0.089166 value_loss=1.102294
[iter=44625] rollout_mean_bb=12.9873 policy_loss=-0.034250 value_loss=1.500706
[iter=44630] rollout_mean_bb=17.2393 policy_loss=-0.050006 value_loss=1.198628
[iter=44635] rollout_mean_bb=15.6729 policy_loss=-0.055374 value_loss=1.410060
[iter=44640] rollout_mean_bb=14.2822 policy_loss=-0.000623 value_loss=1.314587
[iter=44645] rollout_mean_bb=10.3779 policy_loss=0.042427 value_loss=1.799278
[iter=44650] rollout_mean_bb=8.2803 policy_loss=-0.007746 value_loss=1.463240
[iter=44655] rollout_mean_bb=12.9375 policy_loss=0.008875 value_loss=1.187426
[iter=44660] rollout_mean_bb=9.9541 policy_loss=-0.027643 value_loss=1.155945
[iter=44665] rollout_mean_bb=13.3174 policy_loss=-0.001510 value_loss=1.159520
[iter=44670] rollout_mean_bb=9.4414 policy_loss=-0.010595 value_loss=1.493997
[iter=44675] rollout_mean_bb=12.5479 policy_loss=-0.051385 value_loss=1.141413
[iter=44680] rollout_mean_bb=11.5215 policy_loss=0.011408 value_loss=1.677532
[iter=44685] rollout_mean_bb=13.7803 policy_loss=-0.024067 value_loss=1.429906
[iter=44690] rollout_mean_bb=6.2822 policy_loss=0.009037 value_loss=1.574816
[iter=44695] rollout_mean_bb=12.7490 policy_loss=0.025049 value_loss=1.502485
[iter=44700] rollout_mean_bb=14.0859 policy_loss=-0.013061 value_loss=1.238275
[iter=44705] rollout_mean_bb=10.6924 policy_loss=0.026227 value_loss=1.587095
[iter=44710] rollout_mean_bb=11.4873 policy_loss=0.011370 value_loss=1.631121
[iter=44715] rollout_mean_bb=9.7891 policy_loss=-0.016174 value_loss=1.573681
[iter=44720] rollout_mean_bb=21.8652 policy_loss=-0.031200 value_loss=1.171430
[iter=44725] rollout_mean_bb=11.3623 policy_loss=0.006506 value_loss=1.434142
[iter=44730] rollout_mean_bb=21.9697 policy_loss=0.009657 value_loss=1.140538
[iter=44735] rollout_mean_bb=15.4316 policy_loss=0.032621 value_loss=1.209666
[iter=44740] rollout_mean_bb=12.3867 policy_loss=0.016354 value_loss=1.497905
[iter=44745] rollout_mean_bb=16.8662 policy_loss=-0.028293 value_loss=1.291587
[iter=44750] rollout_mean_bb=20.0938 policy_loss=0.024788 value_loss=1.295496
[iter=44755] rollout_mean_bb=18.7891 policy_loss=-0.006085 value_loss=1.436974
[iter=44760] rollout_mean_bb=16.8301 policy_loss=-0.052987 value_loss=1.527998
[iter=44765] rollout_mean_bb=16.8398 policy_loss=0.004691 value_loss=1.301793
[iter=44770] rollout_mean_bb=9.7939 policy_loss=0.006440 value_loss=1.371150
[iter=44775] rollout_mean_bb=8.6133 policy_loss=0.001892 value_loss=1.511751
[iter=44780] rollout_mean_bb=2.7871 policy_loss=-0.003027 value_loss=1.881077
[iter=44785] rollout_mean_bb=14.9111 policy_loss=0.003465 value_loss=1.320623
[iter=44790] rollout_mean_bb=11.8447 policy_loss=0.014008 value_loss=1.547420
[iter=44795] rollout_mean_bb=12.5703 policy_loss=-0.033114 value_loss=1.475714
[iter=44800] rollout_mean_bb=14.4785 policy_loss=0.015571 value_loss=1.595882
[iter=44805] rollout_mean_bb=14.9434 policy_loss=-0.075506 value_loss=1.309793
[iter=44810] rollout_mean_bb=11.7529 policy_loss=0.006178 value_loss=1.382222
[iter=44815] rollout_mean_bb=10.1729 policy_loss=-0.030539 value_loss=1.524090
[iter=44820] rollout_mean_bb=4.6973 policy_loss=0.009590 value_loss=1.913898
[iter=44825] rollout_mean_bb=11.7578 policy_loss=-0.010835 value_loss=1.328109
[iter=44830] rollout_mean_bb=15.7246 policy_loss=-0.013888 value_loss=1.412782
[iter=44835] rollout_mean_bb=10.2031 policy_loss=-0.009697 value_loss=1.638561
[iter=44840] rollout_mean_bb=16.1104 policy_loss=0.004679 value_loss=1.362188
[iter=44845] rollout_mean_bb=9.0713 policy_loss=-0.025013 value_loss=1.768146
[iter=44850] rollout_mean_bb=15.7168 policy_loss=-0.002028 value_loss=1.424988
[iter=44855] rollout_mean_bb=11.3291 policy_loss=0.011571 value_loss=1.418945
[iter=44860] rollout_mean_bb=13.2842 policy_loss=0.020281 value_loss=1.550797
[iter=44865] rollout_mean_bb=16.4541 policy_loss=-0.057757 value_loss=1.099389
[iter=44870] rollout_mean_bb=10.2158 policy_loss=-0.007238 value_loss=1.447679
[iter=44875] rollout_mean_bb=16.4805 policy_loss=0.055554 value_loss=1.383878
[iter=44880] rollout_mean_bb=22.7256 policy_loss=0.006942 value_loss=1.250062
[iter=44885] rollout_mean_bb=9.7891 policy_loss=0.017779 value_loss=1.544379
[iter=44890] rollout_mean_bb=13.5029 policy_loss=0.000183 value_loss=1.425192
[iter=44895] rollout_mean_bb=12.9395 policy_loss=0.009768 value_loss=1.437850
[iter=44900] rollout_mean_bb=18.8252 policy_loss=-0.053291 value_loss=1.172543
[iter=44905] rollout_mean_bb=15.5420 policy_loss=-0.023203 value_loss=1.731447
[iter=44910] rollout_mean_bb=13.3457 policy_loss=-0.026038 value_loss=1.399209
[iter=44915] rollout_mean_bb=11.8740 policy_loss=-0.058847 value_loss=1.535225
[iter=44920] rollout_mean_bb=15.9473 policy_loss=0.018296 value_loss=1.563419
[iter=44925] rollout_mean_bb=12.9492 policy_loss=-0.032455 value_loss=1.225900
[iter=44930] rollout_mean_bb=8.2578 policy_loss=-0.027445 value_loss=1.291668
[iter=44935] rollout_mean_bb=7.9980 policy_loss=-0.017894 value_loss=1.477106
[iter=44940] rollout_mean_bb=17.2139 policy_loss=0.007751 value_loss=1.431444
[iter=44945] rollout_mean_bb=10.2314 policy_loss=-0.053150 value_loss=1.434841
[iter=44950] rollout_mean_bb=20.7266 policy_loss=-0.004020 value_loss=1.260367
[iter=44955] rollout_mean_bb=9.8115 policy_loss=0.079450 value_loss=1.581426
[iter=44960] rollout_mean_bb=16.7070 policy_loss=0.043708 value_loss=1.276812
[iter=44965] rollout_mean_bb=12.4932 policy_loss=-0.078817 value_loss=1.399344
[iter=44970] rollout_mean_bb=17.1680 policy_loss=-0.034029 value_loss=1.387031
[iter=44975] rollout_mean_bb=16.6133 policy_loss=-0.049999 value_loss=1.295250
[iter=44980] rollout_mean_bb=17.2080 policy_loss=0.005881 value_loss=1.554041
[iter=44985] rollout_mean_bb=6.2607 policy_loss=0.023894 value_loss=1.722026
[iter=44990] rollout_mean_bb=15.7383 policy_loss=0.040815 value_loss=1.411056
[iter=44995] rollout_mean_bb=11.9355 policy_loss=0.003001 value_loss=1.503034
[iter=45000] rollout_mean_bb=9.4658 policy_loss=0.036677 value_loss=1.631256
[iter=45005] rollout_mean_bb=6.6064 policy_loss=-0.054656 value_loss=1.638529
[iter=45010] rollout_mean_bb=9.4385 policy_loss=0.009720 value_loss=1.949485
[iter=45015] rollout_mean_bb=12.5176 policy_loss=0.032167 value_loss=1.725961
[iter=45020] rollout_mean_bb=9.4229 policy_loss=0.010868 value_loss=1.547333
[iter=45025] rollout_mean_bb=10.5312 policy_loss=-0.049973 value_loss=1.309681
[iter=45030] rollout_mean_bb=22.3359 policy_loss=-0.020168 value_loss=1.046761
[iter=45035] rollout_mean_bb=15.1250 policy_loss=0.039686 value_loss=1.462282
[iter=45040] rollout_mean_bb=16.8115 policy_loss=0.015615 value_loss=1.279412
[iter=45045] rollout_mean_bb=13.4512 policy_loss=0.009231 value_loss=1.591125
[iter=45050] rollout_mean_bb=5.8311 policy_loss=0.003136 value_loss=1.630220
[iter=45055] rollout_mean_bb=10.7217 policy_loss=-0.069679 value_loss=1.166845
[iter=45060] rollout_mean_bb=9.8643 policy_loss=-0.083695 value_loss=1.214628
[iter=45065] rollout_mean_bb=16.1455 policy_loss=-0.019048 value_loss=1.292002
[iter=45070] rollout_mean_bb=12.5049 policy_loss=0.029193 value_loss=1.589838
[iter=45075] rollout_mean_bb=13.7148 policy_loss=-0.053692 value_loss=0.988461
[iter=45080] rollout_mean_bb=14.1064 policy_loss=-0.005184 value_loss=1.667610
[iter=45085] rollout_mean_bb=11.0830 policy_loss=0.003580 value_loss=1.569424
[iter=45090] rollout_mean_bb=16.0107 policy_loss=-0.011423 value_loss=1.508358
[iter=45095] rollout_mean_bb=0.4248 policy_loss=0.038753 value_loss=2.134025
[iter=45100] rollout_mean_bb=14.1240 policy_loss=0.004085 value_loss=1.604721
[iter=45105] rollout_mean_bb=7.8682 policy_loss=-0.013593 value_loss=1.826711
[iter=45110] rollout_mean_bb=14.1123 policy_loss=0.028088 value_loss=1.888593
[iter=45115] rollout_mean_bb=15.2871 policy_loss=-0.052627 value_loss=1.246701
[iter=45120] rollout_mean_bb=16.3174 policy_loss=-0.023215 value_loss=1.318936
[iter=45125] rollout_mean_bb=1.5752 policy_loss=0.128699 value_loss=2.161862
[iter=45130] rollout_mean_bb=10.5264 policy_loss=-0.010324 value_loss=1.508983
[iter=45135] rollout_mean_bb=9.9619 policy_loss=-0.001319 value_loss=1.542199
[iter=45140] rollout_mean_bb=9.8193 policy_loss=0.007294 value_loss=1.767474
[iter=45145] rollout_mean_bb=18.0098 policy_loss=0.021234 value_loss=1.424116
[iter=45150] rollout_mean_bb=16.0742 policy_loss=0.039006 value_loss=1.524298
[iter=45155] rollout_mean_bb=10.5684 policy_loss=-0.133719 value_loss=0.958155
[iter=45160] rollout_mean_bb=7.5811 policy_loss=0.004720 value_loss=1.664196
[iter=45165] rollout_mean_bb=10.9502 policy_loss=-0.054028 value_loss=1.069211
[iter=45170] rollout_mean_bb=11.0195 policy_loss=0.009970 value_loss=1.405227
[iter=45175] rollout_mean_bb=10.5557 policy_loss=-0.001501 value_loss=1.120327
[iter=45180] rollout_mean_bb=12.5410 policy_loss=0.011828 value_loss=1.403178
[iter=45185] rollout_mean_bb=12.5645 policy_loss=-0.000341 value_loss=1.271955
[iter=45190] rollout_mean_bb=9.3828 policy_loss=0.020664 value_loss=1.705900
[iter=45195] rollout_mean_bb=7.0898 policy_loss=0.019259 value_loss=1.763468
[iter=45200] rollout_mean_bb=14.5293 policy_loss=0.006772 value_loss=1.369788
[iter=45205] rollout_mean_bb=4.7461 policy_loss=-0.034553 value_loss=1.558819
[iter=45210] rollout_mean_bb=5.9160 policy_loss=0.064677 value_loss=1.893086
[iter=45215] rollout_mean_bb=16.8398 policy_loss=0.041295 value_loss=1.425893
[iter=45220] rollout_mean_bb=15.5752 policy_loss=0.001664 value_loss=1.363351
[iter=45225] rollout_mean_bb=19.3008 policy_loss=0.022052 value_loss=1.420373
[iter=45230] rollout_mean_bb=7.4443 policy_loss=-0.046640 value_loss=1.552528
[iter=45235] rollout_mean_bb=18.0117 policy_loss=0.016824 value_loss=1.373723
[iter=45240] rollout_mean_bb=11.3086 policy_loss=0.010771 value_loss=1.541228
[iter=45245] rollout_mean_bb=21.9385 policy_loss=-0.028681 value_loss=0.936883
[iter=45250] rollout_mean_bb=5.6074 policy_loss=0.012457 value_loss=1.736311
[iter=45255] rollout_mean_bb=8.4092 policy_loss=-0.009316 value_loss=1.707155
[iter=45260] rollout_mean_bb=10.6387 policy_loss=0.002681 value_loss=1.496256
[iter=45265] rollout_mean_bb=15.2559 policy_loss=0.000344 value_loss=1.352171
[iter=45270] rollout_mean_bb=14.3330 policy_loss=0.015542 value_loss=1.250395
[iter=45275] rollout_mean_bb=2.7646 policy_loss=0.003602 value_loss=1.838359
[iter=45280] rollout_mean_bb=22.2119 policy_loss=0.003673 value_loss=1.186881
[iter=45285] rollout_mean_bb=18.7969 policy_loss=-0.000916 value_loss=1.227433
[iter=45290] rollout_mean_bb=6.6885 policy_loss=0.008221 value_loss=1.539353
[iter=45295] rollout_mean_bb=19.6055 policy_loss=-0.041178 value_loss=1.443488
[iter=45300] rollout_mean_bb=7.8857 policy_loss=0.014098 value_loss=1.641947
[iter=45305] rollout_mean_bb=5.5537 policy_loss=-0.001207 value_loss=1.775057
[iter=45310] rollout_mean_bb=14.4209 policy_loss=-0.014006 value_loss=1.198786
[iter=45315] rollout_mean_bb=18.4102 policy_loss=-0.003759 value_loss=1.600798
[iter=45320] rollout_mean_bb=12.8604 policy_loss=-0.039132 value_loss=1.190207
[iter=45325] rollout_mean_bb=17.1113 policy_loss=0.006962 value_loss=1.421734
[iter=45330] rollout_mean_bb=14.9033 policy_loss=-0.003389 value_loss=1.412530
[iter=45335] rollout_mean_bb=5.4697 policy_loss=-0.009903 value_loss=1.631334
[iter=45340] rollout_mean_bb=9.3633 policy_loss=0.003753 value_loss=1.613577
[iter=45345] rollout_mean_bb=15.7129 policy_loss=-0.069270 value_loss=1.284884
[iter=45350] rollout_mean_bb=9.7373 policy_loss=0.001864 value_loss=1.522964
[iter=45355] rollout_mean_bb=15.6445 policy_loss=-0.012361 value_loss=1.086896
[iter=45360] rollout_mean_bb=9.9297 policy_loss=0.023040 value_loss=1.609322
[iter=45365] rollout_mean_bb=16.5459 policy_loss=-0.016792 value_loss=1.062486
[iter=45370] rollout_mean_bb=12.9805 policy_loss=0.045144 value_loss=1.717534
[iter=45375] rollout_mean_bb=6.3369 policy_loss=-0.004606 value_loss=1.636410
[iter=45380] rollout_mean_bb=14.4746 policy_loss=0.034656 value_loss=1.337184
[iter=45385] rollout_mean_bb=16.6367 policy_loss=0.003245 value_loss=1.290001
[iter=45390] rollout_mean_bb=14.7842 policy_loss=0.004474 value_loss=1.476923
[iter=45395] rollout_mean_bb=12.6924 policy_loss=0.010185 value_loss=1.384712
[iter=45400] rollout_mean_bb=13.0625 policy_loss=0.001129 value_loss=1.354156
[iter=45405] rollout_mean_bb=11.2754 policy_loss=0.005386 value_loss=1.496129
[iter=45410] rollout_mean_bb=11.1582 policy_loss=0.031229 value_loss=1.483022
[iter=45415] rollout_mean_bb=18.3965 policy_loss=-0.033676 value_loss=1.318508
[iter=45420] rollout_mean_bb=14.8613 policy_loss=-0.008021 value_loss=1.171873
[iter=45425] rollout_mean_bb=11.0410 policy_loss=0.010410 value_loss=1.451446
[iter=45430] rollout_mean_bb=18.7959 policy_loss=0.012381 value_loss=1.180661
[iter=45435] rollout_mean_bb=14.8809 policy_loss=-0.030336 value_loss=1.300794
[iter=45440] rollout_mean_bb=11.4004 policy_loss=0.010534 value_loss=1.160840
[iter=45445] rollout_mean_bb=19.3477 policy_loss=-0.010886 value_loss=1.273534
[iter=45450] rollout_mean_bb=14.8809 policy_loss=-0.015506 value_loss=1.510914
[iter=45455] rollout_mean_bb=16.0576 policy_loss=-0.012024 value_loss=1.450230
[iter=45460] rollout_mean_bb=13.2920 policy_loss=-0.001794 value_loss=1.397053
[iter=45465] rollout_mean_bb=8.7754 policy_loss=0.065026 value_loss=1.915076
[iter=45470] rollout_mean_bb=13.2881 policy_loss=0.001083 value_loss=1.184995
[iter=45475] rollout_mean_bb=18.0352 policy_loss=-0.020196 value_loss=1.340607
[iter=45480] rollout_mean_bb=11.8008 policy_loss=-0.097453 value_loss=1.235145
[iter=45485] rollout_mean_bb=15.3350 policy_loss=-0.023703 value_loss=1.340475
[iter=45490] rollout_mean_bb=12.8975 policy_loss=0.069156 value_loss=1.609446
[iter=45495] rollout_mean_bb=15.6787 policy_loss=0.014109 value_loss=1.653770
[iter=45500] rollout_mean_bb=3.2598 policy_loss=0.012467 value_loss=1.684789
[iter=45505] rollout_mean_bb=12.5078 policy_loss=-0.023187 value_loss=1.545252
[iter=45510] rollout_mean_bb=19.6143 policy_loss=0.023115 value_loss=1.254388
[iter=45515] rollout_mean_bb=12.5234 policy_loss=0.037910 value_loss=1.495455
[iter=45520] rollout_mean_bb=12.1699 policy_loss=0.005457 value_loss=1.272535
[iter=45525] rollout_mean_bb=4.1582 policy_loss=0.031672 value_loss=1.817860
[iter=45530] rollout_mean_bb=9.7686 policy_loss=0.005006 value_loss=1.341625
[iter=45535] rollout_mean_bb=13.6855 policy_loss=0.000565 value_loss=1.305162
[iter=45540] rollout_mean_bb=13.7129 policy_loss=-0.001678 value_loss=1.292858
[iter=45545] rollout_mean_bb=12.9092 policy_loss=-0.017151 value_loss=1.447286
[iter=45550] rollout_mean_bb=13.6338 policy_loss=-0.001136 value_loss=1.368592
[iter=45555] rollout_mean_bb=13.7100 policy_loss=-0.015173 value_loss=1.347940
[iter=45560] rollout_mean_bb=14.4814 policy_loss=-0.000823 value_loss=1.363084
[iter=45565] rollout_mean_bb=20.3760 policy_loss=-0.009543 value_loss=1.376230
[iter=45570] rollout_mean_bb=6.2969 policy_loss=-0.067142 value_loss=1.361182
[iter=45575] rollout_mean_bb=7.0586 policy_loss=0.003666 value_loss=1.654978
[iter=45580] rollout_mean_bb=9.7910 policy_loss=0.002272 value_loss=1.408187
[iter=45585] rollout_mean_bb=11.8311 policy_loss=-0.020008 value_loss=1.289130
[iter=45590] rollout_mean_bb=10.9629 policy_loss=0.005079 value_loss=1.508480
[iter=45595] rollout_mean_bb=18.4619 policy_loss=-0.006641 value_loss=1.303998
[iter=45600] rollout_mean_bb=6.2637 policy_loss=0.016292 value_loss=1.928420
[iter=45605] rollout_mean_bb=12.2051 policy_loss=-0.009873 value_loss=1.640244
[iter=45610] rollout_mean_bb=12.5752 policy_loss=0.029897 value_loss=1.370664
[iter=45615] rollout_mean_bb=11.4473 policy_loss=0.041647 value_loss=1.630314
[iter=45620] rollout_mean_bb=9.4375 policy_loss=0.005571 value_loss=1.690191
[iter=45625] rollout_mean_bb=21.9395 policy_loss=0.002585 value_loss=0.986568
[iter=45630] rollout_mean_bb=8.6152 policy_loss=-0.004741 value_loss=1.487403
[iter=45635] rollout_mean_bb=15.3848 policy_loss=0.002998 value_loss=1.303820
[iter=45640] rollout_mean_bb=16.0479 policy_loss=0.037524 value_loss=1.534913
[iter=45645] rollout_mean_bb=14.5322 policy_loss=0.066295 value_loss=1.580524
[iter=45650] rollout_mean_bb=11.3721 policy_loss=0.008972 value_loss=1.304245
[iter=45655] rollout_mean_bb=14.3076 policy_loss=0.026075 value_loss=1.381798
[iter=45660] rollout_mean_bb=12.5537 policy_loss=-0.023305 value_loss=1.349262
[iter=45665] rollout_mean_bb=15.2549 policy_loss=-0.010874 value_loss=1.327276
[iter=45670] rollout_mean_bb=12.5068 policy_loss=0.001114 value_loss=1.138635
[iter=45675] rollout_mean_bb=10.9814 policy_loss=0.001745 value_loss=1.778552
[iter=45680] rollout_mean_bb=13.1904 policy_loss=0.000174 value_loss=1.555090
[iter=45685] rollout_mean_bb=17.6523 policy_loss=0.006887 value_loss=1.057028
[iter=45690] rollout_mean_bb=11.7930 policy_loss=-0.049492 value_loss=1.614323
[iter=45695] rollout_mean_bb=12.6055 policy_loss=0.014483 value_loss=1.589214
[iter=45700] rollout_mean_bb=15.6504 policy_loss=0.020099 value_loss=1.366139
[iter=45705] rollout_mean_bb=13.3076 policy_loss=0.019639 value_loss=1.556477
[iter=45710] rollout_mean_bb=17.2041 policy_loss=0.008118 value_loss=1.191321
[iter=45715] rollout_mean_bb=7.8945 policy_loss=0.002150 value_loss=1.774430
[iter=45720] rollout_mean_bb=17.9756 policy_loss=0.032276 value_loss=1.437757
[iter=45725] rollout_mean_bb=8.2031 policy_loss=-0.015207 value_loss=1.437898
[iter=45730] rollout_mean_bb=20.3301 policy_loss=0.066752 value_loss=1.245703
[iter=45735] rollout_mean_bb=3.1543 policy_loss=0.029061 value_loss=1.516007
[iter=45740] rollout_mean_bb=16.1201 policy_loss=-0.004563 value_loss=1.458440
[iter=45745] rollout_mean_bb=9.1465 policy_loss=0.004778 value_loss=1.555145
[iter=45750] rollout_mean_bb=12.2129 policy_loss=0.001000 value_loss=1.458931
[iter=45755] rollout_mean_bb=8.8008 policy_loss=0.046896 value_loss=1.508836
[iter=45760] rollout_mean_bb=12.9209 policy_loss=-0.000138 value_loss=1.400931
[iter=45765] rollout_mean_bb=8.7021 policy_loss=0.013991 value_loss=1.611336
[iter=45770] rollout_mean_bb=13.1924 policy_loss=-0.004856 value_loss=1.315255
[iter=45775] rollout_mean_bb=12.8193 policy_loss=-0.021313 value_loss=1.544888
[iter=45780] rollout_mean_bb=12.6572 policy_loss=0.071355 value_loss=1.744041
[iter=45785] rollout_mean_bb=5.0801 policy_loss=0.003989 value_loss=1.620079
[iter=45790] rollout_mean_bb=9.4248 policy_loss=0.033523 value_loss=1.769357
[iter=45795] rollout_mean_bb=11.0518 policy_loss=0.005692 value_loss=1.513669
[iter=45800] rollout_mean_bb=12.9180 policy_loss=-0.031276 value_loss=1.537801
[iter=45805] rollout_mean_bb=17.9160 policy_loss=0.014653 value_loss=1.543161
[iter=45810] rollout_mean_bb=17.3340 policy_loss=0.010261 value_loss=1.214344
[iter=45815] rollout_mean_bb=9.0244 policy_loss=-0.001870 value_loss=1.723398
[iter=45820] rollout_mean_bb=6.2764 policy_loss=0.076101 value_loss=1.738380
[iter=45825] rollout_mean_bb=10.5664 policy_loss=0.006324 value_loss=1.275824
[iter=45830] rollout_mean_bb=8.7480 policy_loss=0.044831 value_loss=1.702971
[iter=45835] rollout_mean_bb=14.5361 policy_loss=0.006245 value_loss=1.327523
[iter=45840] rollout_mean_bb=19.8535 policy_loss=0.015105 value_loss=1.390158
[iter=45845] rollout_mean_bb=18.0146 policy_loss=-0.019162 value_loss=1.467094
[iter=45850] rollout_mean_bb=15.0977 policy_loss=-0.045774 value_loss=1.275288
[iter=45855] rollout_mean_bb=12.5947 policy_loss=-0.011419 value_loss=1.492050
[iter=45860] rollout_mean_bb=14.4482 policy_loss=-0.003539 value_loss=1.176881
[iter=45865] rollout_mean_bb=10.1562 policy_loss=-0.009973 value_loss=1.396503
[iter=45870] rollout_mean_bb=14.1807 policy_loss=0.002846 value_loss=1.352094
[iter=45875] rollout_mean_bb=10.5801 policy_loss=0.005658 value_loss=1.529424
[iter=45880] rollout_mean_bb=14.4785 policy_loss=0.003804 value_loss=1.419860
[iter=45885] rollout_mean_bb=14.0811 policy_loss=0.001877 value_loss=1.183090
[iter=45890] rollout_mean_bb=16.4648 policy_loss=0.019271 value_loss=1.245500
[iter=45895] rollout_mean_bb=14.9619 policy_loss=0.027474 value_loss=1.521563
[iter=45900] rollout_mean_bb=17.3691 policy_loss=0.009237 value_loss=1.487828
[iter=45905] rollout_mean_bb=12.7998 policy_loss=0.022929 value_loss=1.730914
[iter=45910] rollout_mean_bb=14.4912 policy_loss=0.344818 value_loss=2.580686
[iter=45915] rollout_mean_bb=18.5205 policy_loss=-0.016262 value_loss=1.258020
[iter=45920] rollout_mean_bb=15.9248 policy_loss=0.013256 value_loss=1.389289
[iter=45925] rollout_mean_bb=12.3506 policy_loss=0.023032 value_loss=1.515387
[iter=45930] rollout_mean_bb=9.4883 policy_loss=0.002085 value_loss=1.444496
[iter=45935] rollout_mean_bb=20.0186 policy_loss=0.001245 value_loss=1.108997
[iter=45940] rollout_mean_bb=16.1006 policy_loss=0.002081 value_loss=1.426052
[iter=45945] rollout_mean_bb=21.0752 policy_loss=-0.035301 value_loss=1.285515
[iter=45950] rollout_mean_bb=10.2500 policy_loss=0.009760 value_loss=1.406951
[iter=45955] rollout_mean_bb=10.2148 policy_loss=-0.018894 value_loss=1.380368
[iter=45960] rollout_mean_bb=14.0938 policy_loss=0.023064 value_loss=1.429302
[iter=45965] rollout_mean_bb=14.4199 policy_loss=0.041156 value_loss=1.507275
[iter=45970] rollout_mean_bb=14.5137 policy_loss=-0.038790 value_loss=1.011188
[iter=45975] rollout_mean_bb=18.7051 policy_loss=-0.012343 value_loss=1.224112
[iter=45980] rollout_mean_bb=17.6289 policy_loss=-0.008596 value_loss=1.267688
[iter=45985] rollout_mean_bb=10.3359 policy_loss=-0.024544 value_loss=1.626605
[iter=45990] rollout_mean_bb=7.0684 policy_loss=-0.009468 value_loss=1.450589
[iter=45995] rollout_mean_bb=12.1406 policy_loss=0.001971 value_loss=1.368353
[iter=46000] rollout_mean_bb=20.3545 policy_loss=0.025926 value_loss=1.387559
[iter=46005] rollout_mean_bb=15.1279 policy_loss=0.007599 value_loss=1.387931
[iter=46010] rollout_mean_bb=11.0752 policy_loss=0.083617 value_loss=1.911447
[iter=46015] rollout_mean_bb=25.3232 policy_loss=0.029708 value_loss=1.321018
[iter=46020] rollout_mean_bb=11.7803 policy_loss=-0.003789 value_loss=1.828032
[iter=46025] rollout_mean_bb=15.9072 policy_loss=-0.067471 value_loss=1.124763
[iter=46030] rollout_mean_bb=14.8740 policy_loss=0.007033 value_loss=1.349202
[iter=46035] rollout_mean_bb=12.1104 policy_loss=0.020760 value_loss=1.533766
[iter=46040] rollout_mean_bb=12.8799 policy_loss=-0.047596 value_loss=1.226249
[iter=46045] rollout_mean_bb=13.3193 policy_loss=0.004478 value_loss=1.512506
[iter=46050] rollout_mean_bb=13.6816 policy_loss=0.004808 value_loss=1.188926
[iter=46055] rollout_mean_bb=7.8223 policy_loss=0.020500 value_loss=1.673735
[iter=46060] rollout_mean_bb=15.0029 policy_loss=0.015570 value_loss=1.422190
[iter=46065] rollout_mean_bb=11.6582 policy_loss=0.007077 value_loss=1.591631
[iter=46070] rollout_mean_bb=8.2188 policy_loss=0.004074 value_loss=1.436931
[iter=46075] rollout_mean_bb=12.9404 policy_loss=0.013970 value_loss=1.384277
[iter=46080] rollout_mean_bb=9.0049 policy_loss=0.017845 value_loss=1.642807
[iter=46085] rollout_mean_bb=10.3271 policy_loss=-0.019237 value_loss=1.441619
[iter=46090] rollout_mean_bb=12.8906 policy_loss=-0.002852 value_loss=1.352322
[iter=46095] rollout_mean_bb=8.6768 policy_loss=-0.035693 value_loss=1.456472
[iter=46100] rollout_mean_bb=14.1387 policy_loss=0.041651 value_loss=1.458911
[iter=46105] rollout_mean_bb=17.2256 policy_loss=0.066687 value_loss=1.631076
[iter=46110] rollout_mean_bb=5.6133 policy_loss=-0.009300 value_loss=1.477444
[iter=46115] rollout_mean_bb=6.6953 policy_loss=0.070668 value_loss=2.219049
[iter=46120] rollout_mean_bb=17.7432 policy_loss=0.007330 value_loss=1.288794
[iter=46125] rollout_mean_bb=5.8594 policy_loss=0.068529 value_loss=1.994006
[iter=46130] rollout_mean_bb=20.3682 policy_loss=-0.022578 value_loss=1.294283
[iter=46135] rollout_mean_bb=10.5723 policy_loss=-0.007331 value_loss=1.329512
[iter=46140] rollout_mean_bb=14.3379 policy_loss=-0.045853 value_loss=1.174011
[iter=46145] rollout_mean_bb=12.1514 policy_loss=0.005544 value_loss=1.578643
[iter=46150] rollout_mean_bb=14.8877 policy_loss=0.006220 value_loss=1.322041
[iter=46155] rollout_mean_bb=16.4414 policy_loss=0.068299 value_loss=1.213634
[iter=46160] rollout_mean_bb=21.8955 policy_loss=0.010855 value_loss=1.272931
[iter=46165] rollout_mean_bb=11.6807 policy_loss=0.000640 value_loss=1.401151
[iter=46170] rollout_mean_bb=16.7725 policy_loss=-0.039582 value_loss=1.008742
[iter=46175] rollout_mean_bb=9.0215 policy_loss=0.009963 value_loss=1.415751
[iter=46180] rollout_mean_bb=25.0098 policy_loss=0.028258 value_loss=1.286952
[iter=46185] rollout_mean_bb=12.9053 policy_loss=0.043367 value_loss=1.558264
[iter=46190] rollout_mean_bb=19.1396 policy_loss=0.003164 value_loss=1.136293
[iter=46195] rollout_mean_bb=16.0332 policy_loss=0.094020 value_loss=1.596188
[iter=46200] rollout_mean_bb=14.5996 policy_loss=-0.005757 value_loss=1.513424
[iter=46205] rollout_mean_bb=10.1709 policy_loss=0.059318 value_loss=1.833739
[iter=46210] rollout_mean_bb=17.9658 policy_loss=-0.023088 value_loss=1.039383
[iter=46215] rollout_mean_bb=14.4863 policy_loss=-0.034274 value_loss=1.509064
[iter=46220] rollout_mean_bb=12.1221 policy_loss=-0.009326 value_loss=1.358565
[iter=46225] rollout_mean_bb=12.8740 policy_loss=0.000728 value_loss=1.305103
[iter=46230] rollout_mean_bb=12.5801 policy_loss=0.000849 value_loss=1.341555
[iter=46235] rollout_mean_bb=6.9170 policy_loss=0.005273 value_loss=1.552795
[iter=46240] rollout_mean_bb=14.1172 policy_loss=0.008591 value_loss=1.333662
[iter=46245] rollout_mean_bb=14.0039 policy_loss=-0.002783 value_loss=1.165432
[iter=46250] rollout_mean_bb=18.0186 policy_loss=0.016801 value_loss=1.215215
[iter=46255] rollout_mean_bb=13.6797 policy_loss=0.026412 value_loss=1.213573
[iter=46260] rollout_mean_bb=9.4170 policy_loss=0.028375 value_loss=1.378290
[iter=46265] rollout_mean_bb=13.2549 policy_loss=0.014966 value_loss=1.134334
[iter=46270] rollout_mean_bb=14.4941 policy_loss=0.006764 value_loss=1.061012
[iter=46275] rollout_mean_bb=21.0664 policy_loss=-0.019491 value_loss=0.904323
[iter=46280] rollout_mean_bb=13.2793 policy_loss=0.020221 value_loss=1.152622
[iter=46285] rollout_mean_bb=11.7471 policy_loss=0.015452 value_loss=1.509554
[iter=46290] rollout_mean_bb=14.0791 policy_loss=-0.020974 value_loss=1.174949
[iter=46295] rollout_mean_bb=14.8828 policy_loss=-0.001125 value_loss=1.185924
[iter=46300] rollout_mean_bb=7.8340 policy_loss=0.017595 value_loss=1.341901
[iter=46305] rollout_mean_bb=6.6143 policy_loss=0.005205 value_loss=1.637895
[iter=46310] rollout_mean_bb=14.4678 policy_loss=0.002394 value_loss=1.021084
[iter=46315] rollout_mean_bb=7.0732 policy_loss=0.004552 value_loss=1.757983
[iter=46320] rollout_mean_bb=9.3643 policy_loss=-0.019006 value_loss=1.288778
[iter=46325] rollout_mean_bb=9.3418 policy_loss=-0.049744 value_loss=1.201058
[iter=46330] rollout_mean_bb=13.3574 policy_loss=0.035008 value_loss=1.359079
[iter=46335] rollout_mean_bb=16.8252 policy_loss=-0.027320 value_loss=1.238723
[iter=46340] rollout_mean_bb=5.4883 policy_loss=-0.092081 value_loss=1.446172
[iter=46345] rollout_mean_bb=14.1299 policy_loss=0.033393 value_loss=1.221372
[iter=46350] rollout_mean_bb=11.3164 policy_loss=0.015184 value_loss=1.507486
[iter=46355] rollout_mean_bb=14.7432 policy_loss=0.019979 value_loss=1.424139
[iter=46360] rollout_mean_bb=12.2266 policy_loss=0.031655 value_loss=1.672810
[iter=46365] rollout_mean_bb=13.9434 policy_loss=-0.017295 value_loss=1.246329
[iter=46370] rollout_mean_bb=13.0107 policy_loss=0.016780 value_loss=1.189103
[iter=46375] rollout_mean_bb=7.8252 policy_loss=0.005823 value_loss=1.489647
[iter=46380] rollout_mean_bb=15.6377 policy_loss=-0.020280 value_loss=1.124252
[iter=46385] rollout_mean_bb=7.3896 policy_loss=0.006605 value_loss=1.260565
[iter=46390] rollout_mean_bb=12.1641 policy_loss=0.037980 value_loss=1.606430
[iter=46395] rollout_mean_bb=14.4736 policy_loss=-0.034293 value_loss=1.441471
[iter=46400] rollout_mean_bb=10.9697 policy_loss=0.062386 value_loss=1.553595
[iter=46405] rollout_mean_bb=16.5342 policy_loss=-0.017587 value_loss=1.449306
[iter=46410] rollout_mean_bb=7.1641 policy_loss=-0.086663 value_loss=1.306082
[iter=46415] rollout_mean_bb=16.8018 policy_loss=0.002345 value_loss=1.568236
[iter=46420] rollout_mean_bb=11.7939 policy_loss=0.000632 value_loss=1.287829
[iter=46425] rollout_mean_bb=13.2725 policy_loss=-0.009257 value_loss=1.128671
[iter=46430] rollout_mean_bb=17.1875 policy_loss=0.014883 value_loss=1.169612
[iter=46435] rollout_mean_bb=5.0410 policy_loss=-0.009555 value_loss=1.723480
[iter=46440] rollout_mean_bb=21.5303 policy_loss=-0.031355 value_loss=1.017092
[iter=46445] rollout_mean_bb=12.9463 policy_loss=0.092677 value_loss=1.747701
[iter=46450] rollout_mean_bb=18.0674 policy_loss=0.030244 value_loss=1.453225
[iter=46455] rollout_mean_bb=14.8438 policy_loss=0.003292 value_loss=1.213141
[iter=46460] rollout_mean_bb=12.4160 policy_loss=-0.004069 value_loss=1.162638
[iter=46465] rollout_mean_bb=12.1514 policy_loss=0.035654 value_loss=1.367123
[iter=46470] rollout_mean_bb=12.8984 policy_loss=-0.043805 value_loss=1.165709
[iter=46475] rollout_mean_bb=1.0977 policy_loss=-0.100504 value_loss=1.449297
[iter=46480] rollout_mean_bb=13.2051 policy_loss=-0.008826 value_loss=1.382755
[iter=46485] rollout_mean_bb=18.3584 policy_loss=-0.001250 value_loss=1.123546
[iter=46490] rollout_mean_bb=7.4561 policy_loss=-0.003007 value_loss=1.549362
[iter=46495] rollout_mean_bb=10.5820 policy_loss=-0.005589 value_loss=1.683730
[iter=46500] rollout_mean_bb=15.4883 policy_loss=0.012758 value_loss=1.223357
[iter=46505] rollout_mean_bb=12.1709 policy_loss=0.022167 value_loss=1.530636
[iter=46510] rollout_mean_bb=7.8545 policy_loss=-0.026718 value_loss=1.331007
[iter=46515] rollout_mean_bb=12.1777 policy_loss=0.013686 value_loss=1.603461
[iter=46520] rollout_mean_bb=8.9609 policy_loss=0.008915 value_loss=1.690515
[iter=46525] rollout_mean_bb=19.1855 policy_loss=0.012724 value_loss=1.220483
[iter=46530] rollout_mean_bb=16.0713 policy_loss=-0.025034 value_loss=1.084635
[iter=46535] rollout_mean_bb=14.3281 policy_loss=0.004292 value_loss=1.167707
[iter=46540] rollout_mean_bb=7.0547 policy_loss=0.026948 value_loss=1.740705
[iter=46545] rollout_mean_bb=9.4883 policy_loss=-0.013339 value_loss=1.526475
[iter=46550] rollout_mean_bb=15.6455 policy_loss=-0.000943 value_loss=1.453120
[iter=46555] rollout_mean_bb=13.3359 policy_loss=-0.014593 value_loss=1.013976
[iter=46560] rollout_mean_bb=9.7529 policy_loss=-0.042647 value_loss=1.375199
[iter=46565] rollout_mean_bb=12.8955 policy_loss=0.041165 value_loss=1.536204
[iter=46570] rollout_mean_bb=11.7871 policy_loss=0.010524 value_loss=1.345858
[iter=46575] rollout_mean_bb=6.3018 policy_loss=-0.010788 value_loss=1.463605
[iter=46580] rollout_mean_bb=6.6689 policy_loss=0.036745 value_loss=1.568567
[iter=46585] rollout_mean_bb=12.1309 policy_loss=0.007112 value_loss=1.231614
[iter=46590] rollout_mean_bb=20.1104 policy_loss=-0.110834 value_loss=1.294456
[iter=46595] rollout_mean_bb=19.5264 policy_loss=0.035381 value_loss=1.489188
[iter=46600] rollout_mean_bb=10.2236 policy_loss=0.004250 value_loss=1.465367
[iter=46605] rollout_mean_bb=10.5635 policy_loss=0.056378 value_loss=1.886967
[iter=46610] rollout_mean_bb=16.9121 policy_loss=-0.017260 value_loss=1.009839
[iter=46615] rollout_mean_bb=11.7822 policy_loss=0.026435 value_loss=1.661322
[iter=46620] rollout_mean_bb=11.7090 policy_loss=0.011116 value_loss=1.370188
[iter=46625] rollout_mean_bb=18.3818 policy_loss=0.003197 value_loss=1.197669
[iter=46630] rollout_mean_bb=3.6670 policy_loss=-0.049532 value_loss=1.461211
[iter=46635] rollout_mean_bb=17.6230 policy_loss=-0.046344 value_loss=1.063499
[iter=46640] rollout_mean_bb=15.6807 policy_loss=0.030685 value_loss=1.360220
[iter=46645] rollout_mean_bb=17.9834 policy_loss=-0.042241 value_loss=1.120053
[iter=46650] rollout_mean_bb=13.2920 policy_loss=-0.012503 value_loss=1.443692
[iter=46655] rollout_mean_bb=10.5498 policy_loss=0.035255 value_loss=1.526736
[iter=46660] rollout_mean_bb=9.3711 policy_loss=-0.005567 value_loss=1.420277
[iter=46665] rollout_mean_bb=13.5205 policy_loss=0.004821 value_loss=1.473897
[iter=46670] rollout_mean_bb=13.2676 policy_loss=-0.001949 value_loss=1.230604
[iter=46675] rollout_mean_bb=9.3916 policy_loss=-0.002701 value_loss=1.455496
[iter=46680] rollout_mean_bb=12.1543 policy_loss=-0.006756 value_loss=1.320305
[iter=46685] rollout_mean_bb=7.7939 policy_loss=0.028573 value_loss=1.474399
[iter=46690] rollout_mean_bb=17.1719 policy_loss=-0.008672 value_loss=1.203772
[iter=46695] rollout_mean_bb=2.7451 policy_loss=-0.010373 value_loss=1.586065
[iter=46700] rollout_mean_bb=15.3828 policy_loss=-0.004003 value_loss=1.649200
[iter=46705] rollout_mean_bb=11.4023 policy_loss=0.020196 value_loss=1.482807
[iter=46710] rollout_mean_bb=7.8389 policy_loss=-0.008066 value_loss=1.694612
[iter=46715] rollout_mean_bb=19.9756 policy_loss=0.013015 value_loss=1.321228
[iter=46720] rollout_mean_bb=10.5762 policy_loss=0.026524 value_loss=1.510440
[iter=46725] rollout_mean_bb=11.3135 policy_loss=-0.002169 value_loss=1.499611
[iter=46730] rollout_mean_bb=13.7266 policy_loss=0.010284 value_loss=1.295020
[iter=46735] rollout_mean_bb=10.9268 policy_loss=0.034159 value_loss=1.629941
[iter=46740] rollout_mean_bb=15.2256 policy_loss=-0.013722 value_loss=1.371453
[iter=46745] rollout_mean_bb=16.3682 policy_loss=0.081161 value_loss=1.277747
[iter=46750] rollout_mean_bb=12.4551 policy_loss=-0.008847 value_loss=1.492126
[iter=46755] rollout_mean_bb=10.1221 policy_loss=0.003297 value_loss=1.240810
[iter=46760] rollout_mean_bb=22.3154 policy_loss=-0.004895 value_loss=1.192879
[iter=46765] rollout_mean_bb=15.6240 policy_loss=0.006180 value_loss=1.323937
[iter=46770] rollout_mean_bb=13.3496 policy_loss=0.077664 value_loss=1.305021
[iter=46775] rollout_mean_bb=5.0908 policy_loss=0.012309 value_loss=1.337077
[iter=46780] rollout_mean_bb=10.1602 policy_loss=-0.004894 value_loss=1.512494
[iter=46785] rollout_mean_bb=12.5215 policy_loss=0.044684 value_loss=1.482293
[iter=46790] rollout_mean_bb=9.3057 policy_loss=0.007920 value_loss=1.604675
[iter=46795] rollout_mean_bb=16.4453 policy_loss=0.016547 value_loss=1.253947
[iter=46800] rollout_mean_bb=14.0977 policy_loss=0.010366 value_loss=1.415994
[iter=46805] rollout_mean_bb=7.5938 policy_loss=-0.021942 value_loss=1.708055
[iter=46810] rollout_mean_bb=7.9941 policy_loss=-0.035843 value_loss=1.475237
[iter=46815] rollout_mean_bb=12.5879 policy_loss=-0.095918 value_loss=1.447998
[iter=46820] rollout_mean_bb=8.9053 policy_loss=0.008575 value_loss=1.451705
[iter=46825] rollout_mean_bb=9.3867 policy_loss=0.000391 value_loss=1.239715
[iter=46830] rollout_mean_bb=13.3008 policy_loss=0.000355 value_loss=1.423473
[iter=46835] rollout_mean_bb=12.9434 policy_loss=-0.004768 value_loss=1.240947
[iter=46840] rollout_mean_bb=21.4580 policy_loss=0.034724 value_loss=1.241800
[iter=46845] rollout_mean_bb=10.8984 policy_loss=-0.036382 value_loss=1.284480
[iter=46850] rollout_mean_bb=14.4570 policy_loss=-0.002250 value_loss=1.094000
[iter=46855] rollout_mean_bb=10.1582 policy_loss=0.002633 value_loss=1.107094
[iter=46860] rollout_mean_bb=12.5605 policy_loss=-0.006750 value_loss=1.349571
[iter=46865] rollout_mean_bb=10.5693 policy_loss=0.001955 value_loss=1.399337
[iter=46870] rollout_mean_bb=10.9463 policy_loss=0.005351 value_loss=1.256181
[iter=46875] rollout_mean_bb=17.6367 policy_loss=0.004900 value_loss=1.114115
[iter=46880] rollout_mean_bb=10.9463 policy_loss=-0.013417 value_loss=1.252584
[iter=46885] rollout_mean_bb=13.6279 policy_loss=-0.003586 value_loss=1.371384
[iter=46890] rollout_mean_bb=11.8193 policy_loss=-0.017985 value_loss=1.314355
[iter=46895] rollout_mean_bb=17.5547 policy_loss=0.077740 value_loss=1.567283
[iter=46900] rollout_mean_bb=15.2412 policy_loss=0.003346 value_loss=1.198439
[iter=46905] rollout_mean_bb=10.9629 policy_loss=-0.007215 value_loss=1.587211
[iter=46910] rollout_mean_bb=9.8467 policy_loss=-0.009082 value_loss=1.354654
[iter=46915] rollout_mean_bb=7.4619 policy_loss=0.001521 value_loss=1.705388
[iter=46920] rollout_mean_bb=13.2646 policy_loss=0.114666 value_loss=1.644276
[iter=46925] rollout_mean_bb=8.5781 policy_loss=-0.024359 value_loss=1.293161
[iter=46930] rollout_mean_bb=13.2441 policy_loss=0.040470 value_loss=1.254955
[iter=46935] rollout_mean_bb=10.6309 policy_loss=-0.002156 value_loss=1.009330
[iter=46940] rollout_mean_bb=13.6895 policy_loss=0.007536 value_loss=1.546837
[iter=46945] rollout_mean_bb=21.6084 policy_loss=0.004450 value_loss=1.134360
[iter=46950] rollout_mean_bb=14.9619 policy_loss=0.004307 value_loss=1.427497
[iter=46955] rollout_mean_bb=4.6758 policy_loss=0.007326 value_loss=1.459899
[iter=46960] rollout_mean_bb=19.5010 policy_loss=0.008708 value_loss=1.350622
[iter=46965] rollout_mean_bb=14.4775 policy_loss=0.003200 value_loss=1.301331
[iter=46970] rollout_mean_bb=15.2412 policy_loss=0.017820 value_loss=1.157549
[iter=46975] rollout_mean_bb=14.8594 policy_loss=0.130776 value_loss=1.752198
[iter=46980] rollout_mean_bb=6.9971 policy_loss=-0.000837 value_loss=1.379829
[iter=46985] rollout_mean_bb=11.7295 policy_loss=-0.006961 value_loss=1.169135
[iter=46990] rollout_mean_bb=8.6953 policy_loss=0.007259 value_loss=1.467721
[iter=46995] rollout_mean_bb=8.2305 policy_loss=-0.019972 value_loss=1.377223
[iter=47000] rollout_mean_bb=19.1758 policy_loss=-0.021756 value_loss=1.189662
[iter=47005] rollout_mean_bb=11.1289 policy_loss=0.008026 value_loss=1.553238
[iter=47010] rollout_mean_bb=11.7383 policy_loss=0.018349 value_loss=1.462366
[iter=47015] rollout_mean_bb=9.7900 policy_loss=0.014091 value_loss=1.673821
[iter=47020] rollout_mean_bb=16.0420 policy_loss=-0.003589 value_loss=1.386334
[iter=47025] rollout_mean_bb=16.7881 policy_loss=0.016717 value_loss=1.058335
[iter=47030] rollout_mean_bb=13.3037 policy_loss=-0.010338 value_loss=1.416112
[iter=47035] rollout_mean_bb=7.0547 policy_loss=-0.000071 value_loss=1.470366
[iter=47040] rollout_mean_bb=10.1387 policy_loss=0.020649 value_loss=1.433292
[iter=47045] rollout_mean_bb=16.0166 policy_loss=-0.009479 value_loss=1.353452
[iter=47050] rollout_mean_bb=14.0977 policy_loss=0.021156 value_loss=1.205416
[iter=47055] rollout_mean_bb=9.3721 policy_loss=0.002959 value_loss=1.274126
[iter=47060] rollout_mean_bb=13.3379 policy_loss=-0.028378 value_loss=1.333155
[iter=47065] rollout_mean_bb=14.4131 policy_loss=-0.005649 value_loss=1.214206
[iter=47070] rollout_mean_bb=12.2891 policy_loss=-0.039069 value_loss=1.032793
[iter=47075] rollout_mean_bb=5.3125 policy_loss=-0.011388 value_loss=1.375307
[iter=47080] rollout_mean_bb=16.4150 policy_loss=0.007578 value_loss=1.140927
[iter=47085] rollout_mean_bb=9.3721 policy_loss=-0.031615 value_loss=1.444151
[iter=47090] rollout_mean_bb=5.8408 policy_loss=-0.001157 value_loss=1.877416
[iter=47095] rollout_mean_bb=22.3350 policy_loss=0.006908 value_loss=1.085796
[iter=47100] rollout_mean_bb=9.8154 policy_loss=0.002199 value_loss=1.499151
[iter=47105] rollout_mean_bb=13.3506 policy_loss=0.006835 value_loss=1.773940
[iter=47110] rollout_mean_bb=11.3604 policy_loss=0.032643 value_loss=1.404797
[iter=47115] rollout_mean_bb=19.1680 policy_loss=-0.063897 value_loss=1.292503
[iter=47120] rollout_mean_bb=16.7803 policy_loss=0.011035 value_loss=1.296052
[iter=47125] rollout_mean_bb=18.3984 policy_loss=-0.010623 value_loss=1.087806
[iter=47130] rollout_mean_bb=19.1992 policy_loss=0.002372 value_loss=1.151770
[iter=47135] rollout_mean_bb=9.0283 policy_loss=0.155027 value_loss=1.708504
[iter=47140] rollout_mean_bb=11.6719 policy_loss=0.008493 value_loss=1.386737
[iter=47145] rollout_mean_bb=14.5977 policy_loss=0.006770 value_loss=1.101201
[iter=47150] rollout_mean_bb=18.7842 policy_loss=0.000808 value_loss=1.255851
[iter=47155] rollout_mean_bb=10.9834 policy_loss=0.046845 value_loss=1.433458
[iter=47160] rollout_mean_bb=10.5771 policy_loss=0.061600 value_loss=1.734660
[iter=47165] rollout_mean_bb=13.2900 policy_loss=-0.002275 value_loss=1.355852
[iter=47170] rollout_mean_bb=15.6621 policy_loss=-0.001937 value_loss=1.040338
[iter=47175] rollout_mean_bb=8.7832 policy_loss=0.018466 value_loss=1.394521
[iter=47180] rollout_mean_bb=7.4043 policy_loss=-0.003721 value_loss=1.490868
[iter=47185] rollout_mean_bb=9.7646 policy_loss=0.016355 value_loss=1.353957
[iter=47190] rollout_mean_bb=7.0254 policy_loss=-0.006320 value_loss=1.746050
[iter=47195] rollout_mean_bb=7.7861 policy_loss=0.010826 value_loss=1.594616
[iter=47200] rollout_mean_bb=13.7393 policy_loss=0.000611 value_loss=1.074972
[iter=47205] rollout_mean_bb=6.7832 policy_loss=-0.011401 value_loss=1.483249
[iter=47210] rollout_mean_bb=9.3887 policy_loss=-0.020049 value_loss=1.136087
[iter=47215] rollout_mean_bb=14.4346 policy_loss=-0.090958 value_loss=1.196928
[iter=47220] rollout_mean_bb=13.3262 policy_loss=0.000247 value_loss=1.209013
[iter=47225] rollout_mean_bb=12.9023 policy_loss=-0.004980 value_loss=1.228548
[iter=47230] rollout_mean_bb=7.8242 policy_loss=-0.003229 value_loss=1.134909
[iter=47235] rollout_mean_bb=7.1484 policy_loss=0.003391 value_loss=1.403197
[iter=47240] rollout_mean_bb=8.9424 policy_loss=0.123866 value_loss=1.636923
[iter=47245] rollout_mean_bb=13.3193 policy_loss=0.025083 value_loss=1.345154
[iter=47250] rollout_mean_bb=11.8301 policy_loss=0.002494 value_loss=1.238221
[iter=47255] rollout_mean_bb=15.6680 policy_loss=0.013061 value_loss=1.191548
[iter=47260] rollout_mean_bb=3.5225 policy_loss=0.155257 value_loss=1.824536
[iter=47265] rollout_mean_bb=14.4873 policy_loss=0.028663 value_loss=1.281896
[iter=47270] rollout_mean_bb=7.4434 policy_loss=-0.005703 value_loss=1.308795
[iter=47275] rollout_mean_bb=9.4043 policy_loss=0.016049 value_loss=1.174187
[iter=47280] rollout_mean_bb=15.6367 policy_loss=0.002944 value_loss=1.334119
[iter=47285] rollout_mean_bb=13.2627 policy_loss=0.007197 value_loss=1.077778
[iter=47290] rollout_mean_bb=16.7852 policy_loss=-0.034314 value_loss=1.287842
[iter=47295] rollout_mean_bb=13.0127 policy_loss=0.063244 value_loss=1.531322
[iter=47300] rollout_mean_bb=9.0059 policy_loss=0.001380 value_loss=1.554814
[iter=47305] rollout_mean_bb=17.5518 policy_loss=0.003257 value_loss=1.162957
[iter=47310] rollout_mean_bb=17.7715 policy_loss=-0.005350 value_loss=1.157226
[iter=47315] rollout_mean_bb=11.7676 policy_loss=-0.057682 value_loss=1.345653
[iter=47320] rollout_mean_bb=8.5635 policy_loss=0.036202 value_loss=1.477831
[iter=47325] rollout_mean_bb=20.3623 policy_loss=0.042530 value_loss=1.199784
[iter=47330] rollout_mean_bb=15.2129 policy_loss=0.115386 value_loss=1.429578
[iter=47335] rollout_mean_bb=16.8145 policy_loss=0.006415 value_loss=1.291444
[iter=47340] rollout_mean_bb=10.1924 policy_loss=-0.054996 value_loss=1.283447
[iter=47345] rollout_mean_bb=15.6816 policy_loss=0.016917 value_loss=1.268345
[iter=47350] rollout_mean_bb=11.7588 policy_loss=-0.013771 value_loss=1.517506
[iter=47355] rollout_mean_bb=12.9268 policy_loss=0.030966 value_loss=1.200662
[iter=47360] rollout_mean_bb=8.5801 policy_loss=0.006251 value_loss=1.469302
[iter=47365] rollout_mean_bb=18.8320 policy_loss=-0.067729 value_loss=1.236368
[iter=47370] rollout_mean_bb=12.1377 policy_loss=-0.099269 value_loss=0.864507
[iter=47375] rollout_mean_bb=5.0576 policy_loss=0.075365 value_loss=1.534507
[iter=47380] rollout_mean_bb=7.8359 policy_loss=0.012991 value_loss=1.289951
[iter=47385] rollout_mean_bb=9.7539 policy_loss=-0.007051 value_loss=1.281036
[iter=47390] rollout_mean_bb=7.7295 policy_loss=0.006357 value_loss=1.403476
[iter=47395] rollout_mean_bb=10.2188 policy_loss=0.007992 value_loss=1.640122
[iter=47400] rollout_mean_bb=18.3584 policy_loss=-0.030916 value_loss=1.161823
[iter=47405] rollout_mean_bb=9.7441 policy_loss=-0.016081 value_loss=1.495589
[iter=47410] rollout_mean_bb=12.8770 policy_loss=0.000240 value_loss=1.291364
[iter=47415] rollout_mean_bb=7.4844 policy_loss=0.030958 value_loss=1.845346
[iter=47420] rollout_mean_bb=19.1367 policy_loss=0.001861 value_loss=1.143988
[iter=47425] rollout_mean_bb=16.7939 policy_loss=-0.013785 value_loss=1.142464
[iter=47430] rollout_mean_bb=10.1963 policy_loss=-0.000685 value_loss=1.256910
[iter=47435] rollout_mean_bb=9.7861 policy_loss=-0.000220 value_loss=1.294845
[iter=47440] rollout_mean_bb=3.9697 policy_loss=-0.020518 value_loss=1.612693
[iter=47445] rollout_mean_bb=12.1553 policy_loss=0.011231 value_loss=1.475682
[iter=47450] rollout_mean_bb=16.4326 policy_loss=0.003736 value_loss=1.268452
[iter=47455] rollout_mean_bb=10.1367 policy_loss=0.052736 value_loss=1.505350
[iter=47460] rollout_mean_bb=4.2031 policy_loss=0.077375 value_loss=1.856334
[iter=47465] rollout_mean_bb=19.0908 policy_loss=-0.006179 value_loss=1.166447
[iter=47470] rollout_mean_bb=12.1064 policy_loss=-0.007966 value_loss=0.926068
[iter=47475] rollout_mean_bb=9.8047 policy_loss=-0.029218 value_loss=1.576201
[iter=47480] rollout_mean_bb=8.2148 policy_loss=-0.015681 value_loss=1.413325
[iter=47485] rollout_mean_bb=8.2363 policy_loss=0.039371 value_loss=1.471916
[iter=47490] rollout_mean_bb=10.5605 policy_loss=0.004585 value_loss=1.436749
[iter=47495] rollout_mean_bb=14.0977 policy_loss=-0.027256 value_loss=1.293658
[iter=47500] rollout_mean_bb=12.0566 policy_loss=0.004306 value_loss=1.471735
[iter=47505] rollout_mean_bb=12.1572 policy_loss=0.012012 value_loss=1.463464
[iter=47510] rollout_mean_bb=10.5322 policy_loss=-0.015742 value_loss=1.224886
[iter=47515] rollout_mean_bb=11.7363 policy_loss=0.019582 value_loss=1.590636
[iter=47520] rollout_mean_bb=15.2549 policy_loss=-0.004058 value_loss=1.156171
[iter=47525] rollout_mean_bb=16.4141 policy_loss=0.066025 value_loss=1.200153
[iter=47530] rollout_mean_bb=17.2559 policy_loss=0.019819 value_loss=1.021127
[iter=47535] rollout_mean_bb=12.1992 policy_loss=-0.062044 value_loss=0.918815
[iter=47540] rollout_mean_bb=14.8936 policy_loss=-0.043009 value_loss=1.125320
[iter=47545] rollout_mean_bb=17.2119 policy_loss=0.000989 value_loss=1.210177
[iter=47550] rollout_mean_bb=11.3887 policy_loss=0.004180 value_loss=1.556449
[iter=47555] rollout_mean_bb=3.9287 policy_loss=-0.013704 value_loss=1.500103
[iter=47560] rollout_mean_bb=13.2891 policy_loss=0.074382 value_loss=1.278539
[iter=47565] rollout_mean_bb=18.0156 policy_loss=-0.014367 value_loss=1.244388
[iter=47570] rollout_mean_bb=13.2637 policy_loss=-0.033031 value_loss=1.102220
[iter=47575] rollout_mean_bb=9.8691 policy_loss=-0.001613 value_loss=1.472069
[iter=47580] rollout_mean_bb=17.9922 policy_loss=-0.011224 value_loss=1.156658
[iter=47585] rollout_mean_bb=15.2178 policy_loss=-0.050148 value_loss=1.198122
[iter=47590] rollout_mean_bb=15.6436 policy_loss=0.002403 value_loss=1.464750
[iter=47595] rollout_mean_bb=12.8652 policy_loss=0.053907 value_loss=1.339205
[iter=47600] rollout_mean_bb=10.5469 policy_loss=0.040055 value_loss=1.509634
[iter=47605] rollout_mean_bb=7.1523 policy_loss=0.008636 value_loss=1.441650
[iter=47610] rollout_mean_bb=8.2627 policy_loss=0.003394 value_loss=1.550807
[iter=47615] rollout_mean_bb=14.8936 policy_loss=-0.121421 value_loss=1.089019
[iter=47620] rollout_mean_bb=8.5791 policy_loss=-0.016550 value_loss=1.302902
[iter=47625] rollout_mean_bb=15.2549 policy_loss=0.006642 value_loss=1.237886
[iter=47630] rollout_mean_bb=15.2588 policy_loss=-0.006262 value_loss=1.236729
[iter=47635] rollout_mean_bb=5.1357 policy_loss=0.007152 value_loss=1.397537
[iter=47640] rollout_mean_bb=14.4863 policy_loss=0.038618 value_loss=1.662924
[iter=47645] rollout_mean_bb=7.5049 policy_loss=-0.025580 value_loss=1.155116
[iter=47650] rollout_mean_bb=8.5947 policy_loss=0.011376 value_loss=1.510283
[iter=47655] rollout_mean_bb=10.9766 policy_loss=-0.033188 value_loss=1.221584
[iter=47660] rollout_mean_bb=8.6338 policy_loss=-0.011827 value_loss=1.244618
[iter=47665] rollout_mean_bb=10.1572 policy_loss=-0.001627 value_loss=1.206163
[iter=47670] rollout_mean_bb=10.1602 policy_loss=-0.063441 value_loss=1.132174
[iter=47675] rollout_mean_bb=8.6328 policy_loss=-0.065411 value_loss=1.182183
[iter=47680] rollout_mean_bb=11.7275 policy_loss=0.060131 value_loss=1.548695
[iter=47685] rollout_mean_bb=15.2256 policy_loss=0.007519 value_loss=1.123124
[iter=47690] rollout_mean_bb=10.5264 policy_loss=0.111787 value_loss=1.646800
[iter=47695] rollout_mean_bb=17.3184 policy_loss=0.032410 value_loss=1.163217
[iter=47700] rollout_mean_bb=26.9951 policy_loss=-0.008850 value_loss=0.897520
[iter=47705] rollout_mean_bb=15.7158 policy_loss=0.047443 value_loss=1.593320
[iter=47710] rollout_mean_bb=16.4326 policy_loss=0.037632 value_loss=1.438980
[iter=47715] rollout_mean_bb=21.1514 policy_loss=-0.031515 value_loss=1.235010
[iter=47720] rollout_mean_bb=9.3408 policy_loss=-0.021316 value_loss=1.335828
[iter=47725] rollout_mean_bb=9.7676 policy_loss=0.007932 value_loss=1.479523
[iter=47730] rollout_mean_bb=17.5371 policy_loss=-0.010493 value_loss=1.298218
[iter=47735] rollout_mean_bb=9.0107 policy_loss=0.027053 value_loss=1.309199
[iter=47740] rollout_mean_bb=14.1592 policy_loss=0.029963 value_loss=1.490811
[iter=47745] rollout_mean_bb=22.3184 policy_loss=0.007909 value_loss=1.187191
[iter=47750] rollout_mean_bb=4.7197 policy_loss=-0.008476 value_loss=1.611355
[iter=47755] rollout_mean_bb=6.2383 policy_loss=0.093656 value_loss=1.526057
[iter=47760] rollout_mean_bb=17.3105 policy_loss=-0.004616 value_loss=1.274145
[iter=47765] rollout_mean_bb=11.2979 policy_loss=-0.009089 value_loss=1.349914
[iter=47770] rollout_mean_bb=17.1660 policy_loss=0.031443 value_loss=1.145684
[iter=47775] rollout_mean_bb=9.5098 policy_loss=0.003238 value_loss=1.503733
[iter=47780] rollout_mean_bb=11.7256 policy_loss=-0.020269 value_loss=1.048403
[iter=47785] rollout_mean_bb=9.3838 policy_loss=0.046549 value_loss=1.422329
[iter=47790] rollout_mean_bb=12.2041 policy_loss=-0.050245 value_loss=1.051511
[iter=47795] rollout_mean_bb=17.7031 policy_loss=-0.019589 value_loss=1.070755
[iter=47800] rollout_mean_bb=9.1318 policy_loss=-0.033141 value_loss=1.489363
[iter=47805] rollout_mean_bb=11.3262 policy_loss=-0.032953 value_loss=1.371963
[iter=47810] rollout_mean_bb=8.2334 policy_loss=-0.004634 value_loss=1.304560
[iter=47815] rollout_mean_bb=11.7061 policy_loss=0.018372 value_loss=1.475472
[iter=47820] rollout_mean_bb=12.8340 policy_loss=0.033820 value_loss=1.137341
[iter=47825] rollout_mean_bb=13.2656 policy_loss=-0.014248 value_loss=1.105279
[iter=47830] rollout_mean_bb=10.6641 policy_loss=0.043613 value_loss=1.487114
[iter=47835] rollout_mean_bb=14.9326 policy_loss=0.049949 value_loss=1.371871
[iter=47840] rollout_mean_bb=11.3877 policy_loss=0.038129 value_loss=1.495753
[iter=47845] rollout_mean_bb=12.0850 policy_loss=0.024293 value_loss=1.264412
[iter=47850] rollout_mean_bb=8.6240 policy_loss=0.039600 value_loss=1.449377
[iter=47855] rollout_mean_bb=2.7627 policy_loss=0.061884 value_loss=1.603270
[iter=47860] rollout_mean_bb=20.4023 policy_loss=-0.000226 value_loss=1.145822
[iter=47865] rollout_mean_bb=9.3555 policy_loss=-0.002230 value_loss=1.387581
[iter=47870] rollout_mean_bb=4.6328 policy_loss=0.001920 value_loss=1.291814
[iter=47875] rollout_mean_bb=15.6621 policy_loss=0.051597 value_loss=1.571036
[iter=47880] rollout_mean_bb=11.2803 policy_loss=-0.012029 value_loss=1.476037
[iter=47885] rollout_mean_bb=11.2998 policy_loss=0.001170 value_loss=1.516982
[iter=47890] rollout_mean_bb=21.5898 policy_loss=-0.020926 value_loss=1.101533
[iter=47895] rollout_mean_bb=15.7744 policy_loss=-0.039229 value_loss=1.191186
[iter=47900] rollout_mean_bb=17.9473 policy_loss=-0.008951 value_loss=0.977902
[iter=47905] rollout_mean_bb=12.9561 policy_loss=-0.074727 value_loss=1.135251
[iter=47910] rollout_mean_bb=17.9971 policy_loss=-0.017494 value_loss=1.058371
[iter=47915] rollout_mean_bb=10.2383 policy_loss=-0.034731 value_loss=1.555151
[iter=47920] rollout_mean_bb=12.1611 policy_loss=0.006700 value_loss=1.101668
[iter=47925] rollout_mean_bb=11.3896 policy_loss=-0.040967 value_loss=1.182295
[iter=47930] rollout_mean_bb=9.5215 policy_loss=-0.025188 value_loss=1.367057
[iter=47935] rollout_mean_bb=13.3545 policy_loss=0.015578 value_loss=1.247281
[iter=47940] rollout_mean_bb=14.8271 policy_loss=0.003142 value_loss=1.356170
[iter=47945] rollout_mean_bb=12.1064 policy_loss=-0.100283 value_loss=0.960712
[iter=47950] rollout_mean_bb=3.9658 policy_loss=0.041812 value_loss=1.524866
[iter=47955] rollout_mean_bb=6.6475 policy_loss=-0.028354 value_loss=1.092171
[iter=47960] rollout_mean_bb=17.6641 policy_loss=0.011402 value_loss=1.133321
[iter=47965] rollout_mean_bb=12.4658 policy_loss=0.001662 value_loss=1.292254
[iter=47970] rollout_mean_bb=10.5645 policy_loss=0.001477 value_loss=1.261233
[iter=47975] rollout_mean_bb=16.4287 policy_loss=0.002954 value_loss=1.171379
[iter=47980] rollout_mean_bb=13.2803 policy_loss=-0.019123 value_loss=1.410823
[iter=47985] rollout_mean_bb=11.7559 policy_loss=0.001821 value_loss=1.236120
[iter=47990] rollout_mean_bb=16.2100 policy_loss=0.010901 value_loss=1.243364
[iter=47995] rollout_mean_bb=5.3936 policy_loss=-0.041149 value_loss=1.274584
[iter=48000] rollout_mean_bb=10.2080 policy_loss=-0.032726 value_loss=1.274888
[iter=48005] rollout_mean_bb=19.1895 policy_loss=0.080604 value_loss=1.611889
[iter=48010] rollout_mean_bb=11.7324 policy_loss=-0.113292 value_loss=0.956927
[iter=48015] rollout_mean_bb=14.3965 policy_loss=-0.073648 value_loss=1.046740
[iter=48020] rollout_mean_bb=9.7285 policy_loss=0.049038 value_loss=1.142336
[iter=48025] rollout_mean_bb=28.3555 policy_loss=0.026574 value_loss=1.118520
[iter=48030] rollout_mean_bb=15.1895 policy_loss=0.014270 value_loss=1.079942
[iter=48035] rollout_mean_bb=14.1562 policy_loss=0.011926 value_loss=1.381614
[iter=48040] rollout_mean_bb=8.6123 policy_loss=-0.001625 value_loss=1.334683
[iter=48045] rollout_mean_bb=13.3057 policy_loss=0.000472 value_loss=1.069911
[iter=48050] rollout_mean_bb=8.5674 policy_loss=0.171719 value_loss=1.645423
[iter=48055] rollout_mean_bb=19.0811 policy_loss=0.002427 value_loss=0.752735
[iter=48060] rollout_mean_bb=14.0996 policy_loss=0.016378 value_loss=1.394146
[iter=48065] rollout_mean_bb=8.6074 policy_loss=-0.011952 value_loss=1.540292
[iter=48070] rollout_mean_bb=12.5225 policy_loss=-0.002299 value_loss=1.019744
[iter=48075] rollout_mean_bb=12.1602 policy_loss=0.008236 value_loss=1.392394
[iter=48080] rollout_mean_bb=14.5322 policy_loss=0.029919 value_loss=1.230471
[iter=48085] rollout_mean_bb=-0.4014 policy_loss=-0.063393 value_loss=1.105041
[iter=48090] rollout_mean_bb=13.2969 policy_loss=-0.010419 value_loss=1.317279
[iter=48095] rollout_mean_bb=7.8633 policy_loss=0.008973 value_loss=1.256204
[iter=48100] rollout_mean_bb=14.0713 policy_loss=-0.005526 value_loss=1.075458
[iter=48105] rollout_mean_bb=9.0264 policy_loss=0.018665 value_loss=1.389889
[iter=48110] rollout_mean_bb=13.6514 policy_loss=-0.017677 value_loss=1.131551
[iter=48115] rollout_mean_bb=19.1270 policy_loss=-0.014291 value_loss=1.177040
[iter=48120] rollout_mean_bb=16.8311 policy_loss=0.001848 value_loss=1.071273
[iter=48125] rollout_mean_bb=15.2471 policy_loss=-0.048263 value_loss=0.943317
[iter=48130] rollout_mean_bb=11.7471 policy_loss=-0.050153 value_loss=1.069165
[iter=48135] rollout_mean_bb=21.1377 policy_loss=-0.018151 value_loss=1.074881
[iter=48140] rollout_mean_bb=26.1758 policy_loss=0.017389 value_loss=1.023276
[iter=48145] rollout_mean_bb=18.0146 policy_loss=0.011070 value_loss=1.108226
[iter=48150] rollout_mean_bb=12.8789 policy_loss=0.026329 value_loss=1.236883
[iter=48155] rollout_mean_bb=8.4170 policy_loss=-0.000946 value_loss=1.172017
[iter=48160] rollout_mean_bb=17.2412 policy_loss=-0.015362 value_loss=1.083430
[iter=48165] rollout_mean_bb=9.0566 policy_loss=-0.149445 value_loss=0.870067
[iter=48170] rollout_mean_bb=8.6309 policy_loss=0.036401 value_loss=1.432157
[iter=48175] rollout_mean_bb=7.8242 policy_loss=0.034891 value_loss=1.597703
[iter=48180] rollout_mean_bb=8.9766 policy_loss=0.018749 value_loss=1.383264
[iter=48185] rollout_mean_bb=19.5283 policy_loss=-0.002378 value_loss=0.978868
[iter=48190] rollout_mean_bb=23.0635 policy_loss=0.000594 value_loss=1.113587
[iter=48195] rollout_mean_bb=6.3467 policy_loss=0.009963 value_loss=1.381581
[iter=48200] rollout_mean_bb=10.5518 policy_loss=0.010654 value_loss=1.392897
[iter=48205] rollout_mean_bb=10.5801 policy_loss=-0.002911 value_loss=1.414541
[iter=48210] rollout_mean_bb=13.3027 policy_loss=-0.009697 value_loss=1.131986
[iter=48215] rollout_mean_bb=11.3477 policy_loss=0.036633 value_loss=1.523444
[iter=48220] rollout_mean_bb=7.4521 policy_loss=0.022645 value_loss=1.444499
[iter=48225] rollout_mean_bb=10.1709 policy_loss=0.004273 value_loss=1.263577
[iter=48230] rollout_mean_bb=16.0303 policy_loss=-0.003929 value_loss=1.045392
[iter=48235] rollout_mean_bb=15.6641 policy_loss=0.023971 value_loss=1.066722
[iter=48240] rollout_mean_bb=20.7021 policy_loss=-0.008327 value_loss=1.018786
[iter=48245] rollout_mean_bb=12.1729 policy_loss=-0.006456 value_loss=1.138690
[iter=48250] rollout_mean_bb=7.4502 policy_loss=0.011414 value_loss=1.354145
[iter=48255] rollout_mean_bb=7.8047 policy_loss=-0.032491 value_loss=1.030317
[iter=48260] rollout_mean_bb=19.9150 policy_loss=0.095732 value_loss=1.283786
[iter=48265] rollout_mean_bb=16.0518 policy_loss=-0.001569 value_loss=1.198068
[iter=48270] rollout_mean_bb=6.2441 policy_loss=0.009411 value_loss=1.204288
[iter=48275] rollout_mean_bb=10.7910 policy_loss=-0.002529 value_loss=1.309307
[iter=48280] rollout_mean_bb=11.7666 policy_loss=-0.028052 value_loss=1.220648
[iter=48285] rollout_mean_bb=8.6094 policy_loss=-0.026837 value_loss=1.151658
[iter=48290] rollout_mean_bb=9.0664 policy_loss=0.007677 value_loss=1.499235
[iter=48295] rollout_mean_bb=9.4629 policy_loss=0.066709 value_loss=1.662951
[iter=48300] rollout_mean_bb=4.7246 policy_loss=0.017407 value_loss=1.323979
[iter=48305] rollout_mean_bb=6.2812 policy_loss=0.006461 value_loss=1.525995
[iter=48310] rollout_mean_bb=17.6133 policy_loss=-0.030000 value_loss=1.049551
[iter=48315] rollout_mean_bb=12.9248 policy_loss=0.023551 value_loss=1.335324
[iter=48320] rollout_mean_bb=14.4248 policy_loss=0.042634 value_loss=1.209724
[iter=48325] rollout_mean_bb=12.4893 policy_loss=-0.030236 value_loss=1.011596
[iter=48330] rollout_mean_bb=8.7090 policy_loss=-0.070638 value_loss=1.269551
[iter=48335] rollout_mean_bb=18.9248 policy_loss=0.021624 value_loss=1.138082
[iter=48340] rollout_mean_bb=14.1201 policy_loss=-0.026997 value_loss=1.160438
[iter=48345] rollout_mean_bb=10.1631 policy_loss=0.046283 value_loss=1.242717
[iter=48350] rollout_mean_bb=11.7715 policy_loss=0.018031 value_loss=1.432436
[iter=48355] rollout_mean_bb=8.2969 policy_loss=-0.000791 value_loss=1.155094
[iter=48360] rollout_mean_bb=11.3701 policy_loss=-0.022989 value_loss=1.089693
[iter=48365] rollout_mean_bb=12.9385 policy_loss=0.007118 value_loss=1.326434
[iter=48370] rollout_mean_bb=7.8691 policy_loss=-0.013245 value_loss=1.213301
[iter=48375] rollout_mean_bb=10.9375 policy_loss=-0.047873 value_loss=1.232278
[iter=48380] rollout_mean_bb=10.1660 policy_loss=0.026875 value_loss=1.406923
[iter=48385] rollout_mean_bb=16.8477 policy_loss=0.021785 value_loss=1.275121
[iter=48390] rollout_mean_bb=11.0000 policy_loss=0.036975 value_loss=1.514490
[iter=48395] rollout_mean_bb=16.0439 policy_loss=-0.009274 value_loss=1.154496
[iter=48400] rollout_mean_bb=14.8477 policy_loss=0.021790 value_loss=1.305445
[iter=48405] rollout_mean_bb=10.1777 policy_loss=-0.004010 value_loss=1.386718
[iter=48410] rollout_mean_bb=16.7822 policy_loss=0.029004 value_loss=1.121879
[iter=48415] rollout_mean_bb=14.4805 policy_loss=-0.039041 value_loss=1.391844
[iter=48420] rollout_mean_bb=11.3174 policy_loss=0.002443 value_loss=1.532727
[iter=48425] rollout_mean_bb=8.6504 policy_loss=0.007259 value_loss=1.594051
[iter=48430] rollout_mean_bb=10.5312 policy_loss=-0.053370 value_loss=1.259795
[iter=48435] rollout_mean_bb=11.3945 policy_loss=-0.010368 value_loss=1.209134
[iter=48440] rollout_mean_bb=18.0459 policy_loss=0.007903 value_loss=1.089941
[iter=48445] rollout_mean_bb=15.4268 policy_loss=0.001555 value_loss=1.009662
[iter=48450] rollout_mean_bb=13.2803 policy_loss=0.002743 value_loss=1.258114
[iter=48455] rollout_mean_bb=10.9834 policy_loss=-0.058272 value_loss=1.165401
[iter=48460] rollout_mean_bb=4.7285 policy_loss=0.003971 value_loss=1.596446
[iter=48465] rollout_mean_bb=13.7266 policy_loss=0.027197 value_loss=1.169572
[iter=48470] rollout_mean_bb=7.8525 policy_loss=-0.002110 value_loss=1.152463
[iter=48475] rollout_mean_bb=14.4336 policy_loss=-0.018188 value_loss=1.068041
[iter=48480] rollout_mean_bb=5.8867 policy_loss=0.000803 value_loss=1.389856
[iter=48485] rollout_mean_bb=7.7842 policy_loss=-0.017249 value_loss=1.421487
[iter=48490] rollout_mean_bb=11.6396 policy_loss=-0.005936 value_loss=1.407789
[iter=48495] rollout_mean_bb=18.3740 policy_loss=0.007660 value_loss=1.043506
[iter=48500] rollout_mean_bb=10.9658 policy_loss=0.045086 value_loss=1.441894
[iter=48505] rollout_mean_bb=9.8154 policy_loss=-0.037725 value_loss=1.196955
[iter=48510] rollout_mean_bb=18.8477 policy_loss=0.009105 value_loss=0.999261
[iter=48515] rollout_mean_bb=18.1797 policy_loss=-0.006615 value_loss=1.077081
[iter=48520] rollout_mean_bb=10.7773 policy_loss=-0.087854 value_loss=0.959780
[iter=48525] rollout_mean_bb=10.5635 policy_loss=0.071052 value_loss=1.209791
[iter=48530] rollout_mean_bb=8.9697 policy_loss=0.021590 value_loss=1.233018
[iter=48535] rollout_mean_bb=10.1904 policy_loss=-0.004281 value_loss=1.339057
[iter=48540] rollout_mean_bb=21.5312 policy_loss=0.016483 value_loss=1.009912
[iter=48545] rollout_mean_bb=15.6191 policy_loss=0.057526 value_loss=1.279415
[iter=48550] rollout_mean_bb=17.2764 policy_loss=-0.047095 value_loss=1.064408
[iter=48555] rollout_mean_bb=10.9580 policy_loss=-0.038262 value_loss=1.057731
[iter=48560] rollout_mean_bb=15.2373 policy_loss=-0.065119 value_loss=1.225399
[iter=48565] rollout_mean_bb=13.2764 policy_loss=-0.022303 value_loss=1.204171
[iter=48570] rollout_mean_bb=11.8057 policy_loss=0.011440 value_loss=1.350899
[iter=48575] rollout_mean_bb=12.4863 policy_loss=0.048850 value_loss=1.073390
[iter=48580] rollout_mean_bb=4.7031 policy_loss=-0.055376 value_loss=1.230392
[iter=48585] rollout_mean_bb=9.7568 policy_loss=0.000861 value_loss=1.304071
[iter=48590] rollout_mean_bb=16.0459 policy_loss=0.026654 value_loss=1.335071
[iter=48595] rollout_mean_bb=10.9873 policy_loss=-0.008196 value_loss=1.123110
[iter=48600] rollout_mean_bb=12.5342 policy_loss=-0.020900 value_loss=1.034679
[iter=48605] rollout_mean_bb=8.6260 policy_loss=0.017162 value_loss=1.370444
[iter=48610] rollout_mean_bb=11.3428 policy_loss=0.093622 value_loss=1.504790
[iter=48615] rollout_mean_bb=11.3613 policy_loss=-0.010919 value_loss=1.155614
[iter=48620] rollout_mean_bb=10.5537 policy_loss=0.009888 value_loss=1.130897
[iter=48625] rollout_mean_bb=15.2314 policy_loss=-0.027137 value_loss=1.166411
[iter=48630] rollout_mean_bb=21.1250 policy_loss=0.015968 value_loss=0.979389
[iter=48635] rollout_mean_bb=4.3311 policy_loss=-0.109774 value_loss=0.993604
[iter=48640] rollout_mean_bb=17.2217 policy_loss=0.050147 value_loss=1.335796
[iter=48645] rollout_mean_bb=15.2832 policy_loss=-0.044223 value_loss=0.935174
[iter=48650] rollout_mean_bb=13.6191 policy_loss=-0.091337 value_loss=0.993243
[iter=48655] rollout_mean_bb=14.8193 policy_loss=-0.018131 value_loss=0.858831
[iter=48660] rollout_mean_bb=12.8379 policy_loss=0.037715 value_loss=1.110261
[iter=48665] rollout_mean_bb=9.3906 policy_loss=0.010670 value_loss=1.515436
[iter=48670] rollout_mean_bb=7.0264 policy_loss=0.007816 value_loss=1.353646
[iter=48675] rollout_mean_bb=6.2979 policy_loss=0.079362 value_loss=1.351169
[iter=48680] rollout_mean_bb=18.4043 policy_loss=0.007388 value_loss=1.185552
[iter=48685] rollout_mean_bb=16.0459 policy_loss=0.026744 value_loss=1.211292
[iter=48690] rollout_mean_bb=13.5518 policy_loss=-0.006036 value_loss=1.272510
[iter=48695] rollout_mean_bb=13.6855 policy_loss=-0.030686 value_loss=1.099880
[iter=48700] rollout_mean_bb=14.8984 policy_loss=0.046180 value_loss=1.138229
[iter=48705] rollout_mean_bb=7.8291 policy_loss=0.010086 value_loss=1.527763
[iter=48710] rollout_mean_bb=10.9678 policy_loss=-0.048073 value_loss=1.223103
[iter=48715] rollout_mean_bb=13.7510 policy_loss=-0.006864 value_loss=1.071536
[iter=48720] rollout_mean_bb=8.2080 policy_loss=0.004559 value_loss=1.217304
[iter=48725] rollout_mean_bb=12.4990 policy_loss=0.017808 value_loss=1.115411
[iter=48730] rollout_mean_bb=6.6631 policy_loss=0.042271 value_loss=1.369895
[iter=48735] rollout_mean_bb=16.8076 policy_loss=-0.147984 value_loss=0.966097
[iter=48740] rollout_mean_bb=14.0625 policy_loss=0.016919 value_loss=1.344129
[iter=48745] rollout_mean_bb=6.7852 policy_loss=0.007378 value_loss=1.053409
[iter=48750] rollout_mean_bb=10.9385 policy_loss=0.014396 value_loss=1.373098
[iter=48755] rollout_mean_bb=13.6895 policy_loss=-0.038622 value_loss=0.768961
[iter=48760] rollout_mean_bb=11.7979 policy_loss=-0.065687 value_loss=1.007647
[iter=48765] rollout_mean_bb=16.8281 policy_loss=0.005107 value_loss=1.139351
[iter=48770] rollout_mean_bb=19.1689 policy_loss=-0.002839 value_loss=1.302994
[iter=48775] rollout_mean_bb=11.3135 policy_loss=0.055205 value_loss=1.465555
[iter=48780] rollout_mean_bb=12.4551 policy_loss=0.072569 value_loss=1.266035
[iter=48785] rollout_mean_bb=10.1191 policy_loss=-0.007114 value_loss=1.275797
[iter=48790] rollout_mean_bb=16.0371 policy_loss=-0.057251 value_loss=1.081358
[iter=48795] rollout_mean_bb=17.3047 policy_loss=0.036825 value_loss=1.230951
[iter=48800] rollout_mean_bb=15.2871 policy_loss=0.026078 value_loss=1.330001
[iter=48805] rollout_mean_bb=20.3398 policy_loss=-0.012843 value_loss=1.278905
[iter=48810] rollout_mean_bb=12.6729 policy_loss=0.082533 value_loss=1.274795
[iter=48815] rollout_mean_bb=8.2061 policy_loss=0.052110 value_loss=1.447529
[iter=48820] rollout_mean_bb=13.2979 policy_loss=0.032967 value_loss=1.021639
[iter=48825] rollout_mean_bb=16.4189 policy_loss=0.014922 value_loss=1.117999
[iter=48830] rollout_mean_bb=9.8828 policy_loss=0.050769 value_loss=1.281478
[iter=48835] rollout_mean_bb=12.5850 policy_loss=-0.012828 value_loss=1.223071
[iter=48840] rollout_mean_bb=6.2939 policy_loss=0.032591 value_loss=1.446025
[iter=48845] rollout_mean_bb=14.8555 policy_loss=0.013532 value_loss=1.323925
[iter=48850] rollout_mean_bb=10.9277 policy_loss=-0.016703 value_loss=1.311435
[iter=48855] rollout_mean_bb=15.6348 policy_loss=-0.041989 value_loss=0.698737
[iter=48860] rollout_mean_bb=10.3174 policy_loss=0.014944 value_loss=1.336600
[iter=48865] rollout_mean_bb=8.2324 policy_loss=-0.013101 value_loss=1.294448
[iter=48870] rollout_mean_bb=9.3818 policy_loss=0.013457 value_loss=1.234878
[iter=48875] rollout_mean_bb=15.2334 policy_loss=0.066866 value_loss=1.386532
[iter=48880] rollout_mean_bb=9.7939 policy_loss=0.007149 value_loss=1.395666
[iter=48885] rollout_mean_bb=9.7988 policy_loss=-0.008718 value_loss=1.295813
[iter=48890] rollout_mean_bb=12.8916 policy_loss=-0.013037 value_loss=1.189255
[iter=48895] rollout_mean_bb=16.0293 policy_loss=0.013249 value_loss=0.865554
[iter=48900] rollout_mean_bb=19.1758 policy_loss=-0.029598 value_loss=0.990949
[iter=48905] rollout_mean_bb=12.9297 policy_loss=0.002335 value_loss=1.164134
[iter=48910] rollout_mean_bb=12.0762 policy_loss=0.009275 value_loss=1.156913
[iter=48915] rollout_mean_bb=8.6084 policy_loss=0.053009 value_loss=1.458421
[iter=48920] rollout_mean_bb=19.1582 policy_loss=0.055611 value_loss=1.021619
[iter=48925] rollout_mean_bb=6.9170 policy_loss=-0.031206 value_loss=1.085176
[iter=48930] rollout_mean_bb=5.0508 policy_loss=0.001173 value_loss=1.215560
[iter=48935] rollout_mean_bb=6.6816 policy_loss=0.000330 value_loss=1.392361
[iter=48940] rollout_mean_bb=12.1582 policy_loss=-0.017214 value_loss=1.165422
[iter=48945] rollout_mean_bb=8.9795 policy_loss=0.004509 value_loss=1.284445
[iter=48950] rollout_mean_bb=10.5117 policy_loss=0.068635 value_loss=1.395577
[iter=48955] rollout_mean_bb=10.9375 policy_loss=-0.040664 value_loss=1.084235
[iter=48960] rollout_mean_bb=12.0605 policy_loss=-0.024570 value_loss=1.149139
[iter=48965] rollout_mean_bb=7.8486 policy_loss=0.014689 value_loss=1.196491
[iter=48970] rollout_mean_bb=8.9072 policy_loss=-0.016346 value_loss=1.232123
[iter=48975] rollout_mean_bb=6.1699 policy_loss=-0.014648 value_loss=1.153833
[iter=48980] rollout_mean_bb=11.3506 policy_loss=-0.017469 value_loss=1.192921
[iter=48985] rollout_mean_bb=11.7500 policy_loss=-0.017362 value_loss=1.089413
[iter=48990] rollout_mean_bb=10.9609 policy_loss=0.092317 value_loss=1.350505
[iter=48995] rollout_mean_bb=14.0400 policy_loss=-0.085226 value_loss=0.844377
[iter=49000] rollout_mean_bb=13.6748 policy_loss=-0.012400 value_loss=0.958383
Training completed successfully at step 49000
Training exited with code: 0
Final snapshot saved: checkpoints/snapshots/final_opt/478053_20260223_144040.pt
Wrote index: /oscar/home/smdesai/antigravity_poker/anitgravity-txhm/checkpoints/checkpoint_index.json
