## SLURM PROLOG ###############################################################
##    Job ID : 357399
##  Job Name : ah_stage_c_train
##  Nodelist : gpu2501
##      CPUs : 1
##  Mem/Node : 32768 MB
## Directory : /oscar/home/smdesai/antigravity_poker/anitgravity-txhm
##   Job Started : Thu Feb 12 01:50:34 PM EST 2026
###############################################################################
Job: ah_stage_c_train (357399)
Node: gpu2501
Date: Thu Feb 12 01:50:34 PM EST 2026
Submit dir: /oscar/home/smdesai/antigravity_poker/anitgravity-txhm
-------------------
Running Stage C training with config: quadro_stage_c_fcpa
Optional module pokerkit_wrapper was not importable: No module named 'pokerkit'
Loaded Config: quadro_stage_c_fcpa
Config(GAME_NAME='universal_poker', ENV_PRESET='hunl_fcpa', BETTING_ABSTRACTION='fcpa', PLAYERS=2, STACK_SIZE=20000, SMALL_BLIND=50, BIG_BLIND=100, MAX_ACTION_HISTORY=64, NUM_ACTORS=1, EMBEDDING_DIM=64, HIDDEN_DIM=256, NUM_LAYERS_CARD=3, NUM_LAYERS_ACTION=2, DROPOUT=0.1, USE_LAYERNORM=True, USE_RESIDUAL=True, SCALAR_DIM=11, ALGO='ppo_ksp', CFR_ITERATIONS=20000, ROLLOUT_EPISODES=384, SELF_PLAY_GAMES=20, PPO_EPOCHS=2, PPO_MINIBATCH_SIZE=256, PPO_CLIP_EPS=0.2, PPO_GAMMA=0.995, PPO_GAE_LAMBDA=0.95, PPO_VALUE_COEF=0.25, PPO_ENTROPY_COEF=0.003, PPO_TARGET_KL=0.01, PPO_ADV_CLIP=5.0, PPO_ADAPTIVE_KL_ENABLE=False, PPO_ADAPTIVE_KL_HIGH=2.0, PPO_ADAPTIVE_KL_LOW=0.5, PPO_ADAPTIVE_LR_DECAY=0.5, PPO_ADAPTIVE_LR_GROWTH=1.05, VALUE_LOSS_TYPE='huber', VALUE_HUBER_DELTA=10.0, VALUE_TARGET_SCALE=20.0, EXPLAINED_VAR_VAR_FLOOR=0.0001, SKIP_NONFINITE_GRAD=True, MIN_ROLLOUT_TRANSITIONS=512, K_BEST=16, LEAGUE_INIT_RATING=1200.0, LEAGUE_K_FACTOR=24.0, PFSP_BETA=1.5, SNAPSHOT_INTERVAL=25, LR=7.5e-05, WEIGHT_DECAY=1e-05, BATCH_SIZE=256, BUFFER_SIZE=500000, GRAD_CLIP=0.5, GRAD_ACCUM_STEPS=1, AMP=False, LR_SCHEDULER='none', EVAL_FREQ=50, EVAL_EPISODES=200, EVAL_BASELINE_ALGO='mccfr_external_sampling', EVAL_BASELINE_ITERS=5000, EVAL_BASELINE_SEEDS=3, EVAL_BASELINE_CACHE_MODE='process', EVAL_BASELINE_LABEL='MCCFR-ES', EVAL_CFR_ITERATIONS=5000, EVAL_ENABLE_RANDOM=True, EVAL_ENABLE_CFR=False, EVAL_ENABLE_NASH_CONV=False, BB_SIZE=100.0, CHECKPOINT_FREQ=50, MAX_CHECKPOINTS=1, CHECKPOINT_SINGLE_FILE=True, CHECKPOINT_SAVE_OPTIMIZER=False, CHECKPOINT_SAVE_SCHEDULER=False, CHECKPOINT_SAVE_LEAGUE=False, CHECKPOINT_SAVE_EXTRA=False, LOG_INTERVAL=5, RUN_DIR='.', RESUME_FROM='checkpoints/latest.pt', RUN_ID='', WANDB_PROJECT='alpha-holdem-poker', WANDB_RUN_NAME='', WANDB_MODE='offline', OFFLINE_LOGGING=True, SEED=42, DEVICE='cuda')
Starting training: start_step=9000, target_iterations=20000, device=cuda, run_id=20260212_185050
[iter=9005] rollout_mean_bb=8.7514 policy_loss=-0.002788 value_loss=0.901437
[iter=9010] rollout_mean_bb=5.5097 policy_loss=-0.003341 value_loss=0.900152
[iter=9015] rollout_mean_bb=9.1761 policy_loss=-0.002205 value_loss=1.047536
[iter=9020] rollout_mean_bb=12.6245 policy_loss=0.000454 value_loss=0.825687
[iter=9025] rollout_mean_bb=4.6822 policy_loss=-0.001973 value_loss=0.851447
[iter=9030] rollout_mean_bb=1.2050 policy_loss=-0.001500 value_loss=0.915498
[iter=9035] rollout_mean_bb=9.0661 policy_loss=-0.000361 value_loss=0.732865
[iter=9040] rollout_mean_bb=6.6112 policy_loss=0.001438 value_loss=0.790241
[iter=9045] rollout_mean_bb=4.1644 policy_loss=0.001537 value_loss=0.640829
[iter=9050] rollout_mean_bb=5.3683 policy_loss=0.002722 value_loss=0.630130
[iter=9055] rollout_mean_bb=11.1690 policy_loss=-0.000567 value_loss=0.789503
[iter=9060] rollout_mean_bb=-0.3684 policy_loss=0.002269 value_loss=0.917883
[iter=9065] rollout_mean_bb=0.8711 policy_loss=-0.000533 value_loss=1.082297
[iter=9070] rollout_mean_bb=5.6171 policy_loss=-0.080139 value_loss=0.874287
[iter=9075] rollout_mean_bb=12.2185 policy_loss=0.000481 value_loss=1.160572
[iter=9080] rollout_mean_bb=9.3465 policy_loss=0.001898 value_loss=1.137408
[iter=9085] rollout_mean_bb=1.4877 policy_loss=0.141040 value_loss=0.983279
[iter=9090] rollout_mean_bb=2.3520 policy_loss=0.002017 value_loss=1.430402
[iter=9095] rollout_mean_bb=1.6979 policy_loss=-0.071247 value_loss=2.219332
[iter=9100] rollout_mean_bb=6.6545 policy_loss=-0.001860 value_loss=1.065205
[iter=9105] rollout_mean_bb=5.5068 policy_loss=0.015841 value_loss=0.839085
[iter=9110] rollout_mean_bb=4.7773 policy_loss=0.003884 value_loss=0.858607
[iter=9115] rollout_mean_bb=9.6124 policy_loss=0.001881 value_loss=1.043801
[iter=9120] rollout_mean_bb=0.8690 policy_loss=0.048041 value_loss=0.667434
[iter=9125] rollout_mean_bb=2.5247 policy_loss=-0.000119 value_loss=1.031550
[iter=9130] rollout_mean_bb=-0.5449 policy_loss=-0.000276 value_loss=1.402824
[iter=9135] rollout_mean_bb=8.9023 policy_loss=0.008406 value_loss=1.444729
[iter=9140] rollout_mean_bb=12.5271 policy_loss=0.006868 value_loss=1.312146
[iter=9145] rollout_mean_bb=3.6869 policy_loss=0.000986 value_loss=1.562565
[iter=9150] rollout_mean_bb=4.2720 policy_loss=-0.000993 value_loss=1.634269
[iter=9155] rollout_mean_bb=8.2826 policy_loss=0.000037 value_loss=1.524233
[iter=9160] rollout_mean_bb=-1.8857 policy_loss=0.004408 value_loss=1.483693
[iter=9165] rollout_mean_bb=9.5990 policy_loss=0.015512 value_loss=1.687821
[iter=9170] rollout_mean_bb=10.2318 policy_loss=0.045777 value_loss=1.368139
[iter=9175] rollout_mean_bb=11.5065 policy_loss=-0.023204 value_loss=1.872660
[iter=9180] rollout_mean_bb=3.2266 policy_loss=-0.002165 value_loss=1.776857
[iter=9185] rollout_mean_bb=5.0168 policy_loss=-0.505940 value_loss=2.545328
[iter=9190] rollout_mean_bb=10.5578 policy_loss=0.000495 value_loss=1.457151
[iter=9195] rollout_mean_bb=7.0560 policy_loss=0.052488 value_loss=1.487525
[iter=9200] rollout_mean_bb=1.5990 policy_loss=-0.001581 value_loss=1.622803
[iter=9205] rollout_mean_bb=8.4115 policy_loss=0.083765 value_loss=1.768561
[iter=9210] rollout_mean_bb=8.5703 policy_loss=-0.018215 value_loss=1.910842
[iter=9215] rollout_mean_bb=9.5456 policy_loss=-0.005602 value_loss=1.900742
[iter=9220] rollout_mean_bb=7.8841 policy_loss=0.018166 value_loss=1.835702
[iter=9225] rollout_mean_bb=12.6042 policy_loss=0.002392 value_loss=1.903595
[iter=9230] rollout_mean_bb=5.4727 policy_loss=0.011106 value_loss=1.614566
[iter=9235] rollout_mean_bb=19.5651 policy_loss=-0.002046 value_loss=1.656001
[iter=9240] rollout_mean_bb=14.3854 policy_loss=0.001024 value_loss=1.926157
[iter=9245] rollout_mean_bb=9.0234 policy_loss=0.007435 value_loss=1.913921
[iter=9250] rollout_mean_bb=1.7917 policy_loss=-0.006923 value_loss=2.284634
[iter=9255] rollout_mean_bb=6.9727 policy_loss=0.011495 value_loss=2.081952
[iter=9260] rollout_mean_bb=7.7057 policy_loss=0.007444 value_loss=2.179268
[iter=9265] rollout_mean_bb=8.8086 policy_loss=0.009880 value_loss=2.145931
[iter=9270] rollout_mean_bb=3.0391 policy_loss=-0.000432 value_loss=2.206207
[iter=9275] rollout_mean_bb=10.9479 policy_loss=0.001668 value_loss=2.052451
[iter=9280] rollout_mean_bb=13.4284 policy_loss=-0.005622 value_loss=2.134412
[iter=9285] rollout_mean_bb=2.9479 policy_loss=-0.008029 value_loss=1.880636
[iter=9290] rollout_mean_bb=11.2266 policy_loss=-0.006906 value_loss=1.651710
[iter=9295] rollout_mean_bb=8.1992 policy_loss=-0.001137 value_loss=1.593082
[iter=9300] rollout_mean_bb=11.6289 policy_loss=-0.003684 value_loss=1.732668
[iter=9305] rollout_mean_bb=6.4727 policy_loss=0.002242 value_loss=1.863818
[iter=9310] rollout_mean_bb=4.6276 policy_loss=-0.008488 value_loss=1.643680
[iter=9315] rollout_mean_bb=7.2930 policy_loss=-0.000297 value_loss=1.599866
[iter=9320] rollout_mean_bb=1.7292 policy_loss=-0.004721 value_loss=1.716295
[iter=9325] rollout_mean_bb=10.7109 policy_loss=0.001005 value_loss=1.874671
[iter=9330] rollout_mean_bb=16.2734 policy_loss=0.004262 value_loss=1.814640
[iter=9335] rollout_mean_bb=12.7161 policy_loss=-0.003398 value_loss=1.775242
[iter=9340] rollout_mean_bb=9.1771 policy_loss=-0.005208 value_loss=1.930048
[iter=9345] rollout_mean_bb=10.9362 policy_loss=0.003947 value_loss=1.820035
[iter=9350] rollout_mean_bb=14.1315 policy_loss=0.001813 value_loss=1.715055
[iter=9355] rollout_mean_bb=7.7240 policy_loss=-0.005179 value_loss=1.974332
[iter=9360] rollout_mean_bb=12.3451 policy_loss=-0.000392 value_loss=1.973458
[iter=9365] rollout_mean_bb=13.6341 policy_loss=-0.000567 value_loss=2.015971
[iter=9370] rollout_mean_bb=26.6224 policy_loss=0.001980 value_loss=1.843763
[iter=9375] rollout_mean_bb=4.8542 policy_loss=0.027807 value_loss=1.969695
[iter=9380] rollout_mean_bb=8.9753 policy_loss=0.007470 value_loss=1.697141
[iter=9385] rollout_mean_bb=5.6263 policy_loss=-0.021542 value_loss=2.012518
[iter=9390] rollout_mean_bb=9.9401 policy_loss=0.004238 value_loss=1.844097
[iter=9395] rollout_mean_bb=0.4727 policy_loss=-0.015501 value_loss=1.884764
[iter=9400] rollout_mean_bb=6.3750 policy_loss=-0.001781 value_loss=2.080479
[iter=9405] rollout_mean_bb=4.4115 policy_loss=-0.000775 value_loss=0.414959
[iter=9410] rollout_mean_bb=-0.4362 policy_loss=0.049180 value_loss=0.606631
[iter=9415] rollout_mean_bb=1.7734 policy_loss=-0.001230 value_loss=0.432885
[iter=9420] rollout_mean_bb=2.5846 policy_loss=-0.001110 value_loss=0.384541
[iter=9425] rollout_mean_bb=4.2422 policy_loss=-0.000248 value_loss=0.491125
[iter=9430] rollout_mean_bb=-0.5443 policy_loss=-0.032012 value_loss=0.019326
[iter=9435] rollout_mean_bb=-2.5312 policy_loss=0.006148 value_loss=0.532272
[iter=9440] rollout_mean_bb=0.6927 policy_loss=0.034431 value_loss=0.304904
[iter=9445] rollout_mean_bb=0.4635 policy_loss=-0.003764 value_loss=0.308131
[iter=9450] rollout_mean_bb=-1.2031 policy_loss=-0.016465 value_loss=0.702996
[iter=9455] rollout_mean_bb=8.0885 policy_loss=0.006659 value_loss=0.962274
[iter=9460] rollout_mean_bb=-0.3854 policy_loss=0.016700 value_loss=1.245814
[iter=9465] rollout_mean_bb=7.2044 policy_loss=0.046655 value_loss=0.904745
[iter=9470] rollout_mean_bb=1.4831 policy_loss=-0.016074 value_loss=0.876134
[iter=9475] rollout_mean_bb=-2.2122 policy_loss=-0.119433 value_loss=0.962232
[iter=9480] rollout_mean_bb=-1.5846 policy_loss=-0.002897 value_loss=0.858327
[iter=9485] rollout_mean_bb=3.1914 policy_loss=0.007411 value_loss=0.811746
[iter=9490] rollout_mean_bb=-1.7982 policy_loss=0.000672 value_loss=0.794605
[iter=9495] rollout_mean_bb=-0.6628 policy_loss=-0.014234 value_loss=0.810305
[iter=9500] rollout_mean_bb=1.9414 policy_loss=-0.003148 value_loss=0.868384
[iter=9505] rollout_mean_bb=4.4049 policy_loss=0.003399 value_loss=0.918569
[iter=9510] rollout_mean_bb=-1.9894 policy_loss=0.001382 value_loss=1.088996
[iter=9515] rollout_mean_bb=2.6974 policy_loss=-0.108417 value_loss=1.173632
[iter=9520] rollout_mean_bb=1.4414 policy_loss=0.052527 value_loss=0.385457
[iter=9525] rollout_mean_bb=-0.0104 policy_loss=0.009782 value_loss=0.340894
[iter=9530] rollout_mean_bb=1.2435 policy_loss=-0.000385 value_loss=0.506381
[iter=9535] rollout_mean_bb=3.2109 policy_loss=-0.001890 value_loss=0.387771
[iter=9540] rollout_mean_bb=1.4948 policy_loss=-0.008862 value_loss=0.331930
[iter=9545] rollout_mean_bb=-0.2409 policy_loss=-0.002275 value_loss=0.381840
[iter=9550] rollout_mean_bb=-5.5039 policy_loss=0.055475 value_loss=1.243479
[iter=9555] rollout_mean_bb=2.0885 policy_loss=0.027750 value_loss=0.266465
[iter=9560] rollout_mean_bb=-5.0547 policy_loss=0.027017 value_loss=1.513577
[iter=9565] rollout_mean_bb=0.6016 policy_loss=-0.003198 value_loss=0.295420
[iter=9570] rollout_mean_bb=-0.3828 policy_loss=-0.036159 value_loss=0.318513
[iter=9575] rollout_mean_bb=7.2109 policy_loss=-0.013668 value_loss=1.392093
[iter=9580] rollout_mean_bb=1.0664 policy_loss=-0.006873 value_loss=1.323608
[iter=9585] rollout_mean_bb=-0.4414 policy_loss=-0.007840 value_loss=1.073050
[iter=9590] rollout_mean_bb=3.6927 policy_loss=-0.019219 value_loss=1.440294
[iter=9595] rollout_mean_bb=-2.2539 policy_loss=-0.008154 value_loss=1.423669
[iter=9600] rollout_mean_bb=2.7161 policy_loss=0.007590 value_loss=1.293213
[iter=9605] rollout_mean_bb=3.4701 policy_loss=0.024788 value_loss=1.297526
[iter=9610] rollout_mean_bb=3.3490 policy_loss=0.032469 value_loss=1.315021
[iter=9615] rollout_mean_bb=9.4414 policy_loss=0.018704 value_loss=1.205362
[iter=9620] rollout_mean_bb=3.2201 policy_loss=-0.011839 value_loss=1.482573
[iter=9625] rollout_mean_bb=3.9766 policy_loss=-0.007896 value_loss=1.300506
[iter=9630] rollout_mean_bb=6.1497 policy_loss=-0.003997 value_loss=1.440684
[iter=9635] rollout_mean_bb=5.0560 policy_loss=-0.027017 value_loss=1.395162
[iter=9640] rollout_mean_bb=3.5651 policy_loss=-0.003913 value_loss=1.358832
[iter=9645] rollout_mean_bb=2.9284 policy_loss=0.022772 value_loss=1.302266
[iter=9650] rollout_mean_bb=1.2902 policy_loss=0.052745 value_loss=1.125519
[iter=9655] rollout_mean_bb=4.9479 policy_loss=-0.011456 value_loss=1.594519
[iter=9660] rollout_mean_bb=1.9258 policy_loss=-0.002041 value_loss=1.245113
[iter=9665] rollout_mean_bb=-0.0768 policy_loss=-0.014556 value_loss=1.609665
[iter=9670] rollout_mean_bb=2.8047 policy_loss=0.050493 value_loss=1.382374
[iter=9675] rollout_mean_bb=2.1432 policy_loss=0.022682 value_loss=1.404942
[iter=9680] rollout_mean_bb=1.6628 policy_loss=-0.011157 value_loss=1.592177
[iter=9685] rollout_mean_bb=3.0456 policy_loss=0.021161 value_loss=1.375595
[iter=9690] rollout_mean_bb=3.6862 policy_loss=-0.036626 value_loss=1.200430
[iter=9695] rollout_mean_bb=1.1576 policy_loss=0.000130 value_loss=1.141616
[iter=9700] rollout_mean_bb=-0.6247 policy_loss=-0.010235 value_loss=0.992243
[iter=9705] rollout_mean_bb=2.2122 policy_loss=-0.079718 value_loss=1.115028
[iter=9710] rollout_mean_bb=-0.3034 policy_loss=0.026863 value_loss=0.895534
[iter=9715] rollout_mean_bb=2.8516 policy_loss=-0.084445 value_loss=0.822467
[iter=9720] rollout_mean_bb=2.2690 policy_loss=-0.000090 value_loss=0.966655
[iter=9725] rollout_mean_bb=2.4663 policy_loss=-0.447541 value_loss=1.611951
[iter=9730] rollout_mean_bb=-2.3268 policy_loss=-0.068062 value_loss=1.020728
[iter=9735] rollout_mean_bb=1.1600 policy_loss=-0.522742 value_loss=1.666190
[iter=9740] rollout_mean_bb=3.7409 policy_loss=0.105014 value_loss=1.185480
[iter=9745] rollout_mean_bb=4.0774 policy_loss=0.018287 value_loss=0.821562
[iter=9750] rollout_mean_bb=0.5351 policy_loss=-0.000812 value_loss=0.838905
[iter=9755] rollout_mean_bb=7.3841 policy_loss=-0.000082 value_loss=0.802626
[iter=9760] rollout_mean_bb=4.7812 policy_loss=-0.070591 value_loss=0.885339
[iter=9765] rollout_mean_bb=-1.1810 policy_loss=-0.145547 value_loss=1.107838
[iter=9770] rollout_mean_bb=-2.8484 policy_loss=0.000489 value_loss=0.917117
[iter=9775] rollout_mean_bb=1.8455 policy_loss=0.905407 value_loss=1.724783
[iter=9780] rollout_mean_bb=5.8824 policy_loss=-0.001321 value_loss=0.768055
[iter=9785] rollout_mean_bb=2.3242 policy_loss=-0.081320 value_loss=0.493527
[iter=9790] rollout_mean_bb=-0.0296 policy_loss=0.087010 value_loss=1.589551
[iter=9795] rollout_mean_bb=3.2341 policy_loss=-0.009092 value_loss=0.623641
[iter=9800] rollout_mean_bb=3.1484 policy_loss=0.034222 value_loss=0.862183
[iter=9805] rollout_mean_bb=7.9396 policy_loss=0.000079 value_loss=0.901338
[iter=9810] rollout_mean_bb=3.9010 policy_loss=0.012882 value_loss=0.695308
[iter=9815] rollout_mean_bb=5.5573 policy_loss=0.004285 value_loss=0.711311
[iter=9820] rollout_mean_bb=5.3737 policy_loss=0.023781 value_loss=0.978393
[iter=9825] rollout_mean_bb=-1.9596 policy_loss=0.080612 value_loss=1.080019
[iter=9830] rollout_mean_bb=2.1683 policy_loss=-0.008572 value_loss=0.624794
[iter=9835] rollout_mean_bb=0.1299 policy_loss=0.301512 value_loss=1.349927
[iter=9840] rollout_mean_bb=6.0405 policy_loss=-0.002361 value_loss=0.723432
[iter=9845] rollout_mean_bb=0.3056 policy_loss=-0.039974 value_loss=0.589699
[iter=9850] rollout_mean_bb=4.3491 policy_loss=-0.008154 value_loss=0.658099
[iter=9855] rollout_mean_bb=1.5996 policy_loss=0.001369 value_loss=0.963334
[iter=9860] rollout_mean_bb=-0.4881 policy_loss=0.001783 value_loss=1.083283
[iter=9865] rollout_mean_bb=-0.6071 policy_loss=-0.008207 value_loss=0.636177
[iter=9870] rollout_mean_bb=7.5927 policy_loss=0.025832 value_loss=0.734967
[iter=9875] rollout_mean_bb=5.2985 policy_loss=0.005590 value_loss=0.684647
[iter=9880] rollout_mean_bb=5.8015 policy_loss=-0.000809 value_loss=1.013363
[iter=9885] rollout_mean_bb=2.1353 policy_loss=-0.005993 value_loss=0.663334
[iter=9890] rollout_mean_bb=6.0756 policy_loss=-0.001134 value_loss=1.028834
[iter=9895] rollout_mean_bb=-0.5316 policy_loss=-0.001980 value_loss=1.370505
[iter=9900] rollout_mean_bb=3.6497 policy_loss=0.024509 value_loss=1.097569
[iter=9905] rollout_mean_bb=8.1354 policy_loss=0.004916 value_loss=1.052257
[iter=9910] rollout_mean_bb=2.6992 policy_loss=-0.065057 value_loss=1.163022
[iter=9915] rollout_mean_bb=5.1497 policy_loss=-0.010966 value_loss=1.275092
[iter=9920] rollout_mean_bb=7.4922 policy_loss=0.061132 value_loss=1.387916
[iter=9925] rollout_mean_bb=1.9375 policy_loss=-0.071598 value_loss=1.253597
[iter=9930] rollout_mean_bb=6.0768 policy_loss=-0.009421 value_loss=1.283507
[iter=9935] rollout_mean_bb=4.1276 policy_loss=0.011288 value_loss=1.324926
[iter=9940] rollout_mean_bb=-1.4211 policy_loss=0.017727 value_loss=1.274642
[iter=9945] rollout_mean_bb=4.8190 policy_loss=0.173614 value_loss=1.104495
[iter=9950] rollout_mean_bb=12.8919 policy_loss=0.084660 value_loss=1.153866
[iter=9955] rollout_mean_bb=3.6680 policy_loss=-0.015528 value_loss=1.389434
[iter=9960] rollout_mean_bb=2.7344 policy_loss=0.002688 value_loss=0.937128
[iter=9965] rollout_mean_bb=9.0078 policy_loss=0.013288 value_loss=1.256094
[iter=9970] rollout_mean_bb=8.2891 policy_loss=-0.018575 value_loss=0.921947
[iter=9975] rollout_mean_bb=8.3529 policy_loss=0.013124 value_loss=1.356124
[iter=9980] rollout_mean_bb=7.3503 policy_loss=-0.007332 value_loss=1.122506
[iter=9985] rollout_mean_bb=-2.4645 policy_loss=0.011574 value_loss=0.956278
[iter=9990] rollout_mean_bb=0.4667 policy_loss=-0.328499 value_loss=1.526431
[iter=9995] rollout_mean_bb=-1.0891 policy_loss=-0.043619 value_loss=0.755300
[iter=10000] rollout_mean_bb=-2.6671 policy_loss=-0.000558 value_loss=0.940037
[iter=10005] rollout_mean_bb=-0.6002 policy_loss=0.002664 value_loss=0.866951
[iter=10010] rollout_mean_bb=-0.0624 policy_loss=-0.021815 value_loss=0.476974
[iter=10015] rollout_mean_bb=1.3916 policy_loss=0.174058 value_loss=0.939903
[iter=10020] rollout_mean_bb=-1.0538 policy_loss=-0.015696 value_loss=0.431250
[iter=10025] rollout_mean_bb=1.7015 policy_loss=0.006410 value_loss=0.495191
[iter=10030] rollout_mean_bb=-5.2398 policy_loss=0.290487 value_loss=1.431424
[iter=10035] rollout_mean_bb=2.7178 policy_loss=0.074816 value_loss=0.353751
[iter=10040] rollout_mean_bb=3.2256 policy_loss=-0.000333 value_loss=0.503468
[iter=10045] rollout_mean_bb=-2.5678 policy_loss=0.001546 value_loss=0.654146
[iter=10050] rollout_mean_bb=6.4934 policy_loss=-0.001939 value_loss=0.619067
[iter=10055] rollout_mean_bb=2.2081 policy_loss=-0.001606 value_loss=0.721546
[iter=10060] rollout_mean_bb=1.5186 policy_loss=-0.001588 value_loss=0.584727
[iter=10065] rollout_mean_bb=1.0399 policy_loss=0.030405 value_loss=0.331116
[iter=10070] rollout_mean_bb=-2.0290 policy_loss=-0.000704 value_loss=0.438444
[iter=10075] rollout_mean_bb=-1.5601 policy_loss=0.001243 value_loss=0.236705
[iter=10080] rollout_mean_bb=0.5850 policy_loss=-0.002612 value_loss=0.196202
[iter=10085] rollout_mean_bb=1.1816 policy_loss=0.003479 value_loss=0.632201
[iter=10090] rollout_mean_bb=0.2995 policy_loss=-0.011235 value_loss=0.855756
[iter=10095] rollout_mean_bb=5.4714 policy_loss=0.003887 value_loss=1.086590
[iter=10100] rollout_mean_bb=5.8971 policy_loss=0.002055 value_loss=0.763319
[iter=10105] rollout_mean_bb=4.2630 policy_loss=0.003915 value_loss=0.904182
[iter=10110] rollout_mean_bb=7.8880 policy_loss=0.003082 value_loss=1.011836
[iter=10115] rollout_mean_bb=7.1667 policy_loss=-0.002467 value_loss=1.211018
[iter=10120] rollout_mean_bb=1.2878 policy_loss=-0.003633 value_loss=1.057813
[iter=10125] rollout_mean_bb=8.0898 policy_loss=-0.002237 value_loss=1.353228
[iter=10130] rollout_mean_bb=11.9518 policy_loss=-0.010474 value_loss=1.198704
[iter=10135] rollout_mean_bb=8.7148 policy_loss=-0.001614 value_loss=0.959610
[iter=10140] rollout_mean_bb=4.5651 policy_loss=-0.004659 value_loss=1.157033
[iter=10145] rollout_mean_bb=5.4557 policy_loss=-0.001159 value_loss=1.024222
[iter=10150] rollout_mean_bb=3.2135 policy_loss=-0.002969 value_loss=1.188413
[iter=10155] rollout_mean_bb=10.5404 policy_loss=0.011485 value_loss=1.216575
[iter=10160] rollout_mean_bb=4.4141 policy_loss=0.005105 value_loss=1.360483
[iter=10165] rollout_mean_bb=3.0234 policy_loss=0.010335 value_loss=1.137792
[iter=10170] rollout_mean_bb=2.9661 policy_loss=-0.015305 value_loss=0.977343
[iter=10175] rollout_mean_bb=8.1732 policy_loss=-0.006580 value_loss=1.260817
[iter=10180] rollout_mean_bb=9.2044 policy_loss=0.004307 value_loss=1.361655
[iter=10185] rollout_mean_bb=7.0378 policy_loss=-0.027721 value_loss=1.249433
[iter=10190] rollout_mean_bb=4.3529 policy_loss=-0.003483 value_loss=1.206368
[iter=10195] rollout_mean_bb=8.9141 policy_loss=0.002154 value_loss=0.878840
[iter=10200] rollout_mean_bb=3.3320 policy_loss=-0.004318 value_loss=1.223487
[iter=10205] rollout_mean_bb=4.7578 policy_loss=-0.006160 value_loss=1.297874
[iter=10210] rollout_mean_bb=3.4857 policy_loss=-0.011454 value_loss=1.222681
[iter=10215] rollout_mean_bb=3.2409 policy_loss=-0.019229 value_loss=1.336826
[iter=10220] rollout_mean_bb=7.5221 policy_loss=-0.010952 value_loss=1.163030
[iter=10225] rollout_mean_bb=0.9961 policy_loss=0.032730 value_loss=1.449532
[iter=10230] rollout_mean_bb=-1.0195 policy_loss=-0.036618 value_loss=1.196841
[iter=10235] rollout_mean_bb=-2.0638 policy_loss=-0.032505 value_loss=0.943320
[iter=10240] rollout_mean_bb=5.7409 policy_loss=-0.039211 value_loss=1.402119
[iter=10245] rollout_mean_bb=5.3099 policy_loss=0.010212 value_loss=1.151756
[iter=10250] rollout_mean_bb=2.5039 policy_loss=0.008764 value_loss=1.174568
[iter=10255] rollout_mean_bb=7.1589 policy_loss=-0.005392 value_loss=1.245324
[iter=10260] rollout_mean_bb=-1.0456 policy_loss=-0.006124 value_loss=1.349137
[iter=10265] rollout_mean_bb=6.5586 policy_loss=0.000271 value_loss=1.496060
[iter=10270] rollout_mean_bb=3.7604 policy_loss=0.022091 value_loss=1.487835
[iter=10275] rollout_mean_bb=4.9284 policy_loss=0.006159 value_loss=1.090097
[iter=10280] rollout_mean_bb=0.7201 policy_loss=0.003401 value_loss=1.238188
[iter=10285] rollout_mean_bb=5.6484 policy_loss=-0.000810 value_loss=1.542411
[iter=10290] rollout_mean_bb=0.0508 policy_loss=-0.030781 value_loss=1.118597
[iter=10295] rollout_mean_bb=9.4883 policy_loss=-0.001402 value_loss=1.518366
[iter=10300] rollout_mean_bb=5.1810 policy_loss=-0.001438 value_loss=1.118078
[iter=10305] rollout_mean_bb=-5.7318 policy_loss=-0.009320 value_loss=1.310490
[iter=10310] rollout_mean_bb=-3.1628 policy_loss=0.015640 value_loss=1.306240
[iter=10315] rollout_mean_bb=4.6810 policy_loss=-0.026233 value_loss=0.751144
[iter=10320] rollout_mean_bb=-1.1758 policy_loss=-0.027370 value_loss=0.736721
[iter=10325] rollout_mean_bb=-3.6764 policy_loss=0.074922 value_loss=0.740780
[iter=10330] rollout_mean_bb=-0.5625 policy_loss=0.000802 value_loss=0.557123
[iter=10335] rollout_mean_bb=3.1200 policy_loss=-0.000747 value_loss=0.541835
[iter=10340] rollout_mean_bb=-1.0417 policy_loss=-0.014486 value_loss=0.214607
[iter=10345] rollout_mean_bb=0.1396 policy_loss=-0.001804 value_loss=0.461445
[iter=10350] rollout_mean_bb=-2.5360 policy_loss=0.027751 value_loss=0.441260
[iter=10355] rollout_mean_bb=3.1238 policy_loss=-0.003069 value_loss=0.460971
[iter=10360] rollout_mean_bb=2.9196 policy_loss=0.004739 value_loss=0.711000
[iter=10365] rollout_mean_bb=5.2585 policy_loss=0.000736 value_loss=0.481736
[iter=10370] rollout_mean_bb=1.4763 policy_loss=0.034076 value_loss=0.179799
[iter=10375] rollout_mean_bb=1.0291 policy_loss=-0.000638 value_loss=0.407258
[iter=10380] rollout_mean_bb=1.4488 policy_loss=0.050287 value_loss=0.119606
[iter=10385] rollout_mean_bb=1.9803 policy_loss=0.045957 value_loss=0.263812
[iter=10390] rollout_mean_bb=-0.1488 policy_loss=-0.052341 value_loss=0.494537
[iter=10395] rollout_mean_bb=-0.1265 policy_loss=-0.010937 value_loss=0.359632
[iter=10400] rollout_mean_bb=4.3612 policy_loss=-0.002413 value_loss=0.439190
[iter=10405] rollout_mean_bb=-2.3960 policy_loss=-0.115650 value_loss=0.963842
[iter=10410] rollout_mean_bb=3.8702 policy_loss=-0.001121 value_loss=0.688426
[iter=10415] rollout_mean_bb=0.7648 policy_loss=0.163649 value_loss=0.593444
[iter=10420] rollout_mean_bb=-0.1611 policy_loss=0.003239 value_loss=0.266278
[iter=10425] rollout_mean_bb=-1.9651 policy_loss=0.001220 value_loss=0.537614
[iter=10430] rollout_mean_bb=0.3492 policy_loss=-0.004355 value_loss=0.309350
[iter=10435] rollout_mean_bb=-1.3944 policy_loss=0.002509 value_loss=0.513748
[iter=10440] rollout_mean_bb=1.1780 policy_loss=0.010412 value_loss=0.253567
[iter=10445] rollout_mean_bb=-0.1089 policy_loss=-0.000874 value_loss=0.248889
[iter=10450] rollout_mean_bb=0.3203 policy_loss=0.002247 value_loss=0.293087
[iter=10455] rollout_mean_bb=-0.5385 policy_loss=0.000067 value_loss=0.317285
[iter=10460] rollout_mean_bb=-2.5468 policy_loss=0.001292 value_loss=0.605885
[iter=10465] rollout_mean_bb=-2.6129 policy_loss=-0.035229 value_loss=0.348609
[iter=10470] rollout_mean_bb=0.7619 policy_loss=0.012515 value_loss=0.345512
[iter=10475] rollout_mean_bb=0.4158 policy_loss=-0.179263 value_loss=0.581116
[iter=10480] rollout_mean_bb=-0.5877 policy_loss=-0.014358 value_loss=0.200371
[iter=10485] rollout_mean_bb=-0.1105 policy_loss=-0.000776 value_loss=0.485304
[iter=10490] rollout_mean_bb=1.2243 policy_loss=-0.001604 value_loss=0.383063
[iter=10495] rollout_mean_bb=1.3235 policy_loss=-0.002440 value_loss=0.394685
[iter=10500] rollout_mean_bb=-1.0527 policy_loss=0.000178 value_loss=0.465775
[iter=10505] rollout_mean_bb=3.1239 policy_loss=-0.310000 value_loss=0.995032
[iter=10510] rollout_mean_bb=1.8570 policy_loss=0.031568 value_loss=0.245547
[iter=10515] rollout_mean_bb=0.3788 policy_loss=-0.001521 value_loss=0.667418
[iter=10520] rollout_mean_bb=0.8029 policy_loss=-0.170706 value_loss=0.536735
[iter=10525] rollout_mean_bb=-1.1888 policy_loss=-0.044545 value_loss=0.485208
[iter=10530] rollout_mean_bb=-0.1085 policy_loss=-0.005522 value_loss=0.301319
[iter=10535] rollout_mean_bb=-0.1737 policy_loss=-0.270509 value_loss=0.810004
[iter=10540] rollout_mean_bb=1.3290 policy_loss=0.000306 value_loss=0.364554
[iter=10545] rollout_mean_bb=0.4250 policy_loss=-0.009345 value_loss=0.548435
[iter=10550] rollout_mean_bb=-0.0744 policy_loss=-0.111422 value_loss=0.868935
[iter=10555] rollout_mean_bb=-2.1430 policy_loss=-0.001550 value_loss=0.826445
[iter=10560] rollout_mean_bb=0.8369 policy_loss=0.001720 value_loss=0.368890
[iter=10565] rollout_mean_bb=-0.0679 policy_loss=0.472894 value_loss=0.969991
[iter=10570] rollout_mean_bb=0.3673 policy_loss=-0.000644 value_loss=0.480651
[iter=10575] rollout_mean_bb=3.0352 policy_loss=-0.168877 value_loss=0.645727
[iter=10580] rollout_mean_bb=0.9701 policy_loss=0.005458 value_loss=0.838892
[iter=10585] rollout_mean_bb=1.5404 policy_loss=0.018814 value_loss=0.627278
[iter=10590] rollout_mean_bb=-1.1289 policy_loss=0.000298 value_loss=0.324815
[iter=10595] rollout_mean_bb=2.8786 policy_loss=-0.002482 value_loss=0.648641
[iter=10600] rollout_mean_bb=3.2418 policy_loss=0.010771 value_loss=0.525007
[iter=10605] rollout_mean_bb=-3.2734 policy_loss=-0.036329 value_loss=0.285428
[iter=10610] rollout_mean_bb=1.7372 policy_loss=0.039656 value_loss=0.278146
[iter=10615] rollout_mean_bb=-3.5608 policy_loss=-0.372799 value_loss=1.076895
[iter=10620] rollout_mean_bb=1.3575 policy_loss=-0.000401 value_loss=0.352503
[iter=10625] rollout_mean_bb=0.8898 policy_loss=-0.207270 value_loss=0.780190
[iter=10630] rollout_mean_bb=1.9518 policy_loss=0.012161 value_loss=0.574958
[iter=10635] rollout_mean_bb=-2.1107 policy_loss=0.034825 value_loss=0.548960
[iter=10640] rollout_mean_bb=1.8723 policy_loss=0.252544 value_loss=0.735837
[iter=10645] rollout_mean_bb=-3.2986 policy_loss=-0.004808 value_loss=0.646271
[iter=10650] rollout_mean_bb=-1.0540 policy_loss=-0.001252 value_loss=0.661183
[iter=10655] rollout_mean_bb=-0.5057 policy_loss=-0.016274 value_loss=0.474416
[iter=10660] rollout_mean_bb=1.4101 policy_loss=-0.003027 value_loss=0.436533
[iter=10665] rollout_mean_bb=1.3025 policy_loss=0.001866 value_loss=0.434734
[iter=10670] rollout_mean_bb=1.6907 policy_loss=0.010980 value_loss=0.304368
[iter=10675] rollout_mean_bb=2.0433 policy_loss=-0.000743 value_loss=0.333485
[iter=10680] rollout_mean_bb=-0.0424 policy_loss=0.004945 value_loss=0.356634
[iter=10685] rollout_mean_bb=0.8183 policy_loss=-0.001843 value_loss=0.452844
[iter=10690] rollout_mean_bb=0.3704 policy_loss=0.001126 value_loss=0.375774
[iter=10695] rollout_mean_bb=1.3601 policy_loss=0.008819 value_loss=0.283298
[iter=10700] rollout_mean_bb=-0.1022 policy_loss=0.005730 value_loss=0.967163
[iter=10705] rollout_mean_bb=0.7339 policy_loss=-0.269146 value_loss=0.637646
[iter=10710] rollout_mean_bb=2.4444 policy_loss=-0.002381 value_loss=0.633677
[iter=10715] rollout_mean_bb=2.8829 policy_loss=0.002231 value_loss=0.571519
[iter=10720] rollout_mean_bb=-0.9493 policy_loss=-0.023923 value_loss=1.086055
[iter=10725] rollout_mean_bb=-1.0392 policy_loss=-0.000242 value_loss=0.652090
[iter=10730] rollout_mean_bb=2.5441 policy_loss=-0.000687 value_loss=0.474917
[iter=10735] rollout_mean_bb=-0.5686 policy_loss=-0.000611 value_loss=0.433849
[iter=10740] rollout_mean_bb=1.4289 policy_loss=0.000170 value_loss=0.284981
[iter=10745] rollout_mean_bb=-0.6068 policy_loss=0.017667 value_loss=0.566919
[iter=10750] rollout_mean_bb=2.4364 policy_loss=0.010344 value_loss=0.673040
[iter=10755] rollout_mean_bb=2.6988 policy_loss=-0.000534 value_loss=0.701916
[iter=10760] rollout_mean_bb=-1.4519 policy_loss=-0.263964 value_loss=0.671703
[iter=10765] rollout_mean_bb=-0.4683 policy_loss=-0.010754 value_loss=0.521895
[iter=10770] rollout_mean_bb=1.2110 policy_loss=0.002914 value_loss=0.322720
[iter=10775] rollout_mean_bb=0.7628 policy_loss=0.007806 value_loss=0.542055
[iter=10780] rollout_mean_bb=-0.5090 policy_loss=0.017925 value_loss=0.424167
[iter=10785] rollout_mean_bb=-0.9228 policy_loss=-0.001310 value_loss=0.351258
[iter=10790] rollout_mean_bb=-0.6087 policy_loss=-0.001940 value_loss=0.486611
[iter=10795] rollout_mean_bb=0.7371 policy_loss=-0.000157 value_loss=0.360091
[iter=10800] rollout_mean_bb=1.2295 policy_loss=-0.000153 value_loss=0.449835
[iter=10805] rollout_mean_bb=-0.9665 policy_loss=0.002899 value_loss=0.702840
[iter=10810] rollout_mean_bb=-1.8294 policy_loss=-0.000851 value_loss=0.380289
[iter=10815] rollout_mean_bb=1.2940 policy_loss=-0.246359 value_loss=0.575439
[iter=10820] rollout_mean_bb=3.2183 policy_loss=0.001788 value_loss=0.519053
[iter=10825] rollout_mean_bb=0.3082 policy_loss=0.006469 value_loss=0.363124
[iter=10830] rollout_mean_bb=2.9648 policy_loss=0.026594 value_loss=0.333835
[iter=10835] rollout_mean_bb=-0.0752 policy_loss=-0.000352 value_loss=0.615250
[iter=10840] rollout_mean_bb=1.3434 policy_loss=0.244682 value_loss=1.055793
[iter=10845] rollout_mean_bb=-0.1393 policy_loss=0.063082 value_loss=0.386122
[iter=10850] rollout_mean_bb=-1.6388 policy_loss=-0.012566 value_loss=0.324688
[iter=10855] rollout_mean_bb=-1.6224 policy_loss=0.033807 value_loss=0.666947
[iter=10860] rollout_mean_bb=4.0391 policy_loss=-0.084680 value_loss=0.634347
[iter=10865] rollout_mean_bb=4.1042 policy_loss=-0.019585 value_loss=0.565801
[iter=10870] rollout_mean_bb=2.4848 policy_loss=0.350549 value_loss=0.826335
[iter=10875] rollout_mean_bb=1.8784 policy_loss=0.000021 value_loss=0.588324
[iter=10880] rollout_mean_bb=-1.8860 policy_loss=-0.000677 value_loss=0.529806
[iter=10885] rollout_mean_bb=-0.0612 policy_loss=0.009242 value_loss=0.339202
[iter=10890] rollout_mean_bb=-1.1302 policy_loss=-0.016679 value_loss=0.509641
[iter=10895] rollout_mean_bb=0.4427 policy_loss=0.002685 value_loss=0.693721
[iter=10900] rollout_mean_bb=2.3756 policy_loss=-0.000188 value_loss=0.370364
[iter=10905] rollout_mean_bb=0.9480 policy_loss=0.019527 value_loss=0.381299
[iter=10910] rollout_mean_bb=-2.0153 policy_loss=-0.169121 value_loss=0.563792
[iter=10915] rollout_mean_bb=3.4320 policy_loss=0.044474 value_loss=0.247338
[iter=10920] rollout_mean_bb=1.8930 policy_loss=0.027257 value_loss=0.165021
[iter=10925] rollout_mean_bb=-0.1336 policy_loss=-0.012211 value_loss=0.201907
[iter=10930] rollout_mean_bb=-0.0763 policy_loss=0.000666 value_loss=0.389999
[iter=10935] rollout_mean_bb=1.7119 policy_loss=0.000754 value_loss=0.449506
[iter=10940] rollout_mean_bb=0.3702 policy_loss=-0.028717 value_loss=0.384501
[iter=10945] rollout_mean_bb=0.3727 policy_loss=-0.184787 value_loss=0.484054
[iter=10950] rollout_mean_bb=-0.0898 policy_loss=0.069020 value_loss=0.620075
[iter=10955] rollout_mean_bb=0.9154 policy_loss=-0.163426 value_loss=0.782360
[iter=10960] rollout_mean_bb=1.8541 policy_loss=-0.000578 value_loss=0.326122
[iter=10965] rollout_mean_bb=1.9458 policy_loss=-0.000045 value_loss=0.520955
[iter=10970] rollout_mean_bb=4.9911 policy_loss=0.048066 value_loss=0.341773
[iter=10975] rollout_mean_bb=-0.5951 policy_loss=-0.014510 value_loss=0.534184
[iter=10980] rollout_mean_bb=4.0716 policy_loss=0.019036 value_loss=0.485576
[iter=10985] rollout_mean_bb=1.3000 policy_loss=0.002839 value_loss=0.492459
[iter=10990] rollout_mean_bb=-1.0369 policy_loss=-0.001525 value_loss=0.398049
[iter=10995] rollout_mean_bb=3.0557 policy_loss=0.065104 value_loss=0.189563
[iter=11000] rollout_mean_bb=0.3964 policy_loss=0.000645 value_loss=0.386151
[iter=11005] rollout_mean_bb=-0.6107 policy_loss=-0.012000 value_loss=0.484642
[iter=11010] rollout_mean_bb=1.7358 policy_loss=-0.000995 value_loss=0.441885
[iter=11015] rollout_mean_bb=1.9017 policy_loss=-0.000017 value_loss=0.517410
[iter=11020] rollout_mean_bb=-1.0973 policy_loss=-0.498408 value_loss=0.967925
[iter=11025] rollout_mean_bb=3.0245 policy_loss=0.008781 value_loss=0.332217
[iter=11030] rollout_mean_bb=1.4397 policy_loss=0.012337 value_loss=0.487138
[iter=11035] rollout_mean_bb=-0.0158 policy_loss=-0.003051 value_loss=0.522896
[iter=11040] rollout_mean_bb=-1.0339 policy_loss=-0.124532 value_loss=0.734018
[iter=11045] rollout_mean_bb=0.5221 policy_loss=0.034357 value_loss=0.610333
[iter=11050] rollout_mean_bb=-1.0482 policy_loss=-0.009727 value_loss=0.616378
[iter=11055] rollout_mean_bb=3.5923 policy_loss=-0.007807 value_loss=0.447448
[iter=11060] rollout_mean_bb=2.5247 policy_loss=-0.058752 value_loss=0.824701
[iter=11065] rollout_mean_bb=3.8568 policy_loss=-0.001272 value_loss=0.606955
[iter=11070] rollout_mean_bb=0.5025 policy_loss=-0.174102 value_loss=0.612699
[iter=11075] rollout_mean_bb=1.3613 policy_loss=-0.108870 value_loss=0.533390
[iter=11080] rollout_mean_bb=-0.5117 policy_loss=-0.004647 value_loss=0.653065
[iter=11085] rollout_mean_bb=2.5352 policy_loss=0.043422 value_loss=0.618808
[iter=11090] rollout_mean_bb=1.0182 policy_loss=-0.003963 value_loss=0.436202
[iter=11095] rollout_mean_bb=3.0370 policy_loss=-0.070258 value_loss=0.460814
[iter=11100] rollout_mean_bb=0.0352 policy_loss=-0.051844 value_loss=0.478748
[iter=11105] rollout_mean_bb=1.5951 policy_loss=-0.023026 value_loss=0.492403
[iter=11110] rollout_mean_bb=0.5169 policy_loss=0.028612 value_loss=0.489756
[iter=11115] rollout_mean_bb=3.0443 policy_loss=-0.140293 value_loss=1.126280
[iter=11120] rollout_mean_bb=-3.5490 policy_loss=-0.000137 value_loss=0.675870
[iter=11125] rollout_mean_bb=3.3390 policy_loss=0.345931 value_loss=0.901911
[iter=11130] rollout_mean_bb=0.9620 policy_loss=0.214035 value_loss=0.815105
[iter=11135] rollout_mean_bb=0.9922 policy_loss=0.235705 value_loss=0.791793
[iter=11140] rollout_mean_bb=0.9784 policy_loss=0.000056 value_loss=0.697120
[iter=11145] rollout_mean_bb=0.9466 policy_loss=-0.093347 value_loss=0.599000
[iter=11150] rollout_mean_bb=3.9534 policy_loss=0.036803 value_loss=0.580924
[iter=11155] rollout_mean_bb=3.6966 policy_loss=0.019720 value_loss=0.848540
[iter=11160] rollout_mean_bb=-0.5482 policy_loss=-0.025561 value_loss=0.690689
[iter=11165] rollout_mean_bb=-2.1224 policy_loss=0.059368 value_loss=0.797095
[iter=11170] rollout_mean_bb=-0.0039 policy_loss=-0.035150 value_loss=0.757561
[iter=11175] rollout_mean_bb=-4.2044 policy_loss=0.040769 value_loss=0.605976
[iter=11180] rollout_mean_bb=1.0352 policy_loss=0.245412 value_loss=0.722321
[iter=11185] rollout_mean_bb=3.6354 policy_loss=-0.002715 value_loss=0.703356
[iter=11190] rollout_mean_bb=5.2344 policy_loss=-0.015743 value_loss=0.557814
[iter=11195] rollout_mean_bb=2.0977 policy_loss=-0.104497 value_loss=0.915191
[iter=11200] rollout_mean_bb=-1.0781 policy_loss=-0.070526 value_loss=0.695864
[iter=11205] rollout_mean_bb=1.5716 policy_loss=-0.046798 value_loss=0.859625
[iter=11210] rollout_mean_bb=3.1667 policy_loss=-0.012789 value_loss=0.566069
[iter=11215] rollout_mean_bb=-1.5352 policy_loss=-0.008968 value_loss=0.417784
[iter=11220] rollout_mean_bb=-6.2331 policy_loss=-0.000217 value_loss=0.692828
[iter=11225] rollout_mean_bb=-0.5573 policy_loss=0.000879 value_loss=0.699549
[iter=11230] rollout_mean_bb=4.2161 policy_loss=0.020980 value_loss=0.504133
[iter=11235] rollout_mean_bb=-0.5482 policy_loss=0.006123 value_loss=0.499290
[iter=11240] rollout_mean_bb=3.1628 policy_loss=0.003257 value_loss=0.703368
[iter=11245] rollout_mean_bb=3.1771 policy_loss=0.014635 value_loss=0.513954
[iter=11250] rollout_mean_bb=1.1276 policy_loss=-0.006609 value_loss=0.529103
[iter=11255] rollout_mean_bb=2.6406 policy_loss=-0.010442 value_loss=0.677735
[iter=11260] rollout_mean_bb=0.5495 policy_loss=0.006862 value_loss=0.653735
[iter=11265] rollout_mean_bb=0.0221 policy_loss=-0.029797 value_loss=0.512219
[iter=11270] rollout_mean_bb=1.5573 policy_loss=0.001401 value_loss=0.657875
[iter=11275] rollout_mean_bb=-1.0872 policy_loss=-0.001839 value_loss=0.334431
[iter=11280] rollout_mean_bb=2.6328 policy_loss=0.007173 value_loss=0.571787
[iter=11285] rollout_mean_bb=7.8633 policy_loss=0.003091 value_loss=0.515049
[iter=11290] rollout_mean_bb=-1.0273 policy_loss=-0.007767 value_loss=0.524020
[iter=11295] rollout_mean_bb=2.0273 policy_loss=-0.000794 value_loss=0.381767
[iter=11300] rollout_mean_bb=2.5716 policy_loss=-0.000783 value_loss=0.666931
[iter=11305] rollout_mean_bb=4.7109 policy_loss=-0.011309 value_loss=0.370777
[iter=11310] rollout_mean_bb=4.1719 policy_loss=-0.003725 value_loss=0.324205
[iter=11315] rollout_mean_bb=1.6003 policy_loss=-0.000280 value_loss=0.399775
[iter=11320] rollout_mean_bb=0.0091 policy_loss=-0.023186 value_loss=0.619668
[iter=11325] rollout_mean_bb=-3.6263 policy_loss=0.006974 value_loss=0.615096
[iter=11330] rollout_mean_bb=2.1172 policy_loss=0.005387 value_loss=0.744597
[iter=11335] rollout_mean_bb=0.4740 policy_loss=0.016280 value_loss=0.531688
[iter=11340] rollout_mean_bb=1.0638 policy_loss=-0.026953 value_loss=0.591075
[iter=11345] rollout_mean_bb=2.1120 policy_loss=-0.144183 value_loss=0.390294
[iter=11350] rollout_mean_bb=2.5716 policy_loss=-0.071537 value_loss=0.757526
[iter=11355] rollout_mean_bb=0.0104 policy_loss=-0.037087 value_loss=0.662101
[iter=11360] rollout_mean_bb=1.5378 policy_loss=0.015064 value_loss=0.457152
[iter=11365] rollout_mean_bb=-0.0846 policy_loss=-0.010235 value_loss=0.591930
[iter=11370] rollout_mean_bb=1.1094 policy_loss=0.015365 value_loss=0.862081
[iter=11375] rollout_mean_bb=-0.0156 policy_loss=0.041197 value_loss=0.705471
[iter=11380] rollout_mean_bb=2.6510 policy_loss=-0.014216 value_loss=0.691591
[iter=11385] rollout_mean_bb=0.0062 policy_loss=-0.001270 value_loss=0.482297
[iter=11390] rollout_mean_bb=-0.5155 policy_loss=0.008812 value_loss=0.657124
[iter=11395] rollout_mean_bb=4.3114 policy_loss=0.068766 value_loss=0.258688
[iter=11400] rollout_mean_bb=-0.1146 policy_loss=0.071168 value_loss=0.889989
[iter=11405] rollout_mean_bb=1.9936 policy_loss=-0.000215 value_loss=0.647389
[iter=11410] rollout_mean_bb=-1.6198 policy_loss=-0.028296 value_loss=0.352590
[iter=11415] rollout_mean_bb=-2.1354 policy_loss=-0.020029 value_loss=0.366286
[iter=11420] rollout_mean_bb=4.6706 policy_loss=-0.030818 value_loss=0.661018
[iter=11425] rollout_mean_bb=1.5612 policy_loss=0.035543 value_loss=0.407593
[iter=11430] rollout_mean_bb=-2.1055 policy_loss=0.053737 value_loss=0.543898
[iter=11435] rollout_mean_bb=-0.5833 policy_loss=-0.188798 value_loss=0.539237
[iter=11440] rollout_mean_bb=7.2591 policy_loss=-0.034433 value_loss=0.625133
[iter=11445] rollout_mean_bb=0.5495 policy_loss=-0.002037 value_loss=0.540706
[iter=11450] rollout_mean_bb=7.2839 policy_loss=-0.017622 value_loss=0.655864
[iter=11455] rollout_mean_bb=0.4805 policy_loss=0.067751 value_loss=0.318645
[iter=11460] rollout_mean_bb=8.3958 policy_loss=0.005235 value_loss=0.628775
[iter=11465] rollout_mean_bb=-0.0482 policy_loss=0.018683 value_loss=0.564707
[iter=11470] rollout_mean_bb=1.7357 policy_loss=0.000632 value_loss=0.674529
[iter=11475] rollout_mean_bb=2.5859 policy_loss=0.002434 value_loss=0.626037
[iter=11480] rollout_mean_bb=-1.4987 policy_loss=-0.003343 value_loss=0.579731
[iter=11485] rollout_mean_bb=1.0456 policy_loss=0.015136 value_loss=0.307879
[iter=11490] rollout_mean_bb=-3.1628 policy_loss=0.024307 value_loss=0.337347
[iter=11495] rollout_mean_bb=2.5339 policy_loss=0.024887 value_loss=0.528819
[iter=11500] rollout_mean_bb=0.5273 policy_loss=-0.004681 value_loss=0.209446
[iter=11505] rollout_mean_bb=1.5651 policy_loss=0.001496 value_loss=0.549810
[iter=11510] rollout_mean_bb=3.1289 policy_loss=0.012985 value_loss=0.546427
[iter=11515] rollout_mean_bb=3.6341 policy_loss=0.012946 value_loss=0.644656
[iter=11520] rollout_mean_bb=3.6419 policy_loss=0.043747 value_loss=0.469267
[iter=11525] rollout_mean_bb=1.4622 policy_loss=0.012109 value_loss=0.536967
[iter=11530] rollout_mean_bb=-1.6081 policy_loss=-0.001983 value_loss=0.522175
[iter=11535] rollout_mean_bb=-0.1120 policy_loss=-0.040668 value_loss=0.480257
[iter=11540] rollout_mean_bb=1.9688 policy_loss=0.014937 value_loss=0.399518
[iter=11545] rollout_mean_bb=-3.1615 policy_loss=0.040663 value_loss=0.476121
[iter=11550] rollout_mean_bb=0.8446 policy_loss=0.017116 value_loss=0.402893
[iter=11555] rollout_mean_bb=1.4987 policy_loss=0.000996 value_loss=0.577390
[iter=11560] rollout_mean_bb=-1.6784 policy_loss=-0.016249 value_loss=0.416937
[iter=11565] rollout_mean_bb=-0.6094 policy_loss=-0.065128 value_loss=0.585938
[iter=11570] rollout_mean_bb=1.3583 policy_loss=0.000572 value_loss=0.446892
[iter=11575] rollout_mean_bb=-0.6559 policy_loss=-0.000628 value_loss=0.600975
[iter=11580] rollout_mean_bb=1.1720 policy_loss=0.028762 value_loss=0.152142
[iter=11585] rollout_mean_bb=1.7011 policy_loss=-0.001744 value_loss=0.426849
[iter=11590] rollout_mean_bb=1.8418 policy_loss=0.029763 value_loss=0.273190
[iter=11595] rollout_mean_bb=-0.0741 policy_loss=-0.000338 value_loss=0.474573
[iter=11600] rollout_mean_bb=1.7793 policy_loss=0.200460 value_loss=0.572215
[iter=11605] rollout_mean_bb=5.1050 policy_loss=-0.014269 value_loss=0.584092
[iter=11610] rollout_mean_bb=-2.1719 policy_loss=-0.023149 value_loss=0.514512
[iter=11615] rollout_mean_bb=0.8297 policy_loss=-0.179081 value_loss=0.533430
[iter=11620] rollout_mean_bb=2.8599 policy_loss=0.011797 value_loss=0.522401
[iter=11625] rollout_mean_bb=4.1406 policy_loss=-0.018752 value_loss=0.635566
[iter=11630] rollout_mean_bb=2.1146 policy_loss=0.029274 value_loss=0.420778
[iter=11635] rollout_mean_bb=2.6055 policy_loss=0.023169 value_loss=0.587332
[iter=11640] rollout_mean_bb=-0.5768 policy_loss=-0.009015 value_loss=0.514789
[iter=11645] rollout_mean_bb=1.5872 policy_loss=0.061174 value_loss=0.671922
[iter=11650] rollout_mean_bb=-2.1185 policy_loss=-0.066248 value_loss=0.643086
[iter=11655] rollout_mean_bb=-0.0417 policy_loss=-0.055978 value_loss=0.737745
[iter=11660] rollout_mean_bb=-1.5143 policy_loss=-0.005239 value_loss=0.810371
[iter=11665] rollout_mean_bb=0.4362 policy_loss=-0.002596 value_loss=0.490071
[iter=11670] rollout_mean_bb=0.9766 policy_loss=0.001035 value_loss=0.374150
[iter=11675] rollout_mean_bb=1.4596 policy_loss=-0.003284 value_loss=0.227848
[iter=11680] rollout_mean_bb=-1.7070 policy_loss=0.006718 value_loss=0.307958
[iter=11685] rollout_mean_bb=3.0573 policy_loss=0.003827 value_loss=0.327534
[iter=11690] rollout_mean_bb=4.0573 policy_loss=0.014024 value_loss=0.299404
[iter=11695] rollout_mean_bb=-3.7383 policy_loss=-0.013128 value_loss=0.237604
[iter=11700] rollout_mean_bb=0.9622 policy_loss=-0.016310 value_loss=0.279878
[iter=11705] rollout_mean_bb=-2.1510 policy_loss=0.000118 value_loss=0.403796
[iter=11710] rollout_mean_bb=0.5182 policy_loss=0.001406 value_loss=0.334960
[iter=11715] rollout_mean_bb=2.0924 policy_loss=0.011482 value_loss=0.233459
[iter=11720] rollout_mean_bb=0.9583 policy_loss=0.005277 value_loss=0.318083
[iter=11725] rollout_mean_bb=-1.0625 policy_loss=0.007567 value_loss=0.381814
[iter=11730] rollout_mean_bb=-6.7891 policy_loss=-0.014370 value_loss=0.473330
[iter=11735] rollout_mean_bb=0.5156 policy_loss=-0.011494 value_loss=0.148884
[iter=11740] rollout_mean_bb=3.6237 policy_loss=-0.007642 value_loss=0.335401
[iter=11745] rollout_mean_bb=-1.0677 policy_loss=0.000042 value_loss=0.300075
[iter=11750] rollout_mean_bb=2.5716 policy_loss=-0.002150 value_loss=0.281099
[iter=11755] rollout_mean_bb=4.1354 policy_loss=-0.002208 value_loss=0.284242
[iter=11760] rollout_mean_bb=0.9362 policy_loss=-0.002123 value_loss=0.287683
[iter=11765] rollout_mean_bb=-0.5352 policy_loss=-0.028543 value_loss=0.595528
[iter=11770] rollout_mean_bb=3.0885 policy_loss=-0.004916 value_loss=0.438023
[iter=11775] rollout_mean_bb=-4.6888 policy_loss=0.016718 value_loss=0.390524
[iter=11780] rollout_mean_bb=-1.5052 policy_loss=-0.011073 value_loss=0.286612
[iter=11785] rollout_mean_bb=-4.1667 policy_loss=0.044753 value_loss=0.544319
[iter=11790] rollout_mean_bb=2.6315 policy_loss=-0.009219 value_loss=0.587519
[iter=11795] rollout_mean_bb=-0.4440 policy_loss=0.003335 value_loss=0.433784
[iter=11800] rollout_mean_bb=3.1589 policy_loss=0.011162 value_loss=0.491665
[iter=11805] rollout_mean_bb=0.5391 policy_loss=0.024975 value_loss=0.362251
[iter=11810] rollout_mean_bb=-1.0195 policy_loss=-0.002824 value_loss=0.126925
[iter=11815] rollout_mean_bb=-0.0521 policy_loss=-0.003003 value_loss=0.344457
[iter=11820] rollout_mean_bb=1.4805 policy_loss=-0.001871 value_loss=0.312938
[iter=11825] rollout_mean_bb=0.9401 policy_loss=-0.013537 value_loss=0.312751
[iter=11830] rollout_mean_bb=2.0573 policy_loss=0.001816 value_loss=0.194709
[iter=11835] rollout_mean_bb=-1.1250 policy_loss=-0.000185 value_loss=0.398891
[iter=11840] rollout_mean_bb=-1.6849 policy_loss=-0.001350 value_loss=0.251921
[iter=11845] rollout_mean_bb=-1.1484 policy_loss=-0.000373 value_loss=0.315845
[iter=11850] rollout_mean_bb=2.4935 policy_loss=0.010706 value_loss=0.216789
[iter=11855] rollout_mean_bb=2.9727 policy_loss=-0.001931 value_loss=0.208076
[iter=11860] rollout_mean_bb=1.4414 policy_loss=-0.006114 value_loss=0.305592
[iter=11865] rollout_mean_bb=-2.1667 policy_loss=-0.000368 value_loss=0.241152
[iter=11870] rollout_mean_bb=2.0365 policy_loss=-0.008454 value_loss=0.564155
[iter=11875] rollout_mean_bb=0.9310 policy_loss=0.000374 value_loss=0.289898
[iter=11880] rollout_mean_bb=-0.0794 policy_loss=-0.002218 value_loss=0.339949
[iter=11885] rollout_mean_bb=-0.0586 policy_loss=0.016642 value_loss=0.262452
[iter=11890] rollout_mean_bb=1.4583 policy_loss=-0.011950 value_loss=0.198364
[iter=11895] rollout_mean_bb=2.5703 policy_loss=-0.020001 value_loss=0.359448
[iter=11900] rollout_mean_bb=-0.6211 policy_loss=0.013732 value_loss=0.226727
[iter=11905] rollout_mean_bb=0.4089 policy_loss=-0.001504 value_loss=0.223269
[iter=11910] rollout_mean_bb=-1.6536 policy_loss=-0.019410 value_loss=0.303274
[iter=11915] rollout_mean_bb=-0.1159 policy_loss=0.005466 value_loss=0.409212
[iter=11920] rollout_mean_bb=-0.0612 policy_loss=-0.001511 value_loss=0.142036
[iter=11925] rollout_mean_bb=-0.0651 policy_loss=-0.045253 value_loss=0.444759
[iter=11930] rollout_mean_bb=-1.0951 policy_loss=0.000583 value_loss=0.354183
[iter=11935] rollout_mean_bb=1.5312 policy_loss=-0.003997 value_loss=0.273723
[iter=11940] rollout_mean_bb=0.9792 policy_loss=0.023361 value_loss=0.241413
[iter=11945] rollout_mean_bb=-2.6211 policy_loss=-0.011578 value_loss=0.450543
[iter=11950] rollout_mean_bb=-1.5677 policy_loss=0.021416 value_loss=0.383400
[iter=11955] rollout_mean_bb=-0.5664 policy_loss=-0.018507 value_loss=0.280064
[iter=11960] rollout_mean_bb=-2.6810 policy_loss=0.049456 value_loss=0.260652
[iter=11965] rollout_mean_bb=-0.6016 policy_loss=-0.011645 value_loss=0.338067
[iter=11970] rollout_mean_bb=1.0326 policy_loss=0.019209 value_loss=0.317070
[iter=11975] rollout_mean_bb=2.1562 policy_loss=0.000864 value_loss=0.253839
[iter=11980] rollout_mean_bb=2.7096 policy_loss=-0.002542 value_loss=0.279238
[iter=11985] rollout_mean_bb=1.5469 policy_loss=-0.008212 value_loss=0.441054
[iter=11990] rollout_mean_bb=2.1484 policy_loss=0.003202 value_loss=0.294441
[iter=11995] rollout_mean_bb=3.1888 policy_loss=-0.003406 value_loss=0.331026
[iter=12000] rollout_mean_bb=2.6510 policy_loss=0.026427 value_loss=0.343230
[iter=12005] rollout_mean_bb=-2.0729 policy_loss=-0.001789 value_loss=0.406444
[iter=12010] rollout_mean_bb=-2.0664 policy_loss=-0.005289 value_loss=0.310279
[iter=12015] rollout_mean_bb=0.0521 policy_loss=-0.006265 value_loss=0.481467
[iter=12020] rollout_mean_bb=2.6146 policy_loss=0.006596 value_loss=0.322259
[iter=12025] rollout_mean_bb=-1.0898 policy_loss=0.001947 value_loss=0.253990
[iter=12030] rollout_mean_bb=1.1302 policy_loss=-0.001265 value_loss=0.230710
[iter=12035] rollout_mean_bb=1.5547 policy_loss=0.013553 value_loss=0.118189
[iter=12040] rollout_mean_bb=2.0586 policy_loss=0.001383 value_loss=0.284129
[iter=12045] rollout_mean_bb=0.0065 policy_loss=-0.002659 value_loss=0.337077
[iter=12050] rollout_mean_bb=0.0208 policy_loss=-0.005482 value_loss=0.223402
[iter=12055] rollout_mean_bb=0.4479 policy_loss=0.017631 value_loss=0.335136
[iter=12060] rollout_mean_bb=-0.6003 policy_loss=-0.004459 value_loss=0.151458
[iter=12065] rollout_mean_bb=1.0664 policy_loss=-0.001701 value_loss=0.342978
[iter=12070] rollout_mean_bb=-0.1302 policy_loss=-0.007352 value_loss=0.178067
[iter=12075] rollout_mean_bb=-2.0872 policy_loss=-0.012932 value_loss=0.353665
[iter=12080] rollout_mean_bb=-0.0755 policy_loss=-0.007516 value_loss=0.243045
[iter=12085] rollout_mean_bb=-0.5651 policy_loss=0.015341 value_loss=0.173180
[iter=12090] rollout_mean_bb=0.4661 policy_loss=-0.006646 value_loss=0.142283
[iter=12095] rollout_mean_bb=2.4648 policy_loss=-0.007110 value_loss=0.340578
[iter=12100] rollout_mean_bb=1.0026 policy_loss=-0.005249 value_loss=0.163680
[iter=12105] rollout_mean_bb=0.4909 policy_loss=0.000882 value_loss=0.305688
[iter=12110] rollout_mean_bb=-0.0378 policy_loss=0.029916 value_loss=0.299653
[iter=12115] rollout_mean_bb=-1.1185 policy_loss=-0.010488 value_loss=0.325444
[iter=12120] rollout_mean_bb=1.5560 policy_loss=0.001568 value_loss=0.431999
[iter=12125] rollout_mean_bb=3.1628 policy_loss=0.003554 value_loss=0.433849
[iter=12130] rollout_mean_bb=5.1979 policy_loss=0.003011 value_loss=0.517631
[iter=12135] rollout_mean_bb=-1.5417 policy_loss=0.010401 value_loss=0.444808
[iter=12140] rollout_mean_bb=0.9622 policy_loss=-0.003194 value_loss=0.352443
[iter=12145] rollout_mean_bb=-0.0703 policy_loss=0.003957 value_loss=0.309092
[iter=12150] rollout_mean_bb=0.4596 policy_loss=0.006368 value_loss=0.433360
[iter=12155] rollout_mean_bb=4.1589 policy_loss=-0.007579 value_loss=0.441581
[iter=12160] rollout_mean_bb=0.9792 policy_loss=0.020239 value_loss=0.257035
[iter=12165] rollout_mean_bb=2.0299 policy_loss=-0.013454 value_loss=0.584382
[iter=12170] rollout_mean_bb=1.5586 policy_loss=0.009266 value_loss=0.542401
[iter=12175] rollout_mean_bb=-2.1615 policy_loss=0.022981 value_loss=0.491991
[iter=12180] rollout_mean_bb=2.9662 policy_loss=-0.000930 value_loss=0.621558
[iter=12185] rollout_mean_bb=-1.6172 policy_loss=-0.004334 value_loss=0.426751
[iter=12190] rollout_mean_bb=2.0091 policy_loss=-0.026721 value_loss=0.419826
[iter=12195] rollout_mean_bb=1.5378 policy_loss=0.018460 value_loss=0.427759
[iter=12200] rollout_mean_bb=0.4779 policy_loss=-0.002073 value_loss=0.346233
[iter=12205] rollout_mean_bb=-0.1071 policy_loss=-0.000252 value_loss=0.273138
[iter=12210] rollout_mean_bb=0.8910 policy_loss=0.003902 value_loss=0.604548
[iter=12215] rollout_mean_bb=-2.0494 policy_loss=-0.000754 value_loss=0.413237
[iter=12220] rollout_mean_bb=1.3390 policy_loss=-0.001766 value_loss=0.413171
[iter=12225] rollout_mean_bb=-0.6237 policy_loss=-0.031619 value_loss=0.231371
[iter=12230] rollout_mean_bb=0.3582 policy_loss=0.002433 value_loss=0.245609
[iter=12235] rollout_mean_bb=1.7564 policy_loss=-0.634717 value_loss=1.039484
[iter=12240] rollout_mean_bb=1.4353 policy_loss=-0.001290 value_loss=0.377539
[iter=12245] rollout_mean_bb=3.5013 policy_loss=-0.001035 value_loss=0.567243
[iter=12250] rollout_mean_bb=2.8928 policy_loss=-0.838659 value_loss=1.284829
[iter=12255] rollout_mean_bb=5.6940 policy_loss=-0.006011 value_loss=0.561733
[iter=12260] rollout_mean_bb=-0.5156 policy_loss=0.002463 value_loss=0.359050
[iter=12265] rollout_mean_bb=-2.6589 policy_loss=0.001048 value_loss=0.482314
[iter=12270] rollout_mean_bb=-0.1042 policy_loss=-0.000869 value_loss=0.500780
[iter=12275] rollout_mean_bb=1.4987 policy_loss=0.007298 value_loss=0.418118
[iter=12280] rollout_mean_bb=-1.0417 policy_loss=-0.005123 value_loss=0.372790
[iter=12285] rollout_mean_bb=4.0599 policy_loss=-0.002506 value_loss=0.647028
[iter=12290] rollout_mean_bb=-0.4766 policy_loss=0.000744 value_loss=0.317369
[iter=12295] rollout_mean_bb=3.1159 policy_loss=0.005855 value_loss=0.367732
[iter=12300] rollout_mean_bb=2.0365 policy_loss=0.014728 value_loss=0.224100
[iter=12305] rollout_mean_bb=2.0469 policy_loss=-0.004013 value_loss=0.287736
[iter=12310] rollout_mean_bb=3.1185 policy_loss=0.020158 value_loss=0.342590
[iter=12315] rollout_mean_bb=5.1523 policy_loss=0.004138 value_loss=0.397463
[iter=12320] rollout_mean_bb=1.0065 policy_loss=0.014850 value_loss=0.159474
[iter=12325] rollout_mean_bb=2.0898 policy_loss=0.001807 value_loss=0.372682
[iter=12330] rollout_mean_bb=-0.5625 policy_loss=-0.008057 value_loss=0.464213
[iter=12335] rollout_mean_bb=4.6354 policy_loss=0.007456 value_loss=0.450617
[iter=12340] rollout_mean_bb=-1.1315 policy_loss=0.019722 value_loss=0.524470
[iter=12345] rollout_mean_bb=1.4857 policy_loss=-0.074783 value_loss=0.368445
[iter=12350] rollout_mean_bb=2.1107 policy_loss=-0.007727 value_loss=0.381996
[iter=12355] rollout_mean_bb=1.0586 policy_loss=0.024825 value_loss=0.230076
[iter=12360] rollout_mean_bb=-0.0234 policy_loss=-0.000418 value_loss=0.274746
[iter=12365] rollout_mean_bb=0.5924 policy_loss=0.080172 value_loss=0.569433
[iter=12370] rollout_mean_bb=2.5820 policy_loss=-0.031830 value_loss=0.345535
[iter=12375] rollout_mean_bb=0.0208 policy_loss=-0.000358 value_loss=0.349454
[iter=12380] rollout_mean_bb=1.0833 policy_loss=0.018944 value_loss=0.400032
[iter=12385] rollout_mean_bb=1.0326 policy_loss=-0.002675 value_loss=0.365008
[iter=12390] rollout_mean_bb=1.0482 policy_loss=-0.008833 value_loss=0.378000
[iter=12395] rollout_mean_bb=2.1380 policy_loss=-0.015103 value_loss=0.343005
[iter=12400] rollout_mean_bb=1.0456 policy_loss=-0.079344 value_loss=0.296485
[iter=12405] rollout_mean_bb=5.7122 policy_loss=0.016720 value_loss=0.320282
[iter=12410] rollout_mean_bb=3.1654 policy_loss=-0.004706 value_loss=0.484493
[iter=12415] rollout_mean_bb=3.6432 policy_loss=0.003362 value_loss=0.473840
[iter=12420] rollout_mean_bb=1.5469 policy_loss=-0.002091 value_loss=0.220172
[iter=12425] rollout_mean_bb=1.0169 policy_loss=-0.003156 value_loss=0.508855
[iter=12430] rollout_mean_bb=1.5312 policy_loss=-0.005716 value_loss=0.395173
[iter=12435] rollout_mean_bb=-0.0521 policy_loss=-0.009070 value_loss=0.249457
[iter=12440] rollout_mean_bb=3.1406 policy_loss=-0.009709 value_loss=0.453440
[iter=12445] rollout_mean_bb=-1.0690 policy_loss=-0.000382 value_loss=0.418933
[iter=12450] rollout_mean_bb=0.5026 policy_loss=-0.004146 value_loss=0.314114
[iter=12455] rollout_mean_bb=3.6133 policy_loss=0.003877 value_loss=0.277844
[iter=12460] rollout_mean_bb=-0.0091 policy_loss=-0.001392 value_loss=0.387315
[iter=12465] rollout_mean_bb=3.6497 policy_loss=0.007037 value_loss=0.304952
[iter=12470] rollout_mean_bb=1.5273 policy_loss=0.003850 value_loss=0.163760
[iter=12475] rollout_mean_bb=6.2721 policy_loss=0.015966 value_loss=0.303073
[iter=12480] rollout_mean_bb=-1.0352 policy_loss=0.000202 value_loss=0.365816
[iter=12485] rollout_mean_bb=4.6862 policy_loss=-0.000961 value_loss=0.392074
[iter=12490] rollout_mean_bb=2.5951 policy_loss=0.016972 value_loss=0.369270
[iter=12495] rollout_mean_bb=1.0625 policy_loss=-0.014234 value_loss=0.324687
[iter=12500] rollout_mean_bb=0.5234 policy_loss=-0.010883 value_loss=0.343349
[iter=12505] rollout_mean_bb=-1.4492 policy_loss=0.022187 value_loss=0.378081
[iter=12510] rollout_mean_bb=-3.0326 policy_loss=-0.006127 value_loss=0.267490
[iter=12515] rollout_mean_bb=-1.5612 policy_loss=0.004775 value_loss=0.377940
[iter=12520] rollout_mean_bb=2.0977 policy_loss=-0.003646 value_loss=0.220892
[iter=12525] rollout_mean_bb=0.5404 policy_loss=0.009126 value_loss=0.376859
[iter=12530] rollout_mean_bb=0.9154 policy_loss=-0.001119 value_loss=0.298002
[iter=12535] rollout_mean_bb=-2.6406 policy_loss=0.011892 value_loss=0.321366
[iter=12540] rollout_mean_bb=1.2292 policy_loss=-0.011267 value_loss=0.422148
[iter=12545] rollout_mean_bb=4.3906 policy_loss=-0.005736 value_loss=0.854566
[iter=12550] rollout_mean_bb=4.8841 policy_loss=-0.022690 value_loss=0.918320
[iter=12555] rollout_mean_bb=3.2305 policy_loss=0.001892 value_loss=1.008089
[iter=12560] rollout_mean_bb=1.0729 policy_loss=-0.010818 value_loss=1.121122
[iter=12565] rollout_mean_bb=-1.0755 policy_loss=0.057001 value_loss=1.077378
[iter=12570] rollout_mean_bb=6.1250 policy_loss=0.005723 value_loss=1.158056
[iter=12575] rollout_mean_bb=8.9740 policy_loss=0.013746 value_loss=1.215852
[iter=12580] rollout_mean_bb=5.1966 policy_loss=-0.020349 value_loss=1.920232
[iter=12585] rollout_mean_bb=-3.1589 policy_loss=0.013669 value_loss=1.866350
[iter=12590] rollout_mean_bb=20.1628 policy_loss=-0.009455 value_loss=1.475728
[iter=12595] rollout_mean_bb=6.0560 policy_loss=-0.063895 value_loss=1.896069
[iter=12600] rollout_mean_bb=17.4870 policy_loss=0.004116 value_loss=1.673076
[iter=12605] rollout_mean_bb=3.9740 policy_loss=0.006897 value_loss=1.853925
[iter=12610] rollout_mean_bb=18.0534 policy_loss=0.069254 value_loss=2.427825
[iter=12615] rollout_mean_bb=17.5065 policy_loss=-0.000827 value_loss=2.368944
[iter=12620] rollout_mean_bb=23.7799 policy_loss=0.040706 value_loss=2.372435
[iter=12625] rollout_mean_bb=15.9818 policy_loss=0.018864 value_loss=2.275692
[iter=12630] rollout_mean_bb=13.8073 policy_loss=-0.005137 value_loss=1.978295
[iter=12635] rollout_mean_bb=10.7799 policy_loss=0.004618 value_loss=1.936060
[iter=12640] rollout_mean_bb=10.8255 policy_loss=0.013410 value_loss=2.155672
[iter=12645] rollout_mean_bb=15.9818 policy_loss=0.007431 value_loss=2.244064
[iter=12650] rollout_mean_bb=7.1107 policy_loss=-0.011449 value_loss=2.236122
[iter=12655] rollout_mean_bb=14.8789 policy_loss=0.006507 value_loss=2.630181
[iter=12660] rollout_mean_bb=11.2852 policy_loss=-0.005203 value_loss=2.459517
[iter=12665] rollout_mean_bb=1.9492 policy_loss=0.002408 value_loss=2.870034
[iter=12670] rollout_mean_bb=8.1654 policy_loss=0.010211 value_loss=2.854730
[iter=12675] rollout_mean_bb=4.0703 policy_loss=-0.007700 value_loss=3.168931
[iter=12680] rollout_mean_bb=-5.8997 policy_loss=-0.018356 value_loss=2.985213
[iter=12685] rollout_mean_bb=-4.8841 policy_loss=0.045618 value_loss=2.947962
[iter=12690] rollout_mean_bb=19.0573 policy_loss=-0.001193 value_loss=2.642720
[iter=12695] rollout_mean_bb=26.4375 policy_loss=0.025623 value_loss=2.724048
[iter=12700] rollout_mean_bb=17.9531 policy_loss=-0.001514 value_loss=2.328101
[iter=12705] rollout_mean_bb=12.3268 policy_loss=-0.019263 value_loss=2.650109
[iter=12710] rollout_mean_bb=1.9115 policy_loss=0.016764 value_loss=2.366585
[iter=12715] rollout_mean_bb=7.1536 policy_loss=-0.008173 value_loss=2.880580
[iter=12720] rollout_mean_bb=8.7344 policy_loss=-0.000512 value_loss=2.650086
[iter=12725] rollout_mean_bb=10.2956 policy_loss=-0.007679 value_loss=2.739367
[iter=12730] rollout_mean_bb=9.6667 policy_loss=-0.010056 value_loss=2.622904
[iter=12735] rollout_mean_bb=17.0091 policy_loss=-0.005284 value_loss=2.655966
[iter=12740] rollout_mean_bb=13.2995 policy_loss=-0.011553 value_loss=2.563805
[iter=12745] rollout_mean_bb=19.5872 policy_loss=0.001063 value_loss=2.441579
[iter=12750] rollout_mean_bb=7.1133 policy_loss=0.003653 value_loss=2.264930
[iter=12755] rollout_mean_bb=17.0872 policy_loss=-0.031019 value_loss=2.429644
[iter=12760] rollout_mean_bb=16.4167 policy_loss=-0.010412 value_loss=2.118882
[iter=12765] rollout_mean_bb=12.8737 policy_loss=0.012188 value_loss=2.097681
[iter=12770] rollout_mean_bb=8.1693 policy_loss=-0.003941 value_loss=1.965042
[iter=12775] rollout_mean_bb=-2.5872 policy_loss=0.013256 value_loss=0.826847
[iter=12780] rollout_mean_bb=-1.2018 policy_loss=0.023946 value_loss=0.534981
[iter=12785] rollout_mean_bb=8.6966 policy_loss=0.005734 value_loss=0.427779
[iter=12790] rollout_mean_bb=4.0951 policy_loss=-0.000417 value_loss=0.381385
[iter=12795] rollout_mean_bb=0.9688 policy_loss=-0.039476 value_loss=0.578175
[iter=12800] rollout_mean_bb=-0.0247 policy_loss=-0.001637 value_loss=0.486557
[iter=12805] rollout_mean_bb=-6.3776 policy_loss=0.001466 value_loss=0.547670
[iter=12810] rollout_mean_bb=1.9935 policy_loss=0.002044 value_loss=0.366551
[iter=12815] rollout_mean_bb=-2.2240 policy_loss=-0.014067 value_loss=0.434667
[iter=12820] rollout_mean_bb=1.4089 policy_loss=-0.001324 value_loss=0.388777
[iter=12825] rollout_mean_bb=-2.2904 policy_loss=-0.003901 value_loss=0.429487
[iter=12830] rollout_mean_bb=2.9818 policy_loss=-0.002520 value_loss=0.347505
[iter=12835] rollout_mean_bb=0.8555 policy_loss=-0.001017 value_loss=0.495410
[iter=12840] rollout_mean_bb=9.2852 policy_loss=0.003325 value_loss=0.541339
[iter=12845] rollout_mean_bb=0.8346 policy_loss=-0.001584 value_loss=0.407063
[iter=12850] rollout_mean_bb=4.9570 policy_loss=0.002413 value_loss=0.493240
[iter=12855] rollout_mean_bb=5.4544 policy_loss=0.003809 value_loss=0.390892
[iter=12860] rollout_mean_bb=5.3971 policy_loss=0.003975 value_loss=0.381528
[iter=12865] rollout_mean_bb=1.2852 policy_loss=0.026098 value_loss=0.295020
[iter=12870] rollout_mean_bb=6.1523 policy_loss=-0.003397 value_loss=0.432938
[iter=12875] rollout_mean_bb=3.9740 policy_loss=-0.006298 value_loss=0.469761
[iter=12880] rollout_mean_bb=2.9727 policy_loss=0.013050 value_loss=0.449731
[iter=12885] rollout_mean_bb=3.3086 policy_loss=-0.000718 value_loss=0.397098
[iter=12890] rollout_mean_bb=-2.2708 policy_loss=0.008674 value_loss=0.500152
[iter=12895] rollout_mean_bb=0.8867 policy_loss=-0.000343 value_loss=0.452906
[iter=12900] rollout_mean_bb=2.8359 policy_loss=-0.006294 value_loss=0.363812
[iter=12905] rollout_mean_bb=6.5091 policy_loss=-0.001406 value_loss=0.340889
[iter=12910] rollout_mean_bb=0.2344 policy_loss=-0.000046 value_loss=0.419017
[iter=12915] rollout_mean_bb=-1.2891 policy_loss=0.003879 value_loss=0.377773
[iter=12920] rollout_mean_bb=-2.1966 policy_loss=-0.004926 value_loss=0.463810
[iter=12925] rollout_mean_bb=1.4531 policy_loss=0.003462 value_loss=0.435218
[iter=12930] rollout_mean_bb=2.8620 policy_loss=-0.001237 value_loss=0.447027
[iter=12935] rollout_mean_bb=1.3320 policy_loss=0.072543 value_loss=0.514632
[iter=12940] rollout_mean_bb=0.3711 policy_loss=0.011037 value_loss=0.471208
[iter=12945] rollout_mean_bb=1.4245 policy_loss=0.043666 value_loss=0.406999
[iter=12950] rollout_mean_bb=1.3984 policy_loss=0.043714 value_loss=0.337767
[iter=12955] rollout_mean_bb=2.4557 policy_loss=-0.008869 value_loss=0.323497
[iter=12960] rollout_mean_bb=8.2161 policy_loss=0.029537 value_loss=0.484043
[iter=12965] rollout_mean_bb=3.5781 policy_loss=-0.001123 value_loss=0.474791
[iter=12970] rollout_mean_bb=1.3281 policy_loss=0.001594 value_loss=0.344419
[iter=12975] rollout_mean_bb=4.1107 policy_loss=0.007580 value_loss=0.468888
[iter=12980] rollout_mean_bb=5.6250 policy_loss=0.001788 value_loss=0.511515
[iter=12985] rollout_mean_bb=7.0612 policy_loss=0.000324 value_loss=0.558578
[iter=12990] rollout_mean_bb=3.4258 policy_loss=0.009710 value_loss=0.499863
[iter=12995] rollout_mean_bb=2.8997 policy_loss=0.005082 value_loss=0.525975
[iter=13000] rollout_mean_bb=1.2201 policy_loss=0.120569 value_loss=0.480453
[iter=13005] rollout_mean_bb=-4.4180 policy_loss=0.012340 value_loss=0.341768
[iter=13010] rollout_mean_bb=-0.0195 policy_loss=0.000690 value_loss=0.436511
[iter=13015] rollout_mean_bb=-1.1198 policy_loss=0.003388 value_loss=0.379395
[iter=13020] rollout_mean_bb=-2.9609 policy_loss=-0.100152 value_loss=0.569939
[iter=13025] rollout_mean_bb=4.3281 policy_loss=-0.004214 value_loss=0.309180
[iter=13030] rollout_mean_bb=4.5104 policy_loss=-0.022973 value_loss=0.380879
[iter=13035] rollout_mean_bb=-1.7448 policy_loss=-0.003611 value_loss=0.496655
[iter=13040] rollout_mean_bb=0.8607 policy_loss=-0.021338 value_loss=0.336164
[iter=13045] rollout_mean_bb=0.7292 policy_loss=-0.023257 value_loss=0.426603
[iter=13050] rollout_mean_bb=6.5977 policy_loss=-0.071862 value_loss=0.412433
[iter=13055] rollout_mean_bb=7.0677 policy_loss=-0.002062 value_loss=0.423620
[iter=13060] rollout_mean_bb=9.0820 policy_loss=-0.001979 value_loss=0.334961
[iter=13065] rollout_mean_bb=4.5964 policy_loss=-0.000718 value_loss=0.328723
[iter=13070] rollout_mean_bb=1.8789 policy_loss=-0.004475 value_loss=0.449338
[iter=13075] rollout_mean_bb=0.4336 policy_loss=0.024525 value_loss=0.320043
[iter=13080] rollout_mean_bb=-2.7773 policy_loss=-0.008886 value_loss=0.417670
[iter=13085] rollout_mean_bb=6.0547 policy_loss=0.003482 value_loss=0.464079
[iter=13090] rollout_mean_bb=6.7005 policy_loss=-0.004775 value_loss=0.413237
[iter=13095] rollout_mean_bb=-7.5156 policy_loss=-0.009465 value_loss=0.371224
[iter=13100] rollout_mean_bb=3.4362 policy_loss=-0.018960 value_loss=0.388990
[iter=13105] rollout_mean_bb=1.3945 policy_loss=0.009594 value_loss=0.396501
[iter=13110] rollout_mean_bb=2.4010 policy_loss=0.015355 value_loss=0.540894
[iter=13115] rollout_mean_bb=0.8151 policy_loss=-0.001102 value_loss=0.359540
[iter=13120] rollout_mean_bb=-3.8568 policy_loss=0.007560 value_loss=0.378694
[iter=13125] rollout_mean_bb=2.9271 policy_loss=-0.011103 value_loss=0.350098
[iter=13130] rollout_mean_bb=3.4883 policy_loss=0.004695 value_loss=0.283227
[iter=13135] rollout_mean_bb=-2.3659 policy_loss=0.003133 value_loss=0.344721
[iter=13140] rollout_mean_bb=0.3997 policy_loss=-0.098664 value_loss=0.342561
[iter=13145] rollout_mean_bb=4.0221 policy_loss=0.002515 value_loss=0.433690
[iter=13150] rollout_mean_bb=7.1953 policy_loss=-0.001651 value_loss=0.535368
[iter=13155] rollout_mean_bb=0.3984 policy_loss=-0.008148 value_loss=0.271008
[iter=13160] rollout_mean_bb=-4.4036 policy_loss=0.098567 value_loss=0.320518
[iter=13165] rollout_mean_bb=-2.8060 policy_loss=0.020768 value_loss=0.416892
[iter=13170] rollout_mean_bb=-2.2227 policy_loss=-0.001643 value_loss=0.339050
[iter=13175] rollout_mean_bb=-0.2539 policy_loss=-0.044642 value_loss=0.235915
[iter=13180] rollout_mean_bb=-3.8216 policy_loss=-0.012146 value_loss=0.465768
[iter=13185] rollout_mean_bb=2.8958 policy_loss=0.004192 value_loss=0.280272
[iter=13190] rollout_mean_bb=-2.2344 policy_loss=0.005185 value_loss=0.448977
[iter=13195] rollout_mean_bb=1.8464 policy_loss=0.004893 value_loss=0.290782
[iter=13200] rollout_mean_bb=-2.7812 policy_loss=0.000777 value_loss=0.326278
[iter=13205] rollout_mean_bb=2.4818 policy_loss=-0.124696 value_loss=0.545260
[iter=13210] rollout_mean_bb=-4.2643 policy_loss=-0.018863 value_loss=0.464063
[iter=13215] rollout_mean_bb=5.0703 policy_loss=0.076572 value_loss=0.470164
[iter=13220] rollout_mean_bb=0.8880 policy_loss=-0.034924 value_loss=0.521311
[iter=13225] rollout_mean_bb=1.3906 policy_loss=0.054186 value_loss=0.459151
[iter=13230] rollout_mean_bb=-0.1784 policy_loss=-0.019834 value_loss=0.340418
[iter=13235] rollout_mean_bb=7.0495 policy_loss=-0.001712 value_loss=0.341367
[iter=13240] rollout_mean_bb=-2.8320 policy_loss=-0.022306 value_loss=0.375451
[iter=13245] rollout_mean_bb=5.0130 policy_loss=-0.004347 value_loss=0.404177
[iter=13250] rollout_mean_bb=1.4661 policy_loss=0.017025 value_loss=0.213796
[iter=13255] rollout_mean_bb=4.0000 policy_loss=-0.017940 value_loss=0.369949
[iter=13260] rollout_mean_bb=1.9831 policy_loss=-0.020470 value_loss=0.514603
[iter=13265] rollout_mean_bb=-2.7018 policy_loss=0.001040 value_loss=0.308022
[iter=13270] rollout_mean_bb=3.4948 policy_loss=0.003147 value_loss=0.220275
[iter=13275] rollout_mean_bb=3.9609 policy_loss=-0.004937 value_loss=0.370339
[iter=13280] rollout_mean_bb=8.2135 policy_loss=-0.008374 value_loss=0.345813
[iter=13285] rollout_mean_bb=2.0234 policy_loss=0.010274 value_loss=0.468074
[iter=13290] rollout_mean_bb=0.3320 policy_loss=0.000061 value_loss=0.449647
[iter=13295] rollout_mean_bb=2.5378 policy_loss=0.012684 value_loss=0.411796
[iter=13300] rollout_mean_bb=5.0560 policy_loss=0.084844 value_loss=0.297422
[iter=13305] rollout_mean_bb=2.5742 policy_loss=0.015298 value_loss=0.338418
[iter=13310] rollout_mean_bb=3.5599 policy_loss=0.007450 value_loss=0.320508
[iter=13315] rollout_mean_bb=0.3633 policy_loss=0.003955 value_loss=0.392904
[iter=13320] rollout_mean_bb=-1.6589 policy_loss=-0.027920 value_loss=0.498508
[iter=13325] rollout_mean_bb=-2.2982 policy_loss=0.020118 value_loss=0.289973
[iter=13330] rollout_mean_bb=-3.2422 policy_loss=-0.155212 value_loss=0.391001
[iter=13335] rollout_mean_bb=-2.7487 policy_loss=0.003961 value_loss=0.280727
[iter=13340] rollout_mean_bb=3.6211 policy_loss=-0.004028 value_loss=0.358650
[iter=13345] rollout_mean_bb=4.6536 policy_loss=-0.005460 value_loss=0.473285
[iter=13350] rollout_mean_bb=-0.1003 policy_loss=0.005630 value_loss=0.315024
[iter=13355] rollout_mean_bb=5.6419 policy_loss=0.056310 value_loss=0.405700
[iter=13360] rollout_mean_bb=4.0404 policy_loss=0.001757 value_loss=0.415874
[iter=13365] rollout_mean_bb=0.4896 policy_loss=0.012384 value_loss=0.395938
[iter=13370] rollout_mean_bb=6.0951 policy_loss=0.019464 value_loss=0.338618
[iter=13375] rollout_mean_bb=-0.2148 policy_loss=-0.003654 value_loss=0.364884
[iter=13380] rollout_mean_bb=1.5378 policy_loss=0.006895 value_loss=0.423871
[iter=13385] rollout_mean_bb=6.1354 policy_loss=0.002526 value_loss=0.405041
[iter=13390] rollout_mean_bb=6.6966 policy_loss=-0.003684 value_loss=0.426228
[iter=13395] rollout_mean_bb=2.9388 policy_loss=-0.028856 value_loss=0.388725
[iter=13400] rollout_mean_bb=4.5391 policy_loss=0.006974 value_loss=0.490119
[iter=13405] rollout_mean_bb=-1.2292 policy_loss=-0.009243 value_loss=0.519810
[iter=13410] rollout_mean_bb=-1.6432 policy_loss=0.066885 value_loss=0.469596
[iter=13415] rollout_mean_bb=1.4271 policy_loss=-0.000677 value_loss=0.446759
[iter=13420] rollout_mean_bb=-5.8737 policy_loss=0.026458 value_loss=0.383240
[iter=13425] rollout_mean_bb=-0.1354 policy_loss=-0.002427 value_loss=0.453667
[iter=13430] rollout_mean_bb=3.5677 policy_loss=0.015370 value_loss=0.414453
[iter=13435] rollout_mean_bb=3.5690 policy_loss=-0.012421 value_loss=0.367304
[iter=13440] rollout_mean_bb=3.0586 policy_loss=-0.004902 value_loss=0.321704
[iter=13445] rollout_mean_bb=-2.1367 policy_loss=0.014560 value_loss=0.422041
[iter=13450] rollout_mean_bb=4.9701 policy_loss=0.000715 value_loss=0.273276
[iter=13455] rollout_mean_bb=3.4062 policy_loss=-0.000509 value_loss=0.436373
[iter=13460] rollout_mean_bb=4.5443 policy_loss=-0.012156 value_loss=0.443659
[iter=13465] rollout_mean_bb=-0.1706 policy_loss=0.019223 value_loss=0.285485
[iter=13470] rollout_mean_bb=6.5234 policy_loss=-0.001253 value_loss=0.279168
[iter=13475] rollout_mean_bb=-2.7799 policy_loss=0.007732 value_loss=0.336295
[iter=13480] rollout_mean_bb=-2.8555 policy_loss=0.000027 value_loss=0.426586
[iter=13485] rollout_mean_bb=4.9336 policy_loss=0.003910 value_loss=0.371783
[iter=13490] rollout_mean_bb=1.9180 policy_loss=-0.003218 value_loss=0.328638
[iter=13495] rollout_mean_bb=6.5000 policy_loss=0.003349 value_loss=0.536832
[iter=13500] rollout_mean_bb=1.2383 policy_loss=-0.057800 value_loss=0.428182
[iter=13505] rollout_mean_bb=6.7995 policy_loss=0.044848 value_loss=0.416803
[iter=13510] rollout_mean_bb=1.9596 policy_loss=-0.007053 value_loss=0.345562
[iter=13515] rollout_mean_bb=0.3073 policy_loss=0.017887 value_loss=0.403452
[iter=13520] rollout_mean_bb=0.8802 policy_loss=-0.029369 value_loss=0.530042
[iter=13525] rollout_mean_bb=3.3229 policy_loss=0.031365 value_loss=0.398778
[iter=13530] rollout_mean_bb=1.2526 policy_loss=-0.002926 value_loss=0.339588
[iter=13535] rollout_mean_bb=1.5352 policy_loss=-0.017649 value_loss=0.374033
[iter=13540] rollout_mean_bb=2.8490 policy_loss=-0.021429 value_loss=0.488510
[iter=13545] rollout_mean_bb=-0.4193 policy_loss=-0.006523 value_loss=0.263227
[iter=13550] rollout_mean_bb=2.6497 policy_loss=0.002722 value_loss=0.391569
[iter=13555] rollout_mean_bb=0.2044 policy_loss=0.010204 value_loss=0.495985
[iter=13560] rollout_mean_bb=-4.3294 policy_loss=-0.016426 value_loss=0.547982
[iter=13565] rollout_mean_bb=-0.2253 policy_loss=0.009149 value_loss=0.429134
[iter=13570] rollout_mean_bb=0.8385 policy_loss=0.012850 value_loss=0.412109
[iter=13575] rollout_mean_bb=-3.3268 policy_loss=-0.006380 value_loss=0.478820
[iter=13580] rollout_mean_bb=-1.7018 policy_loss=-0.010884 value_loss=0.421962
[iter=13585] rollout_mean_bb=-2.8333 policy_loss=-0.004096 value_loss=0.455675
[iter=13590] rollout_mean_bb=1.8099 policy_loss=-0.066136 value_loss=0.724201
[iter=13595] rollout_mean_bb=4.4922 policy_loss=-0.000924 value_loss=0.387680
[iter=13600] rollout_mean_bb=1.8138 policy_loss=0.089289 value_loss=0.540208
[iter=13605] rollout_mean_bb=3.4062 policy_loss=0.029537 value_loss=0.325756
[iter=13610] rollout_mean_bb=6.2773 policy_loss=-0.000795 value_loss=0.414477
[iter=13615] rollout_mean_bb=2.2878 policy_loss=0.010751 value_loss=0.296472
[iter=13620] rollout_mean_bb=5.0924 policy_loss=-0.007009 value_loss=0.440228
[iter=13625] rollout_mean_bb=6.9128 policy_loss=-0.010261 value_loss=0.545631
[iter=13630] rollout_mean_bb=3.4909 policy_loss=0.013647 value_loss=0.528469
[iter=13635] rollout_mean_bb=1.3398 policy_loss=-0.008894 value_loss=0.438874
[iter=13640] rollout_mean_bb=6.3646 policy_loss=0.031333 value_loss=0.346818
[iter=13645] rollout_mean_bb=1.2747 policy_loss=0.006338 value_loss=0.381165
[iter=13650] rollout_mean_bb=3.4154 policy_loss=0.018922 value_loss=0.326996
[iter=13655] rollout_mean_bb=1.4219 policy_loss=0.005207 value_loss=0.352985
[iter=13660] rollout_mean_bb=2.2344 policy_loss=0.001296 value_loss=0.468595
[iter=13665] rollout_mean_bb=2.8008 policy_loss=-0.015360 value_loss=0.529545
[iter=13670] rollout_mean_bb=2.7604 policy_loss=0.084281 value_loss=0.466631
[iter=13675] rollout_mean_bb=2.7839 policy_loss=-0.001051 value_loss=0.411733
[iter=13680] rollout_mean_bb=3.2760 policy_loss=-0.021773 value_loss=0.357249
[iter=13685] rollout_mean_bb=0.3359 policy_loss=0.027785 value_loss=0.429283
[iter=13690] rollout_mean_bb=0.6198 policy_loss=0.002653 value_loss=0.433106
[iter=13695] rollout_mean_bb=4.6068 policy_loss=0.005975 value_loss=0.528437
[iter=13700] rollout_mean_bb=8.2161 policy_loss=0.001043 value_loss=0.643112
[iter=13705] rollout_mean_bb=-2.0872 policy_loss=-0.004490 value_loss=0.565562
[iter=13710] rollout_mean_bb=2.2305 policy_loss=0.021496 value_loss=0.560173
[iter=13715] rollout_mean_bb=1.1549 policy_loss=-0.006326 value_loss=0.485321
[iter=13720] rollout_mean_bb=0.5664 policy_loss=-0.000597 value_loss=0.632919
[iter=13725] rollout_mean_bb=2.3698 policy_loss=0.004571 value_loss=0.410110
[iter=13730] rollout_mean_bb=3.1471 policy_loss=0.006897 value_loss=0.538182
[iter=13735] rollout_mean_bb=3.9141 policy_loss=-0.005590 value_loss=0.527895
[iter=13740] rollout_mean_bb=1.7370 policy_loss=0.049794 value_loss=0.312018
[iter=13745] rollout_mean_bb=5.4818 policy_loss=-0.006775 value_loss=0.516705
[iter=13750] rollout_mean_bb=0.3320 policy_loss=0.000980 value_loss=0.443783
[iter=13755] rollout_mean_bb=7.0599 policy_loss=-0.021374 value_loss=0.364952
[iter=13760] rollout_mean_bb=6.4635 policy_loss=-0.009837 value_loss=0.484908
[iter=13765] rollout_mean_bb=1.9609 policy_loss=0.007387 value_loss=0.388155
[iter=13770] rollout_mean_bb=0.4049 policy_loss=0.000521 value_loss=0.417033
[iter=13775] rollout_mean_bb=1.3385 policy_loss=-0.007745 value_loss=0.537279
[iter=13780] rollout_mean_bb=4.4297 policy_loss=0.000214 value_loss=0.585040
[iter=13785] rollout_mean_bb=7.5130 policy_loss=0.002813 value_loss=0.351398
[iter=13790] rollout_mean_bb=1.8711 policy_loss=0.117675 value_loss=0.533308
[iter=13795] rollout_mean_bb=0.9010 policy_loss=-0.011157 value_loss=0.485865
[iter=13800] rollout_mean_bb=1.4062 policy_loss=0.012559 value_loss=0.451431
[iter=13805] rollout_mean_bb=7.8060 policy_loss=0.003973 value_loss=0.531474
[iter=13810] rollout_mean_bb=0.8854 policy_loss=-0.001556 value_loss=0.528256
[iter=13815] rollout_mean_bb=3.0391 policy_loss=0.006321 value_loss=0.530064
[iter=13820] rollout_mean_bb=3.7630 policy_loss=0.007775 value_loss=0.394702
[iter=13825] rollout_mean_bb=2.6966 policy_loss=0.014395 value_loss=0.495621
[iter=13830] rollout_mean_bb=2.8815 policy_loss=0.007541 value_loss=0.632201
[iter=13835] rollout_mean_bb=3.4414 policy_loss=0.000531 value_loss=0.645191
[iter=13840] rollout_mean_bb=3.4440 policy_loss=0.006435 value_loss=0.666867
[iter=13845] rollout_mean_bb=-0.4154 policy_loss=-0.000326 value_loss=0.424988
[iter=13850] rollout_mean_bb=2.5339 policy_loss=-0.001229 value_loss=0.677000
[iter=13855] rollout_mean_bb=-4.3724 policy_loss=0.010103 value_loss=0.602205
[iter=13860] rollout_mean_bb=1.7539 policy_loss=0.002301 value_loss=0.532673
[iter=13865] rollout_mean_bb=4.4570 policy_loss=-0.000444 value_loss=0.664875
[iter=13870] rollout_mean_bb=1.4935 policy_loss=0.001124 value_loss=0.665083
[iter=13875] rollout_mean_bb=0.1706 policy_loss=0.013943 value_loss=0.680229
[iter=13880] rollout_mean_bb=9.3893 policy_loss=-0.022507 value_loss=0.541516
[iter=13885] rollout_mean_bb=1.7604 policy_loss=0.065424 value_loss=0.515594
[iter=13890] rollout_mean_bb=1.3815 policy_loss=0.016614 value_loss=0.374722
[iter=13895] rollout_mean_bb=2.8490 policy_loss=0.003588 value_loss=0.615616
[iter=13900] rollout_mean_bb=5.5872 policy_loss=-0.002653 value_loss=0.399454
[iter=13905] rollout_mean_bb=3.4596 policy_loss=-0.006994 value_loss=0.465425
[iter=13910] rollout_mean_bb=2.2891 policy_loss=0.001990 value_loss=0.430336
[iter=13915] rollout_mean_bb=1.3034 policy_loss=-0.007637 value_loss=0.366059
[iter=13920] rollout_mean_bb=1.9036 policy_loss=-0.025668 value_loss=0.409659
[iter=13925] rollout_mean_bb=5.9479 policy_loss=0.013079 value_loss=0.541924
[iter=13930] rollout_mean_bb=2.1797 policy_loss=-0.001062 value_loss=0.299735
[iter=13935] rollout_mean_bb=3.9362 policy_loss=0.000236 value_loss=0.447562
[iter=13940] rollout_mean_bb=2.8503 policy_loss=-0.002023 value_loss=0.413798
[iter=13945] rollout_mean_bb=3.9505 policy_loss=0.024748 value_loss=0.497075
[iter=13950] rollout_mean_bb=3.9115 policy_loss=-0.001430 value_loss=0.435518
[iter=13955] rollout_mean_bb=1.9271 policy_loss=-0.008500 value_loss=0.543446
[iter=13960] rollout_mean_bb=6.0599 policy_loss=-0.001660 value_loss=0.509449
[iter=13965] rollout_mean_bb=-2.8464 policy_loss=0.003442 value_loss=0.478497
[iter=13970] rollout_mean_bb=1.8477 policy_loss=0.001624 value_loss=0.310027
[iter=13975] rollout_mean_bb=4.9727 policy_loss=0.007867 value_loss=0.290995
[iter=13980] rollout_mean_bb=1.3854 policy_loss=0.012553 value_loss=0.408035
[iter=13985] rollout_mean_bb=1.7786 policy_loss=0.012622 value_loss=0.298580
[iter=13990] rollout_mean_bb=3.4388 policy_loss=0.011555 value_loss=0.446321
[iter=13995] rollout_mean_bb=0.3737 policy_loss=0.000856 value_loss=0.430568
[iter=14000] rollout_mean_bb=-0.3503 policy_loss=-0.002707 value_loss=0.216805
[iter=14005] rollout_mean_bb=1.6706 policy_loss=0.002930 value_loss=0.260644
[iter=14010] rollout_mean_bb=0.3997 policy_loss=-0.006521 value_loss=0.409422
[iter=14015] rollout_mean_bb=2.8724 policy_loss=-0.000366 value_loss=0.320826
[iter=14020] rollout_mean_bb=-0.8815 policy_loss=0.004253 value_loss=0.171474
[iter=14025] rollout_mean_bb=2.1758 policy_loss=-0.010993 value_loss=0.267882
[iter=14030] rollout_mean_bb=0.7969 policy_loss=-0.000112 value_loss=0.225822
[iter=14035] rollout_mean_bb=1.2891 policy_loss=0.006329 value_loss=0.203523
[iter=14040] rollout_mean_bb=4.3724 policy_loss=-0.004633 value_loss=0.188256
[iter=14045] rollout_mean_bb=-2.9349 policy_loss=-0.007706 value_loss=0.255339
[iter=14050] rollout_mean_bb=2.3438 policy_loss=0.001686 value_loss=0.363409
[iter=14055] rollout_mean_bb=1.9453 policy_loss=0.001818 value_loss=0.339854
[iter=14060] rollout_mean_bb=5.8932 policy_loss=-0.004210 value_loss=0.460459
[iter=14065] rollout_mean_bb=-1.5456 policy_loss=0.016188 value_loss=0.263056
[iter=14070] rollout_mean_bb=-3.9935 policy_loss=0.000069 value_loss=0.336061
[iter=14075] rollout_mean_bb=4.2122 policy_loss=-0.027346 value_loss=0.288617
[iter=14080] rollout_mean_bb=7.4766 policy_loss=0.049412 value_loss=0.492387
[iter=14085] rollout_mean_bb=-1.0417 policy_loss=0.025792 value_loss=0.409606
[iter=14090] rollout_mean_bb=-1.7617 policy_loss=-0.005584 value_loss=0.373231
[iter=14095] rollout_mean_bb=9.0456 policy_loss=0.011408 value_loss=0.338956
[iter=14100] rollout_mean_bb=12.8216 policy_loss=0.005583 value_loss=0.455592
[iter=14105] rollout_mean_bb=3.8112 policy_loss=0.000499 value_loss=0.357261
[iter=14110] rollout_mean_bb=10.3021 policy_loss=-0.006601 value_loss=0.442440
[iter=14115] rollout_mean_bb=9.0521 policy_loss=-0.026500 value_loss=0.504418
[iter=14120] rollout_mean_bb=15.7578 policy_loss=0.012821 value_loss=0.728395
[iter=14125] rollout_mean_bb=0.2214 policy_loss=0.012784 value_loss=0.640546
[iter=14130] rollout_mean_bb=15.7253 policy_loss=-0.080117 value_loss=0.738876
[iter=14135] rollout_mean_bb=10.2331 policy_loss=0.007998 value_loss=0.761604
[iter=14140] rollout_mean_bb=20.7904 policy_loss=-0.068090 value_loss=0.634194
[iter=14145] rollout_mean_bb=8.9245 policy_loss=-0.023736 value_loss=0.585284
[iter=14150] rollout_mean_bb=12.9036 policy_loss=0.025644 value_loss=0.828564
[iter=14155] rollout_mean_bb=9.5859 policy_loss=0.015075 value_loss=0.752007
[iter=14160] rollout_mean_bb=8.1458 policy_loss=-0.003720 value_loss=0.921858
[iter=14165] rollout_mean_bb=8.0768 policy_loss=-0.032839 value_loss=0.971464
[iter=14170] rollout_mean_bb=0.9909 policy_loss=0.001082 value_loss=1.091112
[iter=14175] rollout_mean_bb=14.0234 policy_loss=-0.000683 value_loss=1.037733
[iter=14180] rollout_mean_bb=17.3867 policy_loss=-0.062637 value_loss=0.950160
[iter=14185] rollout_mean_bb=9.1914 policy_loss=-0.019690 value_loss=1.067823
[iter=14190] rollout_mean_bb=-3.5924 policy_loss=-0.001983 value_loss=0.864879
[iter=14195] rollout_mean_bb=11.0990 policy_loss=0.003613 value_loss=1.085841
[iter=14200] rollout_mean_bb=5.9193 policy_loss=-0.003230 value_loss=0.702746
[iter=14205] rollout_mean_bb=5.9635 policy_loss=0.012734 value_loss=0.780065
[iter=14210] rollout_mean_bb=8.2057 policy_loss=0.007412 value_loss=0.699179
[iter=14215] rollout_mean_bb=8.2344 policy_loss=-0.006285 value_loss=0.614330
[iter=14220] rollout_mean_bb=5.9935 policy_loss=0.015901 value_loss=0.762369
[iter=14225] rollout_mean_bb=4.0182 policy_loss=0.009640 value_loss=0.604683
[iter=14230] rollout_mean_bb=14.3177 policy_loss=-0.000363 value_loss=0.634085
[iter=14235] rollout_mean_bb=2.0013 policy_loss=-0.002284 value_loss=0.664413
[iter=14240] rollout_mean_bb=13.8867 policy_loss=0.020208 value_loss=0.573749
[iter=14245] rollout_mean_bb=11.7695 policy_loss=-0.022874 value_loss=0.601767
[iter=14250] rollout_mean_bb=8.3997 policy_loss=0.002761 value_loss=0.600215
[iter=14255] rollout_mean_bb=13.8763 policy_loss=0.016575 value_loss=0.745408
[iter=14260] rollout_mean_bb=4.3333 policy_loss=-0.008714 value_loss=0.624428
[iter=14265] rollout_mean_bb=-5.5169 policy_loss=-0.011653 value_loss=0.683884
[iter=14270] rollout_mean_bb=10.4232 policy_loss=0.015564 value_loss=0.564033
[iter=14275] rollout_mean_bb=3.4948 policy_loss=-0.003091 value_loss=0.549913
[iter=14280] rollout_mean_bb=12.9076 policy_loss=0.017815 value_loss=0.629887
[iter=14285] rollout_mean_bb=9.6133 policy_loss=0.000011 value_loss=0.565137
[iter=14290] rollout_mean_bb=9.6536 policy_loss=-0.002635 value_loss=0.469341
[iter=14295] rollout_mean_bb=9.1354 policy_loss=-0.004808 value_loss=0.562383
[iter=14300] rollout_mean_bb=9.6992 policy_loss=-0.005507 value_loss=0.665627
[iter=14305] rollout_mean_bb=5.0742 policy_loss=-0.016863 value_loss=0.343064
[iter=14310] rollout_mean_bb=2.4401 policy_loss=0.010950 value_loss=0.133032
[iter=14315] rollout_mean_bb=-0.1940 policy_loss=-0.005193 value_loss=0.281619
[iter=14320] rollout_mean_bb=-1.3516 policy_loss=-0.005127 value_loss=0.216713
[iter=14325] rollout_mean_bb=3.9206 policy_loss=-0.061498 value_loss=0.228830
[iter=14330] rollout_mean_bb=0.7721 policy_loss=-0.000604 value_loss=0.314662
[iter=14335] rollout_mean_bb=-1.7956 policy_loss=0.030086 value_loss=0.221404
[iter=14340] rollout_mean_bb=-3.4724 policy_loss=-0.003352 value_loss=0.220421
[iter=14345] rollout_mean_bb=2.2120 policy_loss=0.027830 value_loss=0.053405
[iter=14350] rollout_mean_bb=0.2449 policy_loss=0.000294 value_loss=0.114419
[iter=14355] rollout_mean_bb=-0.2435 policy_loss=-0.014776 value_loss=0.134482
[iter=14360] rollout_mean_bb=-0.2400 policy_loss=-0.002518 value_loss=0.143505
[iter=14365] rollout_mean_bb=4.5154 policy_loss=0.053377 value_loss=0.076597
[iter=14370] rollout_mean_bb=-0.2433 policy_loss=-0.018264 value_loss=0.028318
[iter=14375] rollout_mean_bb=0.3684 policy_loss=0.018598 value_loss=0.033139
[iter=14380] rollout_mean_bb=0.7619 policy_loss=0.009082 value_loss=0.047093
[iter=14385] rollout_mean_bb=-0.8394 policy_loss=-0.015604 value_loss=0.059781
[iter=14390] rollout_mean_bb=0.0909 policy_loss=0.017035 value_loss=0.040436
[iter=14395] rollout_mean_bb=2.3022 policy_loss=0.015525 value_loss=0.116111
[iter=14400] rollout_mean_bb=2.2862 policy_loss=0.004002 value_loss=0.154151
[iter=14405] rollout_mean_bb=-1.1094 policy_loss=-0.009985 value_loss=0.734463
[iter=14410] rollout_mean_bb=0.2865 policy_loss=-0.014372 value_loss=0.506590
[iter=14415] rollout_mean_bb=1.4453 policy_loss=0.004115 value_loss=0.443620
[iter=14420] rollout_mean_bb=0.4271 policy_loss=-0.002538 value_loss=0.244604
[iter=14425] rollout_mean_bb=1.1810 policy_loss=-0.001512 value_loss=0.277736
[iter=14430] rollout_mean_bb=-4.1927 policy_loss=0.000887 value_loss=0.278084
[iter=14435] rollout_mean_bb=4.1693 policy_loss=0.023255 value_loss=0.133619
[iter=14440] rollout_mean_bb=3.2799 policy_loss=-0.006544 value_loss=0.388682
[iter=14445] rollout_mean_bb=0.2161 policy_loss=0.000715 value_loss=0.182164
[iter=14450] rollout_mean_bb=6.3646 policy_loss=0.021783 value_loss=0.276377
[iter=14455] rollout_mean_bb=-0.3307 policy_loss=-0.003452 value_loss=0.416411
[iter=14460] rollout_mean_bb=4.3919 policy_loss=-0.079677 value_loss=0.418724
[iter=14465] rollout_mean_bb=-0.2826 policy_loss=0.031864 value_loss=0.444486
[iter=14470] rollout_mean_bb=6.4857 policy_loss=-0.251956 value_loss=0.668889
[iter=14475] rollout_mean_bb=1.2500 policy_loss=-0.002664 value_loss=0.343231
[iter=14480] rollout_mean_bb=7.5339 policy_loss=-0.002982 value_loss=0.385009
[iter=14485] rollout_mean_bb=4.8190 policy_loss=-0.005194 value_loss=0.264634
[iter=14490] rollout_mean_bb=3.2174 policy_loss=-0.000174 value_loss=0.426926
[iter=14495] rollout_mean_bb=-0.3112 policy_loss=0.006313 value_loss=0.358032
[iter=14500] rollout_mean_bb=6.9440 policy_loss=-0.030779 value_loss=0.265792
[iter=14505] rollout_mean_bb=-6.0742 policy_loss=-0.004829 value_loss=0.301320
[iter=14510] rollout_mean_bb=0.6497 policy_loss=0.003085 value_loss=0.183295
[iter=14515] rollout_mean_bb=-2.4701 policy_loss=0.000980 value_loss=0.348975
[iter=14520] rollout_mean_bb=3.1510 policy_loss=-0.032781 value_loss=0.303227
[iter=14525] rollout_mean_bb=0.0573 policy_loss=-0.007928 value_loss=0.153170
[iter=14530] rollout_mean_bb=5.8438 policy_loss=-0.001635 value_loss=0.342986
[iter=14535] rollout_mean_bb=1.2409 policy_loss=-0.001566 value_loss=0.271808
[iter=14540] rollout_mean_bb=2.2188 policy_loss=-0.020008 value_loss=0.274869
[iter=14545] rollout_mean_bb=1.6992 policy_loss=0.009385 value_loss=0.656436
[iter=14550] rollout_mean_bb=-1.8880 policy_loss=-0.003949 value_loss=0.199596
[iter=14555] rollout_mean_bb=2.3333 policy_loss=-0.010292 value_loss=0.301181
[iter=14560] rollout_mean_bb=0.1224 policy_loss=-0.042333 value_loss=0.367710
[iter=14565] rollout_mean_bb=3.7826 policy_loss=0.008530 value_loss=0.440762
[iter=14570] rollout_mean_bb=3.8307 policy_loss=0.003470 value_loss=0.287696
[iter=14575] rollout_mean_bb=7.9753 policy_loss=0.001968 value_loss=0.556888
[iter=14580] rollout_mean_bb=7.0339 policy_loss=-0.003069 value_loss=0.434747
[iter=14585] rollout_mean_bb=1.1497 policy_loss=0.004552 value_loss=0.481187
[iter=14590] rollout_mean_bb=1.7070 policy_loss=-0.002176 value_loss=0.438025
[iter=14595] rollout_mean_bb=4.1367 policy_loss=0.018710 value_loss=0.361493
[iter=14600] rollout_mean_bb=0.7096 policy_loss=-0.003580 value_loss=0.248218
[iter=14605] rollout_mean_bb=6.8672 policy_loss=-0.011749 value_loss=0.608089
[iter=14610] rollout_mean_bb=-1.9180 policy_loss=0.002559 value_loss=0.402411
[iter=14615] rollout_mean_bb=9.0299 policy_loss=-0.005718 value_loss=0.498877
[iter=14620] rollout_mean_bb=0.3359 policy_loss=-0.004282 value_loss=0.432153
[iter=14625] rollout_mean_bb=1.6875 policy_loss=-0.001691 value_loss=0.504707
[iter=14630] rollout_mean_bb=5.9922 policy_loss=-0.009289 value_loss=0.382066
[iter=14635] rollout_mean_bb=0.2474 policy_loss=0.027038 value_loss=0.391137
[iter=14640] rollout_mean_bb=4.9076 policy_loss=0.001787 value_loss=0.489825
[iter=14645] rollout_mean_bb=4.5456 policy_loss=0.009970 value_loss=0.498130
[iter=14650] rollout_mean_bb=2.8724 policy_loss=-0.012690 value_loss=0.390576
[iter=14655] rollout_mean_bb=10.1745 policy_loss=-0.008745 value_loss=0.395496
[iter=14660] rollout_mean_bb=2.1914 policy_loss=0.017059 value_loss=0.435992
[iter=14665] rollout_mean_bb=3.3242 policy_loss=-0.001707 value_loss=0.391940
[iter=14670] rollout_mean_bb=-9.1992 policy_loss=-0.003781 value_loss=0.521535
[iter=14675] rollout_mean_bb=-0.8372 policy_loss=0.004815 value_loss=0.408833
[iter=14680] rollout_mean_bb=1.0951 policy_loss=-0.076598 value_loss=0.662399
[iter=14685] rollout_mean_bb=-1.9323 policy_loss=-0.001919 value_loss=0.362419
[iter=14690] rollout_mean_bb=7.4818 policy_loss=-0.000526 value_loss=0.670218
[iter=14695] rollout_mean_bb=2.7969 policy_loss=-0.006058 value_loss=0.442205
[iter=14700] rollout_mean_bb=3.8646 policy_loss=-0.001147 value_loss=0.501164
[iter=14705] rollout_mean_bb=-1.2956 policy_loss=-0.007103 value_loss=0.499291
[iter=14710] rollout_mean_bb=6.9779 policy_loss=-0.002417 value_loss=0.494806
[iter=14715] rollout_mean_bb=0.7135 policy_loss=-0.005814 value_loss=0.311413
[iter=14720] rollout_mean_bb=3.3854 policy_loss=-0.001839 value_loss=0.217268
[iter=14725] rollout_mean_bb=4.8359 policy_loss=-0.035391 value_loss=0.367372
[iter=14730] rollout_mean_bb=6.4622 policy_loss=-0.005115 value_loss=0.565282
[iter=14735] rollout_mean_bb=2.3685 policy_loss=-0.001608 value_loss=0.369062
[iter=14740] rollout_mean_bb=-1.4857 policy_loss=0.008408 value_loss=0.421920
[iter=14745] rollout_mean_bb=7.3906 policy_loss=-0.003777 value_loss=0.493588
[iter=14750] rollout_mean_bb=1.7526 policy_loss=0.004067 value_loss=0.361278
[iter=14755] rollout_mean_bb=4.1224 policy_loss=0.029278 value_loss=0.430065
[iter=14760] rollout_mean_bb=-2.6042 policy_loss=0.015178 value_loss=0.535453
[iter=14765] rollout_mean_bb=0.6875 policy_loss=0.001872 value_loss=0.500628
[iter=14770] rollout_mean_bb=-0.3034 policy_loss=-0.004415 value_loss=0.444482
[iter=14775] rollout_mean_bb=6.3633 policy_loss=-0.031066 value_loss=0.433953
[iter=14780] rollout_mean_bb=0.7708 policy_loss=-0.000255 value_loss=0.329022
[iter=14785] rollout_mean_bb=5.8776 policy_loss=0.012780 value_loss=0.247863
[iter=14790] rollout_mean_bb=-1.4935 policy_loss=-0.000334 value_loss=0.416387
[iter=14795] rollout_mean_bb=4.9089 policy_loss=-0.002902 value_loss=0.328337
[iter=14800] rollout_mean_bb=0.2135 policy_loss=0.022037 value_loss=0.368477
[iter=14805] rollout_mean_bb=5.4766 policy_loss=-0.027193 value_loss=0.466420
[iter=14810] rollout_mean_bb=2.8490 policy_loss=0.008283 value_loss=0.310322
[iter=14815] rollout_mean_bb=4.9219 policy_loss=-0.006306 value_loss=0.598968
[iter=14820] rollout_mean_bb=-1.9023 policy_loss=0.000151 value_loss=0.344307
[iter=14825] rollout_mean_bb=2.7201 policy_loss=0.013298 value_loss=0.389100
[iter=14830] rollout_mean_bb=1.2630 policy_loss=-0.001579 value_loss=0.162315
[iter=14835] rollout_mean_bb=4.3815 policy_loss=0.040373 value_loss=0.319805
[iter=14840] rollout_mean_bb=2.2357 policy_loss=-0.015281 value_loss=0.354368
[iter=14845] rollout_mean_bb=0.1562 policy_loss=-0.117121 value_loss=0.505618
[iter=14850] rollout_mean_bb=3.2904 policy_loss=0.038066 value_loss=0.414160
[iter=14855] rollout_mean_bb=3.2656 policy_loss=0.004289 value_loss=0.346934
[iter=14860] rollout_mean_bb=0.8359 policy_loss=0.001114 value_loss=0.468773
[iter=14865] rollout_mean_bb=2.2448 policy_loss=-0.001698 value_loss=0.429456
[iter=14870] rollout_mean_bb=2.3503 policy_loss=-0.002053 value_loss=0.358528
[iter=14875] rollout_mean_bb=-5.4896 policy_loss=-0.005453 value_loss=0.709330
[iter=14880] rollout_mean_bb=9.0859 policy_loss=0.023912 value_loss=0.524393
[iter=14885] rollout_mean_bb=-3.3997 policy_loss=-0.007134 value_loss=0.310702
[iter=14890] rollout_mean_bb=1.7956 policy_loss=0.008231 value_loss=0.357653
[iter=14895] rollout_mean_bb=-1.3542 policy_loss=-0.016861 value_loss=0.424648
[iter=14900] rollout_mean_bb=2.8047 policy_loss=-0.012838 value_loss=0.442868
[iter=14905] rollout_mean_bb=2.8529 policy_loss=-0.012210 value_loss=0.566109
[iter=14910] rollout_mean_bb=1.2188 policy_loss=-0.000606 value_loss=0.607200
[iter=14915] rollout_mean_bb=-0.3099 policy_loss=0.012173 value_loss=0.382057
[iter=14920] rollout_mean_bb=-1.8945 policy_loss=-0.015886 value_loss=0.395178
[iter=14925] rollout_mean_bb=4.8828 policy_loss=0.011445 value_loss=0.505341
[iter=14930] rollout_mean_bb=2.3685 policy_loss=-0.007211 value_loss=0.489766
[iter=14935] rollout_mean_bb=2.2734 policy_loss=0.022647 value_loss=0.578053
[iter=14940] rollout_mean_bb=5.4102 policy_loss=0.000783 value_loss=0.533443
[iter=14945] rollout_mean_bb=3.3763 policy_loss=-0.004227 value_loss=0.582765
[iter=14950] rollout_mean_bb=4.9701 policy_loss=0.054919 value_loss=0.664731
[iter=14955] rollout_mean_bb=1.2318 policy_loss=-0.004770 value_loss=0.505451
[iter=14960] rollout_mean_bb=3.4036 policy_loss=-0.001696 value_loss=0.507323
[iter=14965] rollout_mean_bb=3.8398 policy_loss=-0.003650 value_loss=0.491491
[iter=14970] rollout_mean_bb=-1.8424 policy_loss=-0.002560 value_loss=0.438602
[iter=14975] rollout_mean_bb=4.4128 policy_loss=-0.001201 value_loss=0.470197
[iter=14980] rollout_mean_bb=4.8385 policy_loss=0.001812 value_loss=0.324453
[iter=14985] rollout_mean_bb=-0.2487 policy_loss=-0.002615 value_loss=0.420185
[iter=14990] rollout_mean_bb=-3.4154 policy_loss=0.006707 value_loss=0.602812
[iter=14995] rollout_mean_bb=5.9883 policy_loss=0.001151 value_loss=0.814085
[iter=15000] rollout_mean_bb=2.2956 policy_loss=-0.000622 value_loss=0.682883
[iter=15005] rollout_mean_bb=-2.3659 policy_loss=0.011224 value_loss=0.783965
[iter=15010] rollout_mean_bb=-0.3294 policy_loss=0.014329 value_loss=0.530624
[iter=15015] rollout_mean_bb=3.4245 policy_loss=-0.034780 value_loss=0.679713
[iter=15020] rollout_mean_bb=5.9505 policy_loss=-0.024630 value_loss=0.474674
[iter=15025] rollout_mean_bb=2.3659 policy_loss=0.005320 value_loss=0.436345
[iter=15030] rollout_mean_bb=3.8958 policy_loss=-0.020693 value_loss=0.526035
[iter=15035] rollout_mean_bb=13.2630 policy_loss=0.001144 value_loss=0.543097
[iter=15040] rollout_mean_bb=1.3229 policy_loss=-0.009174 value_loss=0.537477
[iter=15045] rollout_mean_bb=8.5859 policy_loss=-0.007435 value_loss=0.739409
[iter=15050] rollout_mean_bb=2.2839 policy_loss=0.000401 value_loss=0.519575
[iter=15055] rollout_mean_bb=0.6953 policy_loss=-0.004484 value_loss=0.487479
[iter=15060] rollout_mean_bb=3.9596 policy_loss=-0.012365 value_loss=0.419006
[iter=15065] rollout_mean_bb=4.3685 policy_loss=-0.000670 value_loss=0.450700
[iter=15070] rollout_mean_bb=5.9427 policy_loss=-0.003055 value_loss=0.498068
[iter=15075] rollout_mean_bb=6.3867 policy_loss=-0.015116 value_loss=0.562297
[iter=15080] rollout_mean_bb=4.3424 policy_loss=0.010617 value_loss=0.326010
[iter=15085] rollout_mean_bb=5.9258 policy_loss=-0.073394 value_loss=0.468299
[iter=15090] rollout_mean_bb=3.8372 policy_loss=0.003180 value_loss=0.527077
[iter=15095] rollout_mean_bb=6.9896 policy_loss=-0.046084 value_loss=0.643146
[iter=15100] rollout_mean_bb=5.8789 policy_loss=-0.007247 value_loss=0.514833
[iter=15105] rollout_mean_bb=3.3307 policy_loss=0.007732 value_loss=0.436351
[iter=15110] rollout_mean_bb=1.6849 policy_loss=-0.004549 value_loss=0.552680
[iter=15115] rollout_mean_bb=2.2148 policy_loss=-0.001482 value_loss=0.580209
[iter=15120] rollout_mean_bb=6.4453 policy_loss=0.029684 value_loss=0.458500
[iter=15125] rollout_mean_bb=-3.0469 policy_loss=0.000373 value_loss=0.366704
[iter=15130] rollout_mean_bb=0.6654 policy_loss=0.074051 value_loss=0.486249
[iter=15135] rollout_mean_bb=3.8750 policy_loss=0.000555 value_loss=0.738073
[iter=15140] rollout_mean_bb=3.3099 policy_loss=0.006640 value_loss=0.647522
[iter=15145] rollout_mean_bb=3.3294 policy_loss=-0.006869 value_loss=0.398522
[iter=15150] rollout_mean_bb=-1.4323 policy_loss=-0.000345 value_loss=0.614893
[iter=15155] rollout_mean_bb=9.0885 policy_loss=-0.002838 value_loss=0.631587
[iter=15160] rollout_mean_bb=0.7357 policy_loss=0.002363 value_loss=0.704713
[iter=15165] rollout_mean_bb=0.7383 policy_loss=0.006764 value_loss=0.929749
[iter=15170] rollout_mean_bb=-5.0052 policy_loss=-0.007418 value_loss=0.642193
[iter=15175] rollout_mean_bb=-4.4727 policy_loss=-0.010081 value_loss=0.799950
[iter=15180] rollout_mean_bb=7.4583 policy_loss=0.049576 value_loss=0.655698
[iter=15185] rollout_mean_bb=8.0612 policy_loss=0.004165 value_loss=0.853871
[iter=15190] rollout_mean_bb=10.1133 policy_loss=0.003949 value_loss=0.960535
[iter=15195] rollout_mean_bb=1.3190 policy_loss=0.000245 value_loss=0.994746
[iter=15200] rollout_mean_bb=5.4479 policy_loss=-0.099718 value_loss=1.172201
[iter=15205] rollout_mean_bb=9.5924 policy_loss=-0.013678 value_loss=0.958788
[iter=15210] rollout_mean_bb=-2.3516 policy_loss=-0.004647 value_loss=1.186069
[iter=15215] rollout_mean_bb=11.6966 policy_loss=0.011796 value_loss=1.122884
[iter=15220] rollout_mean_bb=6.4870 policy_loss=0.018390 value_loss=1.171212
[iter=15225] rollout_mean_bb=5.4297 policy_loss=0.003111 value_loss=0.864270
[iter=15230] rollout_mean_bb=4.5339 policy_loss=0.009765 value_loss=1.325597
[iter=15235] rollout_mean_bb=1.3112 policy_loss=-0.006735 value_loss=1.165227
[iter=15240] rollout_mean_bb=8.0872 policy_loss=-0.000038 value_loss=0.938831
[iter=15245] rollout_mean_bb=4.9349 policy_loss=0.000286 value_loss=1.004109
[iter=15250] rollout_mean_bb=5.9518 policy_loss=0.007051 value_loss=1.070942
[iter=15255] rollout_mean_bb=9.0781 policy_loss=-0.002604 value_loss=1.026129
[iter=15260] rollout_mean_bb=11.1888 policy_loss=0.000559 value_loss=0.818142
[iter=15265] rollout_mean_bb=9.6042 policy_loss=-0.000179 value_loss=0.810764
[iter=15270] rollout_mean_bb=-3.4701 policy_loss=0.005796 value_loss=1.033260
[iter=15275] rollout_mean_bb=3.8359 policy_loss=0.003229 value_loss=0.985121
[iter=15280] rollout_mean_bb=-2.8932 policy_loss=-0.004850 value_loss=0.871862
[iter=15285] rollout_mean_bb=6.4622 policy_loss=-0.007955 value_loss=1.020044
[iter=15290] rollout_mean_bb=3.3581 policy_loss=-0.003281 value_loss=1.025900
[iter=15295] rollout_mean_bb=0.2344 policy_loss=-0.000579 value_loss=1.104872
[iter=15300] rollout_mean_bb=10.1562 policy_loss=0.000899 value_loss=1.122148
[iter=15305] rollout_mean_bb=-3.4818 policy_loss=-0.001342 value_loss=0.995504
[iter=15310] rollout_mean_bb=-2.9141 policy_loss=-0.001519 value_loss=1.000197
[iter=15315] rollout_mean_bb=3.8919 policy_loss=-0.007731 value_loss=1.269893
[iter=15320] rollout_mean_bb=10.1107 policy_loss=0.010446 value_loss=1.080744
[iter=15325] rollout_mean_bb=-3.4831 policy_loss=0.018741 value_loss=1.018700
[iter=15330] rollout_mean_bb=-0.2604 policy_loss=-0.006420 value_loss=1.028476
[iter=15335] rollout_mean_bb=0.7174 policy_loss=-0.009264 value_loss=0.909959
[iter=15340] rollout_mean_bb=3.3698 policy_loss=0.001649 value_loss=0.817966
[iter=15345] rollout_mean_bb=3.8906 policy_loss=-0.001459 value_loss=1.040459
[iter=15350] rollout_mean_bb=0.7292 policy_loss=0.012259 value_loss=1.077069
[iter=15355] rollout_mean_bb=2.8203 policy_loss=-0.001236 value_loss=1.066973
[iter=15360] rollout_mean_bb=8.0820 policy_loss=-0.047518 value_loss=0.953266
[iter=15365] rollout_mean_bb=0.1341 policy_loss=0.002511 value_loss=0.914018
[iter=15370] rollout_mean_bb=7.0378 policy_loss=0.008487 value_loss=0.903833
[iter=15375] rollout_mean_bb=6.0117 policy_loss=0.027251 value_loss=0.982928
[iter=15380] rollout_mean_bb=13.6862 policy_loss=-0.109557 value_loss=1.057171
[iter=15385] rollout_mean_bb=6.9180 policy_loss=0.007591 value_loss=0.681517
[iter=15390] rollout_mean_bb=9.0794 policy_loss=-0.005409 value_loss=0.989109
[iter=15395] rollout_mean_bb=10.1497 policy_loss=-0.001080 value_loss=0.789647
[iter=15400] rollout_mean_bb=3.3503 policy_loss=0.000712 value_loss=0.739897
[iter=15405] rollout_mean_bb=11.6211 policy_loss=0.012508 value_loss=0.858264
[iter=15410] rollout_mean_bb=10.0495 policy_loss=-0.002658 value_loss=0.768959
[iter=15415] rollout_mean_bb=0.7422 policy_loss=-0.006026 value_loss=0.688256
[iter=15420] rollout_mean_bb=5.9427 policy_loss=-0.043971 value_loss=0.810199
[iter=15425] rollout_mean_bb=-1.3503 policy_loss=0.000093 value_loss=0.876449
[iter=15430] rollout_mean_bb=1.7799 policy_loss=-0.063305 value_loss=0.952326
[iter=15435] rollout_mean_bb=2.2943 policy_loss=-0.001741 value_loss=0.955029
[iter=15440] rollout_mean_bb=-1.8737 policy_loss=-0.001804 value_loss=0.977236
[iter=15445] rollout_mean_bb=9.0339 policy_loss=-0.000272 value_loss=0.894625
[iter=15450] rollout_mean_bb=-4.4518 policy_loss=0.010349 value_loss=0.990736
[iter=15455] rollout_mean_bb=3.9141 policy_loss=-0.008596 value_loss=1.138957
[iter=15460] rollout_mean_bb=1.2930 policy_loss=0.012154 value_loss=1.045437
[iter=15465] rollout_mean_bb=-4.4102 policy_loss=0.003331 value_loss=1.132612
[iter=15470] rollout_mean_bb=5.4805 policy_loss=-0.033474 value_loss=1.184759
[iter=15475] rollout_mean_bb=-3.3893 policy_loss=0.007573 value_loss=1.051803
[iter=15480] rollout_mean_bb=4.3255 policy_loss=-0.001202 value_loss=0.862535
[iter=15485] rollout_mean_bb=3.8841 policy_loss=-0.004909 value_loss=0.901237
[iter=15490] rollout_mean_bb=9.0378 policy_loss=0.006044 value_loss=0.821846
[iter=15495] rollout_mean_bb=2.2474 policy_loss=0.006884 value_loss=0.758886
[iter=15500] rollout_mean_bb=2.2852 policy_loss=-0.000447 value_loss=0.691763
[iter=15505] rollout_mean_bb=4.8841 policy_loss=-0.000302 value_loss=0.769787
[iter=15510] rollout_mean_bb=3.3125 policy_loss=-0.005213 value_loss=0.924388
[iter=15515] rollout_mean_bb=4.3932 policy_loss=0.000853 value_loss=0.765308
[iter=15520] rollout_mean_bb=3.8138 policy_loss=0.002228 value_loss=0.882179
[iter=15525] rollout_mean_bb=4.8828 policy_loss=0.001456 value_loss=0.718436
[iter=15530] rollout_mean_bb=1.6823 policy_loss=-0.003109 value_loss=0.868041
[iter=15535] rollout_mean_bb=6.3919 policy_loss=-0.005030 value_loss=0.716894
[iter=15540] rollout_mean_bb=3.2943 policy_loss=-0.002245 value_loss=0.784932
[iter=15545] rollout_mean_bb=-1.9219 policy_loss=0.001580 value_loss=0.826465
[iter=15550] rollout_mean_bb=10.2279 policy_loss=-0.012992 value_loss=0.787594
[iter=15555] rollout_mean_bb=4.9219 policy_loss=0.009860 value_loss=0.707667
[iter=15560] rollout_mean_bb=10.6458 policy_loss=0.000854 value_loss=0.957576
[iter=15565] rollout_mean_bb=-0.8685 policy_loss=0.022653 value_loss=0.744485
[iter=15570] rollout_mean_bb=5.9284 policy_loss=0.004764 value_loss=0.632228
[iter=15575] rollout_mean_bb=0.6758 policy_loss=0.001153 value_loss=0.639492
[iter=15580] rollout_mean_bb=4.7891 policy_loss=0.012403 value_loss=0.573394
[iter=15585] rollout_mean_bb=-1.8932 policy_loss=-0.000492 value_loss=0.617616
[iter=15590] rollout_mean_bb=2.2839 policy_loss=0.007071 value_loss=0.710416
[iter=15595] rollout_mean_bb=3.3138 policy_loss=0.000987 value_loss=0.634475
[iter=15600] rollout_mean_bb=4.8464 policy_loss=0.007933 value_loss=0.718444
[iter=15605] rollout_mean_bb=3.7904 policy_loss=0.021459 value_loss=0.697801
[iter=15610] rollout_mean_bb=6.9635 policy_loss=-0.000364 value_loss=0.762672
[iter=15615] rollout_mean_bb=5.3568 policy_loss=-0.028537 value_loss=0.814037
[iter=15620] rollout_mean_bb=0.7109 policy_loss=0.000941 value_loss=0.739079
[iter=15625] rollout_mean_bb=3.8320 policy_loss=0.014185 value_loss=0.706682
[iter=15630] rollout_mean_bb=6.4674 policy_loss=-0.011306 value_loss=0.860025
[iter=15635] rollout_mean_bb=9.6029 policy_loss=0.007779 value_loss=0.745331
[iter=15640] rollout_mean_bb=3.3724 policy_loss=-0.008850 value_loss=1.000419
[iter=15645] rollout_mean_bb=7.4714 policy_loss=0.009421 value_loss=0.964290
[iter=15650] rollout_mean_bb=1.7188 policy_loss=-0.009240 value_loss=0.880098
[iter=15655] rollout_mean_bb=4.8633 policy_loss=-0.008455 value_loss=1.190776
[iter=15660] rollout_mean_bb=3.7812 policy_loss=0.005195 value_loss=0.783338
[iter=15665] rollout_mean_bb=8.0299 policy_loss=-0.001522 value_loss=1.215137
[iter=15670] rollout_mean_bb=-0.2956 policy_loss=0.005950 value_loss=1.041440
[iter=15675] rollout_mean_bb=1.2760 policy_loss=-0.007453 value_loss=0.860496
[iter=15680] rollout_mean_bb=7.9922 policy_loss=0.000500 value_loss=0.780719
[iter=15685] rollout_mean_bb=4.3359 policy_loss=0.002252 value_loss=0.792985
[iter=15690] rollout_mean_bb=-2.9375 policy_loss=0.002449 value_loss=0.678565
[iter=15695] rollout_mean_bb=7.0534 policy_loss=-0.014457 value_loss=0.861848
[iter=15700] rollout_mean_bb=12.6979 policy_loss=-0.000259 value_loss=1.028379
[iter=15705] rollout_mean_bb=6.9570 policy_loss=-0.011451 value_loss=0.877144
[iter=15710] rollout_mean_bb=4.3802 policy_loss=-0.000017 value_loss=0.916087
[iter=15715] rollout_mean_bb=7.5339 policy_loss=0.003028 value_loss=1.019444
[iter=15720] rollout_mean_bb=11.1367 policy_loss=0.001469 value_loss=1.035871
[iter=15725] rollout_mean_bb=-1.3672 policy_loss=0.001850 value_loss=0.878931
[iter=15730] rollout_mean_bb=-2.8594 policy_loss=-0.001958 value_loss=1.195716
[iter=15735] rollout_mean_bb=-2.8958 policy_loss=-0.001164 value_loss=1.084671
[iter=15740] rollout_mean_bb=1.3047 policy_loss=-0.001030 value_loss=0.949717
[iter=15745] rollout_mean_bb=5.9049 policy_loss=0.011332 value_loss=1.002667
[iter=15750] rollout_mean_bb=2.3086 policy_loss=0.000936 value_loss=1.062055
[iter=15755] rollout_mean_bb=5.9831 policy_loss=-0.000952 value_loss=0.858972
[iter=15760] rollout_mean_bb=5.8945 policy_loss=-0.073324 value_loss=1.174509
[iter=15765] rollout_mean_bb=2.2982 policy_loss=-0.001231 value_loss=1.091504
[iter=15770] rollout_mean_bb=8.0625 policy_loss=0.009127 value_loss=1.023164
[iter=15775] rollout_mean_bb=7.5404 policy_loss=-0.009905 value_loss=0.960394
[iter=15780] rollout_mean_bb=3.2865 policy_loss=-0.002604 value_loss=1.081618
[iter=15785] rollout_mean_bb=8.0156 policy_loss=-0.001489 value_loss=1.029504
[iter=15790] rollout_mean_bb=-1.3424 policy_loss=-0.004979 value_loss=1.012052
[iter=15795] rollout_mean_bb=4.3932 policy_loss=-0.002281 value_loss=0.787699
[iter=15800] rollout_mean_bb=4.9245 policy_loss=-0.001402 value_loss=1.067679
[iter=15805] rollout_mean_bb=-1.2786 policy_loss=0.015816 value_loss=1.153273
[iter=15810] rollout_mean_bb=9.0794 policy_loss=-0.010410 value_loss=0.936769
[iter=15815] rollout_mean_bb=3.3346 policy_loss=0.014356 value_loss=1.001912
[iter=15820] rollout_mean_bb=7.0443 policy_loss=-0.044924 value_loss=0.979256
[iter=15825] rollout_mean_bb=-2.3672 policy_loss=0.004354 value_loss=0.864847
[iter=15830] rollout_mean_bb=6.9818 policy_loss=-0.000187 value_loss=0.807980
[iter=15835] rollout_mean_bb=2.8021 policy_loss=-0.002333 value_loss=0.720270
[iter=15840] rollout_mean_bb=1.1901 policy_loss=0.003558 value_loss=0.734536
[iter=15845] rollout_mean_bb=8.5560 policy_loss=0.003506 value_loss=0.865334
[iter=15850] rollout_mean_bb=2.7760 policy_loss=0.003447 value_loss=0.974348
[iter=15855] rollout_mean_bb=0.7214 policy_loss=-0.008233 value_loss=1.011341
[iter=15860] rollout_mean_bb=6.4701 policy_loss=-0.015088 value_loss=0.902605
[iter=15865] rollout_mean_bb=9.0443 policy_loss=-0.018109 value_loss=1.101823
[iter=15870] rollout_mean_bb=2.7695 policy_loss=0.000832 value_loss=0.982274
[iter=15875] rollout_mean_bb=0.7370 policy_loss=0.002493 value_loss=0.957378
[iter=15880] rollout_mean_bb=-0.3242 policy_loss=-0.013760 value_loss=1.051814
[iter=15885] rollout_mean_bb=3.3268 policy_loss=-0.012875 value_loss=1.030032
[iter=15890] rollout_mean_bb=-3.3932 policy_loss=0.004693 value_loss=0.972111
[iter=15895] rollout_mean_bb=3.8737 policy_loss=-0.003780 value_loss=0.893023
[iter=15900] rollout_mean_bb=0.1706 policy_loss=-0.000748 value_loss=0.744856
[iter=15905] rollout_mean_bb=5.4062 policy_loss=0.002797 value_loss=0.707151
[iter=15910] rollout_mean_bb=4.4583 policy_loss=-0.003240 value_loss=0.960580
[iter=15915] rollout_mean_bb=3.8411 policy_loss=0.001411 value_loss=0.800148
[iter=15920] rollout_mean_bb=8.0039 policy_loss=-0.012986 value_loss=1.109763
[iter=15925] rollout_mean_bb=5.4349 policy_loss=0.104470 value_loss=0.906630
[iter=15930] rollout_mean_bb=2.2669 policy_loss=0.008488 value_loss=0.820596
[iter=15935] rollout_mean_bb=-0.3529 policy_loss=-0.018368 value_loss=0.844740
[iter=15940] rollout_mean_bb=9.1016 policy_loss=-0.003633 value_loss=0.817346
[iter=15945] rollout_mean_bb=-0.3659 policy_loss=0.005109 value_loss=0.810530
[iter=15950] rollout_mean_bb=2.2617 policy_loss=-0.001153 value_loss=0.689141
[iter=15955] rollout_mean_bb=4.4023 policy_loss=-0.000924 value_loss=0.795654
[iter=15960] rollout_mean_bb=0.7279 policy_loss=-0.000574 value_loss=0.649155
[iter=15965] rollout_mean_bb=4.3607 policy_loss=-0.002212 value_loss=0.862536
[iter=15970] rollout_mean_bb=6.8802 policy_loss=0.004608 value_loss=0.697781
[iter=15975] rollout_mean_bb=9.0807 policy_loss=0.006186 value_loss=0.868215
[iter=15980] rollout_mean_bb=-1.8581 policy_loss=-0.001426 value_loss=0.761982
[iter=15985] rollout_mean_bb=10.5859 policy_loss=0.003425 value_loss=0.835684
[iter=15990] rollout_mean_bb=6.4284 policy_loss=0.003440 value_loss=0.636658
[iter=15995] rollout_mean_bb=-0.8372 policy_loss=-0.004838 value_loss=0.885473
[iter=16000] rollout_mean_bb=4.2852 policy_loss=-0.000310 value_loss=0.713897
[iter=16005] rollout_mean_bb=9.5872 policy_loss=0.016346 value_loss=0.842777
[iter=16010] rollout_mean_bb=4.8906 policy_loss=-0.030329 value_loss=0.997659
[iter=16015] rollout_mean_bb=10.0820 policy_loss=-0.005065 value_loss=0.825083
[iter=16020] rollout_mean_bb=2.3086 policy_loss=0.000650 value_loss=0.811953
[iter=16025] rollout_mean_bb=6.9714 policy_loss=-0.008622 value_loss=0.902478
[iter=16030] rollout_mean_bb=-0.2982 policy_loss=0.007569 value_loss=1.013937
[iter=16035] rollout_mean_bb=-0.8086 policy_loss=0.014913 value_loss=0.890316
[iter=16040] rollout_mean_bb=1.7982 policy_loss=0.004400 value_loss=0.845342
[iter=16045] rollout_mean_bb=5.4141 policy_loss=0.001668 value_loss=1.070272
[iter=16050] rollout_mean_bb=-0.8607 policy_loss=-0.001640 value_loss=0.746015
[iter=16055] rollout_mean_bb=-1.8698 policy_loss=-0.007199 value_loss=0.664801
[iter=16060] rollout_mean_bb=5.3750 policy_loss=0.021539 value_loss=0.790689
[iter=16065] rollout_mean_bb=3.7734 policy_loss=-0.012835 value_loss=0.523958
[iter=16070] rollout_mean_bb=2.2812 policy_loss=0.002692 value_loss=0.691792
[iter=16075] rollout_mean_bb=6.3385 policy_loss=0.000164 value_loss=0.690086
[iter=16080] rollout_mean_bb=-1.9414 policy_loss=-0.000281 value_loss=0.679124
[iter=16085] rollout_mean_bb=6.4219 policy_loss=0.023222 value_loss=0.712867
[iter=16090] rollout_mean_bb=7.4570 policy_loss=-0.000305 value_loss=0.502909
[iter=16095] rollout_mean_bb=3.2786 policy_loss=-0.009379 value_loss=0.630009
[iter=16100] rollout_mean_bb=6.9466 policy_loss=-0.011159 value_loss=0.684717
[iter=16105] rollout_mean_bb=-0.3281 policy_loss=-0.000848 value_loss=0.821186
[iter=16110] rollout_mean_bb=0.1693 policy_loss=-0.000462 value_loss=0.884742
[iter=16115] rollout_mean_bb=10.1068 policy_loss=-0.000313 value_loss=0.744437
[iter=16120] rollout_mean_bb=2.2604 policy_loss=-0.012226 value_loss=0.562977
[iter=16125] rollout_mean_bb=6.9219 policy_loss=-0.002829 value_loss=0.763093
[iter=16130] rollout_mean_bb=-0.8672 policy_loss=-0.024108 value_loss=0.686759
[iter=16135] rollout_mean_bb=6.4023 policy_loss=-0.001250 value_loss=0.789772
[iter=16140] rollout_mean_bb=6.9362 policy_loss=0.000574 value_loss=0.771517
[iter=16145] rollout_mean_bb=5.9609 policy_loss=-0.002498 value_loss=0.740554
[iter=16150] rollout_mean_bb=7.4974 policy_loss=-0.001096 value_loss=0.979082
[iter=16155] rollout_mean_bb=5.4154 policy_loss=-0.005653 value_loss=0.989276
[iter=16160] rollout_mean_bb=6.5052 policy_loss=0.002875 value_loss=1.191855
[iter=16165] rollout_mean_bb=11.7357 policy_loss=0.011124 value_loss=1.239016
[iter=16170] rollout_mean_bb=6.4714 policy_loss=0.004702 value_loss=1.030185
[iter=16175] rollout_mean_bb=-0.8281 policy_loss=0.025503 value_loss=1.018863
[iter=16180] rollout_mean_bb=5.4102 policy_loss=-0.017323 value_loss=0.974795
[iter=16185] rollout_mean_bb=0.2656 policy_loss=0.003321 value_loss=0.972106
[iter=16190] rollout_mean_bb=9.5977 policy_loss=-0.001501 value_loss=1.028574
[iter=16195] rollout_mean_bb=7.5260 policy_loss=0.022684 value_loss=0.755298
[iter=16200] rollout_mean_bb=8.5091 policy_loss=0.005805 value_loss=0.805793
[iter=16205] rollout_mean_bb=3.8841 policy_loss=0.009885 value_loss=1.100187
[iter=16210] rollout_mean_bb=9.6315 policy_loss=-0.005854 value_loss=0.865605
[iter=16215] rollout_mean_bb=7.5378 policy_loss=-0.002971 value_loss=0.987972
[iter=16220] rollout_mean_bb=-1.3424 policy_loss=0.034778 value_loss=1.158956
[iter=16225] rollout_mean_bb=-1.9284 policy_loss=-0.006604 value_loss=0.697780
[iter=16230] rollout_mean_bb=1.7917 policy_loss=0.013918 value_loss=0.888967
[iter=16235] rollout_mean_bb=5.9870 policy_loss=-0.027103 value_loss=1.257983
[iter=16240] rollout_mean_bb=8.0938 policy_loss=0.000848 value_loss=1.136585
[iter=16245] rollout_mean_bb=7.5911 policy_loss=0.004338 value_loss=0.803988
[iter=16250] rollout_mean_bb=-2.8620 policy_loss=-0.012242 value_loss=1.063563
[iter=16255] rollout_mean_bb=6.4557 policy_loss=-0.003385 value_loss=0.960514
[iter=16260] rollout_mean_bb=3.8503 policy_loss=0.002319 value_loss=0.913143
[iter=16265] rollout_mean_bb=0.6810 policy_loss=-0.009624 value_loss=0.885483
[iter=16270] rollout_mean_bb=10.0977 policy_loss=-0.001087 value_loss=1.029218
[iter=16275] rollout_mean_bb=9.5417 policy_loss=0.004103 value_loss=0.737528
[iter=16280] rollout_mean_bb=0.6992 policy_loss=-0.041219 value_loss=0.733804
[iter=16285] rollout_mean_bb=4.8659 policy_loss=-0.000761 value_loss=0.880624
[iter=16290] rollout_mean_bb=5.4089 policy_loss=-0.000993 value_loss=1.024825
[iter=16295] rollout_mean_bb=10.1224 policy_loss=-0.010396 value_loss=0.784211
[iter=16300] rollout_mean_bb=1.2839 policy_loss=-0.003462 value_loss=0.795633
[iter=16305] rollout_mean_bb=-0.2409 policy_loss=-0.001218 value_loss=1.275481
[iter=16310] rollout_mean_bb=6.9714 policy_loss=0.012934 value_loss=0.697210
[iter=16315] rollout_mean_bb=5.8945 policy_loss=-0.005923 value_loss=0.530757
[iter=16320] rollout_mean_bb=2.8216 policy_loss=-0.006473 value_loss=0.929648
[iter=16325] rollout_mean_bb=5.3685 policy_loss=-0.012620 value_loss=0.603777
[iter=16330] rollout_mean_bb=5.4089 policy_loss=-0.003588 value_loss=0.839187
[iter=16335] rollout_mean_bb=4.2383 policy_loss=0.008007 value_loss=0.742825
[iter=16340] rollout_mean_bb=4.8789 policy_loss=0.000254 value_loss=0.859612
[iter=16345] rollout_mean_bb=4.3672 policy_loss=-0.000601 value_loss=0.842550
[iter=16350] rollout_mean_bb=10.0807 policy_loss=-0.006090 value_loss=0.619750
[iter=16355] rollout_mean_bb=7.9648 policy_loss=0.009950 value_loss=0.728554
[iter=16360] rollout_mean_bb=0.7279 policy_loss=-0.000251 value_loss=0.713880
[iter=16365] rollout_mean_bb=13.7057 policy_loss=0.001269 value_loss=0.912551
[iter=16370] rollout_mean_bb=9.5378 policy_loss=-0.007487 value_loss=0.620343
[iter=16375] rollout_mean_bb=5.3854 policy_loss=-0.009018 value_loss=0.817197
[iter=16380] rollout_mean_bb=0.6497 policy_loss=-0.005394 value_loss=0.742612
[iter=16385] rollout_mean_bb=-0.3581 policy_loss=0.015267 value_loss=0.601380
[iter=16390] rollout_mean_bb=4.8815 policy_loss=0.010689 value_loss=0.720866
[iter=16395] rollout_mean_bb=2.7604 policy_loss=-0.000497 value_loss=0.551754
[iter=16400] rollout_mean_bb=4.3151 policy_loss=-0.013879 value_loss=0.519119
[iter=16405] rollout_mean_bb=4.8034 policy_loss=-0.035744 value_loss=0.447053
[iter=16410] rollout_mean_bb=6.8815 policy_loss=0.020652 value_loss=0.586916
[iter=16415] rollout_mean_bb=2.3138 policy_loss=0.002152 value_loss=0.573864
[iter=16420] rollout_mean_bb=3.8594 policy_loss=0.000041 value_loss=0.639103
[iter=16425] rollout_mean_bb=3.2747 policy_loss=-0.003982 value_loss=0.653018
[iter=16430] rollout_mean_bb=4.3138 policy_loss=-0.045052 value_loss=0.798988
[iter=16435] rollout_mean_bb=11.6159 policy_loss=-0.000693 value_loss=0.711243
[iter=16440] rollout_mean_bb=4.9232 policy_loss=0.003403 value_loss=0.906416
[iter=16445] rollout_mean_bb=-2.4779 policy_loss=-0.000058 value_loss=0.610495
[iter=16450] rollout_mean_bb=1.7643 policy_loss=-0.014030 value_loss=0.595027
[iter=16455] rollout_mean_bb=7.4375 policy_loss=-0.000990 value_loss=0.526481
[iter=16460] rollout_mean_bb=0.7240 policy_loss=0.001592 value_loss=0.860917
[iter=16465] rollout_mean_bb=5.8880 policy_loss=0.002978 value_loss=0.714204
[iter=16470] rollout_mean_bb=4.3958 policy_loss=0.005076 value_loss=0.661342
[iter=16475] rollout_mean_bb=14.2500 policy_loss=0.001962 value_loss=0.824261
[iter=16480] rollout_mean_bb=-0.2943 policy_loss=-0.020132 value_loss=0.118164
[iter=16485] rollout_mean_bb=-0.4896 policy_loss=-0.006502 value_loss=0.328481
[iter=16490] rollout_mean_bb=1.4193 policy_loss=0.004816 value_loss=0.187384
[iter=16495] rollout_mean_bb=0.1901 policy_loss=-0.035334 value_loss=0.219804
[iter=16500] rollout_mean_bb=0.8203 policy_loss=0.040524 value_loss=0.365509
[iter=16505] rollout_mean_bb=-4.6836 policy_loss=-0.000388 value_loss=0.464753
[iter=16510] rollout_mean_bb=-0.7669 policy_loss=0.012347 value_loss=0.533439
[iter=16515] rollout_mean_bb=1.2930 policy_loss=-0.000994 value_loss=0.525210
[iter=16520] rollout_mean_bb=1.8112 policy_loss=0.006600 value_loss=0.179423
[iter=16525] rollout_mean_bb=3.0951 policy_loss=-0.009458 value_loss=0.446046
[iter=16530] rollout_mean_bb=2.2357 policy_loss=0.006183 value_loss=0.285495
[iter=16535] rollout_mean_bb=1.7266 policy_loss=0.001688 value_loss=0.259161
[iter=16540] rollout_mean_bb=-0.8099 policy_loss=0.002565 value_loss=0.435174
[iter=16545] rollout_mean_bb=4.3672 policy_loss=-0.020444 value_loss=0.307501
[iter=16550] rollout_mean_bb=-1.8659 policy_loss=-0.014543 value_loss=0.188217
[iter=16555] rollout_mean_bb=0.2878 policy_loss=-0.030425 value_loss=0.171203
[iter=16560] rollout_mean_bb=0.9297 policy_loss=-0.089924 value_loss=0.211160
[iter=16565] rollout_mean_bb=3.3268 policy_loss=0.031726 value_loss=0.120152
[iter=16570] rollout_mean_bb=-2.3685 policy_loss=0.010884 value_loss=0.290452
[iter=16575] rollout_mean_bb=0.1784 policy_loss=-0.010315 value_loss=0.212773
[iter=16580] rollout_mean_bb=3.9297 policy_loss=-0.002941 value_loss=0.168690
[iter=16585] rollout_mean_bb=-0.5898 policy_loss=-0.009630 value_loss=0.232062
[iter=16590] rollout_mean_bb=0.2096 policy_loss=-0.013353 value_loss=0.147635
[iter=16595] rollout_mean_bb=-2.8099 policy_loss=-0.029768 value_loss=0.128587
[iter=16600] rollout_mean_bb=2.1823 policy_loss=-0.008125 value_loss=0.239960
[iter=16605] rollout_mean_bb=0.6328 policy_loss=-0.002214 value_loss=0.099291
[iter=16610] rollout_mean_bb=1.6966 policy_loss=-0.017700 value_loss=0.233717
[iter=16615] rollout_mean_bb=-0.7734 policy_loss=-0.008830 value_loss=0.197184
[iter=16620] rollout_mean_bb=-0.5768 policy_loss=0.006986 value_loss=0.206986
[iter=16625] rollout_mean_bb=2.3411 policy_loss=0.007620 value_loss=0.614858
[iter=16630] rollout_mean_bb=3.9284 policy_loss=0.012763 value_loss=0.625079
[iter=16635] rollout_mean_bb=3.3724 policy_loss=0.029494 value_loss=0.477317
[iter=16640] rollout_mean_bb=2.8281 policy_loss=-0.024976 value_loss=0.379659
[iter=16645] rollout_mean_bb=-2.3750 policy_loss=0.026203 value_loss=0.490600
[iter=16650] rollout_mean_bb=4.8659 policy_loss=0.001839 value_loss=0.448538
[iter=16655] rollout_mean_bb=2.2865 policy_loss=0.006377 value_loss=0.401743
[iter=16660] rollout_mean_bb=-0.2656 policy_loss=0.003740 value_loss=0.433886
[iter=16665] rollout_mean_bb=5.9479 policy_loss=-0.018032 value_loss=0.359543
[iter=16670] rollout_mean_bb=4.8503 policy_loss=-0.000343 value_loss=0.252274
[iter=16675] rollout_mean_bb=7.0716 policy_loss=-0.005387 value_loss=0.289392
[iter=16680] rollout_mean_bb=3.8945 policy_loss=-0.006532 value_loss=0.539973
[iter=16685] rollout_mean_bb=-0.8385 policy_loss=0.003840 value_loss=0.305631
[iter=16690] rollout_mean_bb=7.0599 policy_loss=0.005357 value_loss=0.467405
[iter=16695] rollout_mean_bb=2.3359 policy_loss=0.001268 value_loss=0.311741
[iter=16700] rollout_mean_bb=2.8281 policy_loss=-0.002517 value_loss=0.324873
[iter=16705] rollout_mean_bb=8.6120 policy_loss=0.027735 value_loss=0.441830
[iter=16710] rollout_mean_bb=5.3854 policy_loss=0.001362 value_loss=0.443038
[iter=16715] rollout_mean_bb=2.3190 policy_loss=0.010249 value_loss=0.599230
[iter=16720] rollout_mean_bb=1.2956 policy_loss=-0.004324 value_loss=0.445300
[iter=16725] rollout_mean_bb=2.3151 policy_loss=-0.004777 value_loss=0.509232
[iter=16730] rollout_mean_bb=4.8724 policy_loss=-0.001007 value_loss=0.434111
[iter=16735] rollout_mean_bb=2.9336 policy_loss=-0.006295 value_loss=0.240666
[iter=16740] rollout_mean_bb=1.7682 policy_loss=0.048579 value_loss=0.380280
[iter=16745] rollout_mean_bb=3.5312 policy_loss=0.010217 value_loss=0.416413
[iter=16750] rollout_mean_bb=-0.0352 policy_loss=-0.016055 value_loss=0.229314
[iter=16755] rollout_mean_bb=2.0573 policy_loss=-0.033225 value_loss=0.452083
[iter=16760] rollout_mean_bb=3.1745 policy_loss=-0.057223 value_loss=0.408106
[iter=16765] rollout_mean_bb=1.1888 policy_loss=-0.018809 value_loss=0.240952
[iter=16770] rollout_mean_bb=3.0990 policy_loss=-0.018060 value_loss=0.274668
[iter=16775] rollout_mean_bb=1.0586 policy_loss=-0.016484 value_loss=0.283771
[iter=16780] rollout_mean_bb=4.7565 policy_loss=0.025476 value_loss=0.394848
[iter=16785] rollout_mean_bb=4.8659 policy_loss=-0.002125 value_loss=0.271600
[iter=16790] rollout_mean_bb=4.1862 policy_loss=0.012392 value_loss=0.255142
[iter=16795] rollout_mean_bb=3.6901 policy_loss=-0.003237 value_loss=0.338804
[iter=16800] rollout_mean_bb=1.9909 policy_loss=0.005547 value_loss=0.242717
[iter=16805] rollout_mean_bb=2.8151 policy_loss=-0.011759 value_loss=0.362275
[iter=16810] rollout_mean_bb=0.7357 policy_loss=0.005342 value_loss=0.400749
[iter=16815] rollout_mean_bb=4.3529 policy_loss=0.004542 value_loss=0.272947
[iter=16820] rollout_mean_bb=2.3385 policy_loss=-0.002569 value_loss=0.325599
[iter=16825] rollout_mean_bb=3.8815 policy_loss=0.013193 value_loss=0.461294
[iter=16830] rollout_mean_bb=4.3711 policy_loss=-0.013586 value_loss=0.321548
[iter=16835] rollout_mean_bb=-0.8685 policy_loss=-0.006846 value_loss=0.183202
[iter=16840] rollout_mean_bb=1.9440 policy_loss=-0.007367 value_loss=0.284216
[iter=16845] rollout_mean_bb=3.8125 policy_loss=0.047424 value_loss=0.231501
[iter=16850] rollout_mean_bb=4.2435 policy_loss=-0.007750 value_loss=0.352603
[iter=16855] rollout_mean_bb=3.3372 policy_loss=-0.025395 value_loss=0.376430
[iter=16860] rollout_mean_bb=3.1120 policy_loss=-0.041814 value_loss=0.313345
[iter=16865] rollout_mean_bb=-0.7174 policy_loss=0.054013 value_loss=0.370235
[iter=16870] rollout_mean_bb=2.6497 policy_loss=0.068830 value_loss=0.163149
[iter=16875] rollout_mean_bb=-1.8060 policy_loss=-0.031528 value_loss=0.216290
[iter=16880] rollout_mean_bb=4.2240 policy_loss=0.072981 value_loss=0.312565
[iter=16885] rollout_mean_bb=-0.2331 policy_loss=0.008933 value_loss=0.157277
[iter=16890] rollout_mean_bb=2.5820 policy_loss=0.007074 value_loss=0.183862
[iter=16895] rollout_mean_bb=3.7331 policy_loss=0.003310 value_loss=0.242799
[iter=16900] rollout_mean_bb=7.0169 policy_loss=-0.024834 value_loss=0.335417
[iter=16905] rollout_mean_bb=1.8255 policy_loss=-0.005330 value_loss=0.357972
[iter=16910] rollout_mean_bb=2.2409 policy_loss=0.068108 value_loss=0.176477
[iter=16915] rollout_mean_bb=2.7096 policy_loss=-0.000421 value_loss=0.247167
[iter=16920] rollout_mean_bb=3.7201 policy_loss=-0.007118 value_loss=0.199809
[iter=16925] rollout_mean_bb=-1.3880 policy_loss=0.001024 value_loss=0.252882
[iter=16930] rollout_mean_bb=4.3372 policy_loss=-0.007104 value_loss=0.263005
[iter=16935] rollout_mean_bb=3.8451 policy_loss=-0.000564 value_loss=0.373555
[iter=16940] rollout_mean_bb=-1.4779 policy_loss=-0.005968 value_loss=0.279192
[iter=16945] rollout_mean_bb=-1.8424 policy_loss=-0.005074 value_loss=0.297308
[iter=16950] rollout_mean_bb=1.6823 policy_loss=-0.023227 value_loss=0.247497
[iter=16955] rollout_mean_bb=3.2982 policy_loss=-0.001058 value_loss=0.342660
[iter=16960] rollout_mean_bb=2.7201 policy_loss=-0.009928 value_loss=0.238346
[iter=16965] rollout_mean_bb=1.1159 policy_loss=0.013254 value_loss=0.080301
[iter=16970] rollout_mean_bb=2.3099 policy_loss=-0.001893 value_loss=0.145218
[iter=16975] rollout_mean_bb=2.2826 policy_loss=-0.002142 value_loss=0.182673
[iter=16980] rollout_mean_bb=0.7005 policy_loss=-0.000730 value_loss=0.111882
[iter=16985] rollout_mean_bb=-0.8945 policy_loss=-0.004063 value_loss=0.223025
[iter=16990] rollout_mean_bb=0.6120 policy_loss=-0.010378 value_loss=0.193097
[iter=16995] rollout_mean_bb=4.3659 policy_loss=-0.005331 value_loss=0.292384
[iter=17000] rollout_mean_bb=-1.4674 policy_loss=-0.010717 value_loss=0.170818
[iter=17005] rollout_mean_bb=-1.8229 policy_loss=-0.011981 value_loss=0.257474
[iter=17010] rollout_mean_bb=-0.8659 policy_loss=-0.029847 value_loss=0.213313
[iter=17015] rollout_mean_bb=0.1589 policy_loss=-0.080447 value_loss=0.246950
[iter=17020] rollout_mean_bb=8.0482 policy_loss=0.012899 value_loss=0.351083
[iter=17025] rollout_mean_bb=3.9258 policy_loss=0.001366 value_loss=0.403636
[iter=17030] rollout_mean_bb=4.3164 policy_loss=-0.017936 value_loss=0.203990
[iter=17035] rollout_mean_bb=4.3268 policy_loss=-0.005394 value_loss=0.371665
[iter=17040] rollout_mean_bb=5.9909 policy_loss=-0.066800 value_loss=0.314378
[iter=17045] rollout_mean_bb=4.8255 policy_loss=-0.001555 value_loss=0.200218
[iter=17050] rollout_mean_bb=1.7734 policy_loss=-0.003116 value_loss=0.399265
[iter=17055] rollout_mean_bb=0.7995 policy_loss=0.002361 value_loss=0.348984
[iter=17060] rollout_mean_bb=3.3047 policy_loss=0.005695 value_loss=0.269111
[iter=17065] rollout_mean_bb=2.2786 policy_loss=-0.008057 value_loss=0.242075
[iter=17070] rollout_mean_bb=4.2357 policy_loss=0.003036 value_loss=0.374628
[iter=17075] rollout_mean_bb=1.7708 policy_loss=-0.007594 value_loss=0.236968
[iter=17080] rollout_mean_bb=0.6029 policy_loss=-0.006683 value_loss=0.256873
[iter=17085] rollout_mean_bb=3.2591 policy_loss=-0.012083 value_loss=0.397641
[iter=17090] rollout_mean_bb=3.3021 policy_loss=0.056110 value_loss=0.390160
[iter=17095] rollout_mean_bb=6.0208 policy_loss=-0.002542 value_loss=0.446711
[iter=17100] rollout_mean_bb=6.3112 policy_loss=-0.171798 value_loss=0.535140
[iter=17105] rollout_mean_bb=7.0456 policy_loss=-0.002791 value_loss=0.292621
[iter=17110] rollout_mean_bb=3.8802 policy_loss=0.001931 value_loss=0.337847
[iter=17115] rollout_mean_bb=1.3008 policy_loss=-0.015060 value_loss=0.268459
[iter=17120] rollout_mean_bb=2.1758 policy_loss=-0.005991 value_loss=0.272363
[iter=17125] rollout_mean_bb=2.2305 policy_loss=-0.023590 value_loss=0.193200
[iter=17130] rollout_mean_bb=1.2227 policy_loss=-0.010044 value_loss=0.242626
[iter=17135] rollout_mean_bb=4.1888 policy_loss=-0.021129 value_loss=0.212754
[iter=17140] rollout_mean_bb=-3.0156 policy_loss=-0.004241 value_loss=0.337072
[iter=17145] rollout_mean_bb=-1.3854 policy_loss=-0.006026 value_loss=0.487042
[iter=17150] rollout_mean_bb=1.0872 policy_loss=0.004080 value_loss=0.140682
[iter=17155] rollout_mean_bb=0.1576 policy_loss=-0.003401 value_loss=0.164141
[iter=17160] rollout_mean_bb=1.0495 policy_loss=0.028658 value_loss=0.109484
[iter=17165] rollout_mean_bb=-0.1055 policy_loss=-0.024480 value_loss=0.117208
[iter=17170] rollout_mean_bb=-0.1862 policy_loss=-0.012854 value_loss=0.224569
[iter=17175] rollout_mean_bb=1.8008 policy_loss=-0.002196 value_loss=0.136117
[iter=17180] rollout_mean_bb=-0.0560 policy_loss=-0.028303 value_loss=0.172091
[iter=17185] rollout_mean_bb=6.3099 policy_loss=0.020459 value_loss=0.439382
[iter=17190] rollout_mean_bb=2.9089 policy_loss=-0.059320 value_loss=0.268300
[iter=17195] rollout_mean_bb=4.1706 policy_loss=-0.003059 value_loss=0.249940
[iter=17200] rollout_mean_bb=6.6211 policy_loss=-0.078112 value_loss=0.452513
[iter=17205] rollout_mean_bb=0.1302 policy_loss=-0.024944 value_loss=0.120073
[iter=17210] rollout_mean_bb=4.0430 policy_loss=-0.003902 value_loss=0.126859
[iter=17215] rollout_mean_bb=1.2135 policy_loss=0.008827 value_loss=0.096273
[iter=17220] rollout_mean_bb=4.1615 policy_loss=0.004565 value_loss=0.109552
[iter=17225] rollout_mean_bb=2.0299 policy_loss=0.017239 value_loss=0.030872
[iter=17230] rollout_mean_bb=1.9896 policy_loss=0.028166 value_loss=0.042179
[iter=17235] rollout_mean_bb=1.8294 policy_loss=-0.066684 value_loss=0.396378
[iter=17240] rollout_mean_bb=3.2630 policy_loss=-0.013742 value_loss=0.101797
[iter=17245] rollout_mean_bb=2.0378 policy_loss=-0.031319 value_loss=0.097875
[iter=17250] rollout_mean_bb=2.0000 policy_loss=0.008938 value_loss=0.110456
[iter=17255] rollout_mean_bb=-0.0443 policy_loss=-0.018192 value_loss=0.106369
[iter=17260] rollout_mean_bb=1.5247 policy_loss=0.053123 value_loss=0.141898
[iter=17265] rollout_mean_bb=2.5938 policy_loss=-0.054970 value_loss=0.192451
[iter=17270] rollout_mean_bb=0.0208 policy_loss=-0.025143 value_loss=0.116051
[iter=17275] rollout_mean_bb=5.7578 policy_loss=-0.000567 value_loss=0.113513
[iter=17280] rollout_mean_bb=2.8307 policy_loss=-0.072455 value_loss=0.142443
[iter=17285] rollout_mean_bb=6.2357 policy_loss=0.009905 value_loss=0.166874
[iter=17290] rollout_mean_bb=4.7682 policy_loss=-0.001870 value_loss=0.202550
[iter=17295] rollout_mean_bb=8.5898 policy_loss=-0.026738 value_loss=0.329548
[iter=17300] rollout_mean_bb=6.7930 policy_loss=-0.005984 value_loss=0.273890
[iter=17305] rollout_mean_bb=2.7539 policy_loss=-0.032314 value_loss=0.282640
[iter=17310] rollout_mean_bb=3.1615 policy_loss=-0.000581 value_loss=0.327196
[iter=17315] rollout_mean_bb=2.5247 policy_loss=-0.017472 value_loss=0.237520
[iter=17320] rollout_mean_bb=-0.4010 policy_loss=0.028936 value_loss=0.432706
[iter=17325] rollout_mean_bb=0.0039 policy_loss=-0.019598 value_loss=0.433106
[iter=17330] rollout_mean_bb=1.1471 policy_loss=0.011245 value_loss=0.382238
[iter=17335] rollout_mean_bb=3.0716 policy_loss=0.010610 value_loss=0.354183
[iter=17340] rollout_mean_bb=-1.5560 policy_loss=-0.018313 value_loss=0.224610
[iter=17345] rollout_mean_bb=7.2122 policy_loss=-0.043497 value_loss=0.384546
[iter=17350] rollout_mean_bb=5.3503 policy_loss=-0.020554 value_loss=0.235340
[iter=17355] rollout_mean_bb=2.1133 policy_loss=-0.019829 value_loss=0.226299
[iter=17360] rollout_mean_bb=3.6419 policy_loss=-0.050229 value_loss=0.244793
[iter=17365] rollout_mean_bb=1.6992 policy_loss=-0.080925 value_loss=0.397829
[iter=17370] rollout_mean_bb=-1.4701 policy_loss=-0.009655 value_loss=0.355610
[iter=17375] rollout_mean_bb=2.1237 policy_loss=0.000327 value_loss=0.387797
[iter=17380] rollout_mean_bb=1.0443 policy_loss=-0.003462 value_loss=0.219071
[iter=17385] rollout_mean_bb=-0.2057 policy_loss=-0.033515 value_loss=0.316615
[iter=17390] rollout_mean_bb=5.0794 policy_loss=-0.056647 value_loss=0.146892
[iter=17395] rollout_mean_bb=4.5378 policy_loss=-0.012682 value_loss=0.202744
[iter=17400] rollout_mean_bb=2.1211 policy_loss=0.007177 value_loss=0.374437
[iter=17405] rollout_mean_bb=-2.4974 policy_loss=-0.013504 value_loss=0.276317
[iter=17410] rollout_mean_bb=-2.6914 policy_loss=0.006828 value_loss=0.341329
[iter=17415] rollout_mean_bb=-3.2174 policy_loss=-0.052798 value_loss=0.207790
[iter=17420] rollout_mean_bb=4.3490 policy_loss=-0.062106 value_loss=0.304653
[iter=17425] rollout_mean_bb=4.7643 policy_loss=-0.013100 value_loss=0.245828
[iter=17430] rollout_mean_bb=3.6979 policy_loss=-0.028427 value_loss=0.189640
[iter=17435] rollout_mean_bb=8.9388 policy_loss=0.006110 value_loss=0.286759
[iter=17440] rollout_mean_bb=2.1198 policy_loss=-0.032687 value_loss=0.247485
[iter=17445] rollout_mean_bb=1.6289 policy_loss=-0.000401 value_loss=0.283000
[iter=17450] rollout_mean_bb=-1.7826 policy_loss=0.001749 value_loss=0.319482
[iter=17455] rollout_mean_bb=1.0091 policy_loss=0.014786 value_loss=0.320354
[iter=17460] rollout_mean_bb=3.1732 policy_loss=-0.013367 value_loss=0.336128
[iter=17465] rollout_mean_bb=4.3698 policy_loss=-0.018439 value_loss=0.326810
[iter=17470] rollout_mean_bb=3.2578 policy_loss=0.010801 value_loss=0.443210
[iter=17475] rollout_mean_bb=2.1510 policy_loss=0.013129 value_loss=0.508861
[iter=17480] rollout_mean_bb=0.6641 policy_loss=-0.005728 value_loss=0.444972
[iter=17485] rollout_mean_bb=0.6706 policy_loss=0.029735 value_loss=0.546157
[iter=17490] rollout_mean_bb=2.6901 policy_loss=0.004509 value_loss=0.466480
[iter=17495] rollout_mean_bb=2.8307 policy_loss=0.018913 value_loss=0.337269
[iter=17500] rollout_mean_bb=2.6211 policy_loss=-0.005029 value_loss=0.355583
[iter=17505] rollout_mean_bb=2.5977 policy_loss=-0.004172 value_loss=0.453984
[iter=17510] rollout_mean_bb=9.9766 policy_loss=-0.071613 value_loss=0.435242
[iter=17515] rollout_mean_bb=7.9440 policy_loss=-0.006218 value_loss=0.193781
[iter=17520] rollout_mean_bb=4.2396 policy_loss=0.024523 value_loss=0.548537
[iter=17525] rollout_mean_bb=14.0521 policy_loss=0.014364 value_loss=0.511772
[iter=17530] rollout_mean_bb=9.9596 policy_loss=0.004103 value_loss=0.556333
[iter=17535] rollout_mean_bb=2.1641 policy_loss=0.044458 value_loss=0.439492
[iter=17540] rollout_mean_bb=-1.1094 policy_loss=-0.038042 value_loss=0.255108
[iter=17545] rollout_mean_bb=0.5951 policy_loss=0.027575 value_loss=0.229591
[iter=17550] rollout_mean_bb=1.3268 policy_loss=0.015749 value_loss=0.179740
[iter=17555] rollout_mean_bb=1.2630 policy_loss=0.011075 value_loss=0.149062
[iter=17560] rollout_mean_bb=-0.8958 policy_loss=0.007508 value_loss=0.171176
[iter=17565] rollout_mean_bb=1.4349 policy_loss=-0.067335 value_loss=0.163506
[iter=17570] rollout_mean_bb=0.4036 policy_loss=0.001687 value_loss=0.110375
[iter=17575] rollout_mean_bb=-0.0078 policy_loss=-0.022952 value_loss=0.114527
[iter=17580] rollout_mean_bb=0.2969 policy_loss=-0.003622 value_loss=0.133092
[iter=17585] rollout_mean_bb=1.3464 policy_loss=0.022899 value_loss=0.165402
[iter=17590] rollout_mean_bb=1.1992 policy_loss=0.035961 value_loss=0.098879
[iter=17595] rollout_mean_bb=1.5404 policy_loss=0.023620 value_loss=0.120391
[iter=17600] rollout_mean_bb=0.1484 policy_loss=-0.004420 value_loss=0.120808
[iter=17605] rollout_mean_bb=0.3581 policy_loss=0.003727 value_loss=0.090641
[iter=17610] rollout_mean_bb=0.6849 policy_loss=0.020528 value_loss=0.112295
[iter=17615] rollout_mean_bb=-0.3008 policy_loss=0.011963 value_loss=0.122193
[iter=17620] rollout_mean_bb=2.1523 policy_loss=0.026590 value_loss=0.125457
[iter=17625] rollout_mean_bb=1.1875 policy_loss=0.011955 value_loss=0.127156
[iter=17630] rollout_mean_bb=1.3802 policy_loss=0.000038 value_loss=0.113160
[iter=17635] rollout_mean_bb=1.6419 policy_loss=0.107733 value_loss=0.149083
[iter=17640] rollout_mean_bb=1.4258 policy_loss=-0.014248 value_loss=0.103650
[iter=17645] rollout_mean_bb=-0.1797 policy_loss=-0.016103 value_loss=0.148710
[iter=17650] rollout_mean_bb=1.6120 policy_loss=0.002306 value_loss=0.143883
[iter=17655] rollout_mean_bb=3.4401 policy_loss=-0.027012 value_loss=0.132866
[iter=17660] rollout_mean_bb=0.6458 policy_loss=-0.000424 value_loss=0.134339
[iter=17665] rollout_mean_bb=1.8359 policy_loss=0.003060 value_loss=0.145612
[iter=17670] rollout_mean_bb=1.5794 policy_loss=0.017693 value_loss=0.110081
[iter=17675] rollout_mean_bb=1.1927 policy_loss=0.022978 value_loss=0.151630
[iter=17680] rollout_mean_bb=1.5312 policy_loss=-0.006557 value_loss=0.112208
[iter=17685] rollout_mean_bb=2.6615 policy_loss=0.004075 value_loss=0.109335
[iter=17690] rollout_mean_bb=1.9622 policy_loss=-0.001315 value_loss=0.118198
[iter=17695] rollout_mean_bb=1.7500 policy_loss=0.000251 value_loss=0.132300
[iter=17700] rollout_mean_bb=0.2109 policy_loss=0.008676 value_loss=0.151049
[iter=17705] rollout_mean_bb=0.9310 policy_loss=-0.012817 value_loss=0.148626
[iter=17710] rollout_mean_bb=1.5052 policy_loss=-0.038397 value_loss=0.132611
[iter=17715] rollout_mean_bb=1.2357 policy_loss=-0.001910 value_loss=0.160060
[iter=17720] rollout_mean_bb=2.6680 policy_loss=0.016656 value_loss=0.173423
[iter=17725] rollout_mean_bb=1.3516 policy_loss=-0.030092 value_loss=0.190017
[iter=17730] rollout_mean_bb=0.9674 policy_loss=0.001581 value_loss=0.162845
[iter=17735] rollout_mean_bb=1.0391 policy_loss=-0.007281 value_loss=0.150523
[iter=17740] rollout_mean_bb=1.8698 policy_loss=0.009864 value_loss=0.162348
[iter=17745] rollout_mean_bb=2.5677 policy_loss=0.039573 value_loss=0.190549
[iter=17750] rollout_mean_bb=1.9714 policy_loss=-0.005747 value_loss=0.174365
[iter=17755] rollout_mean_bb=2.5156 policy_loss=0.037519 value_loss=0.174348
[iter=17760] rollout_mean_bb=1.6771 policy_loss=0.138338 value_loss=0.892532
[iter=17765] rollout_mean_bb=2.7174 policy_loss=0.061433 value_loss=0.757100
[iter=17770] rollout_mean_bb=3.7526 policy_loss=-0.003945 value_loss=0.590022
[iter=17775] rollout_mean_bb=7.8086 policy_loss=0.024348 value_loss=0.681687
[iter=17780] rollout_mean_bb=4.5260 policy_loss=0.007920 value_loss=0.371158
[iter=17785] rollout_mean_bb=1.8945 policy_loss=-0.001652 value_loss=0.551533
[iter=17790] rollout_mean_bb=4.3125 policy_loss=0.004149 value_loss=0.536214
[iter=17795] rollout_mean_bb=9.0964 policy_loss=0.033127 value_loss=0.620454
[iter=17800] rollout_mean_bb=3.5326 policy_loss=0.000321 value_loss=0.512800
[iter=17805] rollout_mean_bb=2.9753 policy_loss=-0.103027 value_loss=0.558609
[iter=17810] rollout_mean_bb=1.8698 policy_loss=0.002530 value_loss=0.347843
[iter=17815] rollout_mean_bb=-1.8867 policy_loss=-0.011356 value_loss=0.314477
[iter=17820] rollout_mean_bb=3.9427 policy_loss=-0.015022 value_loss=0.211129
[iter=17825] rollout_mean_bb=3.3958 policy_loss=0.051300 value_loss=0.090982
[iter=17830] rollout_mean_bb=4.1198 policy_loss=-0.025992 value_loss=0.174917
[iter=17835] rollout_mean_bb=1.8971 policy_loss=0.013583 value_loss=0.245313
[iter=17840] rollout_mean_bb=3.4766 policy_loss=-0.013535 value_loss=0.219950
[iter=17845] rollout_mean_bb=2.9232 policy_loss=-0.017934 value_loss=0.129607
[iter=17850] rollout_mean_bb=-0.2708 policy_loss=-0.022560 value_loss=0.193998
[iter=17855] rollout_mean_bb=0.1341 policy_loss=-0.027232 value_loss=0.103469
[iter=17860] rollout_mean_bb=1.1836 policy_loss=-0.022478 value_loss=0.104099
[iter=17865] rollout_mean_bb=3.8542 policy_loss=-0.013653 value_loss=0.091782
[iter=17870] rollout_mean_bb=7.1237 policy_loss=-0.011430 value_loss=0.173847
[iter=17875] rollout_mean_bb=2.0026 policy_loss=-0.025719 value_loss=0.201506
[iter=17880] rollout_mean_bb=-2.2865 policy_loss=-0.028713 value_loss=0.268878
[iter=17885] rollout_mean_bb=-0.7057 policy_loss=-0.001003 value_loss=0.393645
[iter=17890] rollout_mean_bb=3.4349 policy_loss=-0.032889 value_loss=0.212988
[iter=17895] rollout_mean_bb=5.6706 policy_loss=-0.010615 value_loss=0.460130
[iter=17900] rollout_mean_bb=2.1029 policy_loss=-0.006887 value_loss=0.346885
[iter=17905] rollout_mean_bb=-0.6497 policy_loss=-0.004369 value_loss=0.340854
[iter=17910] rollout_mean_bb=1.8698 policy_loss=-0.008566 value_loss=0.324800
[iter=17915] rollout_mean_bb=1.3398 policy_loss=-0.032379 value_loss=0.227762
[iter=17920] rollout_mean_bb=5.2122 policy_loss=-0.010055 value_loss=0.155215
[iter=17925] rollout_mean_bb=1.3984 policy_loss=-0.013148 value_loss=0.211422
[iter=17930] rollout_mean_bb=2.4544 policy_loss=-0.019507 value_loss=0.100544
[iter=17935] rollout_mean_bb=2.8464 policy_loss=-0.001986 value_loss=0.072514
[iter=17940] rollout_mean_bb=3.9128 policy_loss=-0.005198 value_loss=0.137023
[iter=17945] rollout_mean_bb=1.8997 policy_loss=-0.033421 value_loss=0.164399
[iter=17950] rollout_mean_bb=-0.7331 policy_loss=-0.022555 value_loss=0.164146
[iter=17955] rollout_mean_bb=7.8659 policy_loss=-0.039483 value_loss=0.192133
[iter=17960] rollout_mean_bb=5.4727 policy_loss=-0.050881 value_loss=0.198710
[iter=17965] rollout_mean_bb=3.6641 policy_loss=-0.008204 value_loss=0.303125
[iter=17970] rollout_mean_bb=1.2799 policy_loss=-0.034391 value_loss=0.221354
[iter=17975] rollout_mean_bb=-0.7878 policy_loss=-0.019688 value_loss=0.226108
[iter=17980] rollout_mean_bb=4.1315 policy_loss=-0.010356 value_loss=0.217307
[iter=17985] rollout_mean_bb=1.9688 policy_loss=-0.003922 value_loss=0.231945
[iter=17990] rollout_mean_bb=-0.2174 policy_loss=-0.013060 value_loss=0.256394
[iter=17995] rollout_mean_bb=5.0677 policy_loss=-0.012706 value_loss=0.257044
[iter=18000] rollout_mean_bb=-0.3333 policy_loss=0.020888 value_loss=0.296350
[iter=18005] rollout_mean_bb=4.0000 policy_loss=-0.005304 value_loss=0.344405
[iter=18010] rollout_mean_bb=1.3958 policy_loss=-0.015460 value_loss=0.341198
[iter=18015] rollout_mean_bb=4.5534 policy_loss=-0.019479 value_loss=0.269795
[iter=18020] rollout_mean_bb=4.0039 policy_loss=-0.018449 value_loss=0.238284
[iter=18025] rollout_mean_bb=5.6003 policy_loss=0.000549 value_loss=0.351135
[iter=18030] rollout_mean_bb=4.4401 policy_loss=-0.018424 value_loss=0.253225
[iter=18035] rollout_mean_bb=7.3503 policy_loss=-0.043162 value_loss=0.314419
[iter=18040] rollout_mean_bb=-0.7122 policy_loss=-0.003957 value_loss=0.437706
[iter=18045] rollout_mean_bb=0.8776 policy_loss=-0.037799 value_loss=0.154533
[iter=18050] rollout_mean_bb=-3.1419 policy_loss=-0.018239 value_loss=0.223136
[iter=18055] rollout_mean_bb=0.7096 policy_loss=-0.021528 value_loss=0.137913
[iter=18060] rollout_mean_bb=5.6380 policy_loss=-0.009799 value_loss=0.341763
[iter=18065] rollout_mean_bb=3.6393 policy_loss=-0.013252 value_loss=0.298371
[iter=18070] rollout_mean_bb=4.4766 policy_loss=0.007888 value_loss=0.501478
[iter=18075] rollout_mean_bb=13.0495 policy_loss=-0.014024 value_loss=0.347598
[iter=18080] rollout_mean_bb=-0.3294 policy_loss=0.000590 value_loss=0.381521
[iter=18085] rollout_mean_bb=1.9661 policy_loss=0.007367 value_loss=0.397016
[iter=18090] rollout_mean_bb=2.5768 policy_loss=-0.021587 value_loss=0.229598
[iter=18095] rollout_mean_bb=4.0521 policy_loss=-0.001544 value_loss=0.523847
[iter=18100] rollout_mean_bb=3.0391 policy_loss=-0.013849 value_loss=0.353027
[iter=18105] rollout_mean_bb=1.8451 policy_loss=-0.018760 value_loss=0.288674
[iter=18110] rollout_mean_bb=-4.4245 policy_loss=0.005554 value_loss=2.094375
[iter=18115] rollout_mean_bb=1.6471 policy_loss=0.010676 value_loss=1.895509
[iter=18120] rollout_mean_bb=-5.8958 policy_loss=-0.015875 value_loss=1.904644
[iter=18125] rollout_mean_bb=-2.4115 policy_loss=0.027159 value_loss=2.048212
[iter=18130] rollout_mean_bb=1.8880 policy_loss=-0.001531 value_loss=2.212046
[iter=18135] rollout_mean_bb=5.4062 policy_loss=-0.005269 value_loss=1.944965
[iter=18140] rollout_mean_bb=-0.4531 policy_loss=-0.035910 value_loss=2.195495
[iter=18145] rollout_mean_bb=2.6016 policy_loss=-0.011387 value_loss=2.098494
[iter=18150] rollout_mean_bb=-5.7721 policy_loss=0.024410 value_loss=2.008399
[iter=18155] rollout_mean_bb=-2.4622 policy_loss=-0.006220 value_loss=1.970476
[iter=18160] rollout_mean_bb=-0.2201 policy_loss=-0.011422 value_loss=0.725864
[iter=18165] rollout_mean_bb=-4.5039 policy_loss=0.009595 value_loss=0.642448
[iter=18170] rollout_mean_bb=5.3490 policy_loss=-0.025536 value_loss=0.292148
[iter=18175] rollout_mean_bb=4.8099 policy_loss=0.003438 value_loss=0.423222
[iter=18180] rollout_mean_bb=-0.2878 policy_loss=-0.011651 value_loss=1.885752
[iter=18185] rollout_mean_bb=-3.7565 policy_loss=0.016013 value_loss=1.855269
[iter=18190] rollout_mean_bb=0.3164 policy_loss=0.028090 value_loss=1.494633
[iter=18195] rollout_mean_bb=-4.1562 policy_loss=0.001117 value_loss=1.377007
[iter=18200] rollout_mean_bb=1.4740 policy_loss=-0.006880 value_loss=1.220632
[iter=18205] rollout_mean_bb=10.4349 policy_loss=-0.010751 value_loss=1.256391
[iter=18210] rollout_mean_bb=13.8099 policy_loss=-0.004668 value_loss=1.120087
[iter=18215] rollout_mean_bb=1.7422 policy_loss=0.041473 value_loss=1.153701
[iter=18220] rollout_mean_bb=3.0990 policy_loss=-0.017420 value_loss=1.182087
[iter=18225] rollout_mean_bb=4.7005 policy_loss=0.071269 value_loss=1.299520
[iter=18230] rollout_mean_bb=1.8411 policy_loss=0.017301 value_loss=1.077198
[iter=18235] rollout_mean_bb=6.4141 policy_loss=-0.002532 value_loss=0.948846
[iter=18240] rollout_mean_bb=13.3490 policy_loss=0.007788 value_loss=0.911853
[iter=18245] rollout_mean_bb=7.7682 policy_loss=-0.013871 value_loss=1.027770
[iter=18250] rollout_mean_bb=9.0000 policy_loss=-0.002209 value_loss=0.839581
[iter=18255] rollout_mean_bb=9.5143 policy_loss=0.033840 value_loss=0.795881
[iter=18260] rollout_mean_bb=7.8255 policy_loss=0.002994 value_loss=0.961331
[iter=18265] rollout_mean_bb=6.5755 policy_loss=0.008268 value_loss=1.113289
[iter=18270] rollout_mean_bb=12.8451 policy_loss=-0.002687 value_loss=0.853608
[iter=18275] rollout_mean_bb=6.7005 policy_loss=0.008627 value_loss=1.029987
[iter=18280] rollout_mean_bb=11.0521 policy_loss=-0.040035 value_loss=0.891984
[iter=18285] rollout_mean_bb=15.5911 policy_loss=0.002571 value_loss=0.818254
[iter=18290] rollout_mean_bb=13.6458 policy_loss=-0.009522 value_loss=0.934965
[iter=18295] rollout_mean_bb=3.6016 policy_loss=-0.008338 value_loss=0.897292
[iter=18300] rollout_mean_bb=15.5964 policy_loss=-0.006008 value_loss=0.969713
[iter=18305] rollout_mean_bb=17.2396 policy_loss=0.015933 value_loss=0.871452
[iter=18310] rollout_mean_bb=16.3320 policy_loss=0.006429 value_loss=1.000541
[iter=18315] rollout_mean_bb=18.4297 policy_loss=0.002258 value_loss=0.801500
[iter=18320] rollout_mean_bb=11.0391 policy_loss=-0.044064 value_loss=0.689076
[iter=18325] rollout_mean_bb=10.2461 policy_loss=0.018807 value_loss=0.961628
[iter=18330] rollout_mean_bb=9.4219 policy_loss=0.003612 value_loss=0.867176
[iter=18335] rollout_mean_bb=13.8880 policy_loss=0.016177 value_loss=0.879745
[iter=18340] rollout_mean_bb=17.3333 policy_loss=0.012996 value_loss=0.775763
[iter=18345] rollout_mean_bb=7.3672 policy_loss=-0.006139 value_loss=0.815853
[iter=18350] rollout_mean_bb=9.3906 policy_loss=-0.012098 value_loss=0.858466
[iter=18355] rollout_mean_bb=9.4818 policy_loss=-0.004883 value_loss=0.843556
[iter=18360] rollout_mean_bb=12.5078 policy_loss=0.000480 value_loss=0.721038
[iter=18365] rollout_mean_bb=17.6693 policy_loss=0.012128 value_loss=0.867865
[iter=18370] rollout_mean_bb=18.9818 policy_loss=-0.016744 value_loss=0.826560
[iter=18375] rollout_mean_bb=15.5495 policy_loss=0.053339 value_loss=1.100131
[iter=18380] rollout_mean_bb=13.4323 policy_loss=0.022843 value_loss=0.929973
[iter=18385] rollout_mean_bb=13.4531 policy_loss=0.012615 value_loss=0.849479
[iter=18390] rollout_mean_bb=11.5703 policy_loss=0.033032 value_loss=0.828336
[iter=18395] rollout_mean_bb=13.2734 policy_loss=-0.041059 value_loss=0.675636
[iter=18400] rollout_mean_bb=5.2240 policy_loss=-0.003811 value_loss=0.820056
[iter=18405] rollout_mean_bb=13.6237 policy_loss=-0.015634 value_loss=0.637582
[iter=18410] rollout_mean_bb=16.8490 policy_loss=-0.007947 value_loss=0.691457
[iter=18415] rollout_mean_bb=7.6615 policy_loss=0.003226 value_loss=0.737250
[iter=18420] rollout_mean_bb=2.8516 policy_loss=0.007742 value_loss=0.658941
[iter=18425] rollout_mean_bb=14.9076 policy_loss=-0.004863 value_loss=0.731510
[iter=18430] rollout_mean_bb=1.4062 policy_loss=0.114746 value_loss=1.034873
[iter=18435] rollout_mean_bb=16.8229 policy_loss=0.000185 value_loss=0.640800
[iter=18440] rollout_mean_bb=12.4531 policy_loss=-0.002845 value_loss=0.640402
[iter=18445] rollout_mean_bb=14.9193 policy_loss=-0.007899 value_loss=0.799148
[iter=18450] rollout_mean_bb=12.4505 policy_loss=0.017935 value_loss=0.752788
[iter=18455] rollout_mean_bb=5.0495 policy_loss=0.007000 value_loss=0.708257
[iter=18460] rollout_mean_bb=12.2214 policy_loss=0.024540 value_loss=0.755747
[iter=18465] rollout_mean_bb=11.7005 policy_loss=0.003867 value_loss=0.754159
[iter=18470] rollout_mean_bb=10.7812 policy_loss=-0.001278 value_loss=0.703499
[iter=18475] rollout_mean_bb=20.9453 policy_loss=0.029200 value_loss=0.672376
[iter=18480] rollout_mean_bb=18.5703 policy_loss=0.009874 value_loss=0.727056
[iter=18485] rollout_mean_bb=11.3099 policy_loss=-0.016375 value_loss=0.724411
[iter=18490] rollout_mean_bb=14.2396 policy_loss=0.007869 value_loss=0.566522
[iter=18495] rollout_mean_bb=13.3724 policy_loss=-0.004920 value_loss=0.482531
[iter=18500] rollout_mean_bb=6.0990 policy_loss=-0.005419 value_loss=0.702081
[iter=18505] rollout_mean_bb=17.7161 policy_loss=0.012715 value_loss=0.671448
[iter=18510] rollout_mean_bb=10.5625 policy_loss=0.015180 value_loss=0.663932
[iter=18515] rollout_mean_bb=2.8099 policy_loss=0.013143 value_loss=0.897828
[iter=18520] rollout_mean_bb=11.4375 policy_loss=0.001166 value_loss=0.466422
[iter=18525] rollout_mean_bb=10.6771 policy_loss=-0.010243 value_loss=0.770378
[iter=18530] rollout_mean_bb=14.6484 policy_loss=-0.002912 value_loss=0.586282
[iter=18535] rollout_mean_bb=14.5859 policy_loss=0.016044 value_loss=0.567948
[iter=18540] rollout_mean_bb=2.2552 policy_loss=0.004258 value_loss=0.736644
[iter=18545] rollout_mean_bb=7.8021 policy_loss=0.011893 value_loss=0.686335
[iter=18550] rollout_mean_bb=8.9844 policy_loss=0.003979 value_loss=0.801165
[iter=18555] rollout_mean_bb=15.5104 policy_loss=0.041641 value_loss=0.731943
[iter=18560] rollout_mean_bb=9.9271 policy_loss=0.008509 value_loss=0.549144
[iter=18565] rollout_mean_bb=11.2630 policy_loss=0.008985 value_loss=0.677258
[iter=18570] rollout_mean_bb=9.3672 policy_loss=0.002097 value_loss=0.589185
[iter=18575] rollout_mean_bb=11.2370 policy_loss=0.002937 value_loss=0.630345
[iter=18580] rollout_mean_bb=7.9401 policy_loss=0.004664 value_loss=0.592496
[iter=18585] rollout_mean_bb=9.5625 policy_loss=0.002854 value_loss=0.576469
[iter=18590] rollout_mean_bb=8.9818 policy_loss=-0.002465 value_loss=0.561671
[iter=18595] rollout_mean_bb=10.4453 policy_loss=-0.005993 value_loss=0.479704
[iter=18600] rollout_mean_bb=13.0065 policy_loss=-0.002621 value_loss=0.629739
[iter=18605] rollout_mean_bb=18.1615 policy_loss=-0.001913 value_loss=0.587457
[iter=18610] rollout_mean_bb=22.6432 policy_loss=-0.001066 value_loss=0.578742
[iter=18615] rollout_mean_bb=5.4505 policy_loss=0.004341 value_loss=0.673283
[iter=18620] rollout_mean_bb=6.1940 policy_loss=0.009558 value_loss=0.719014
[iter=18625] rollout_mean_bb=12.5911 policy_loss=-0.018111 value_loss=0.572029
[iter=18630] rollout_mean_bb=10.3828 policy_loss=-0.008769 value_loss=0.558416
[iter=18635] rollout_mean_bb=8.8229 policy_loss=0.004792 value_loss=0.484158
[iter=18640] rollout_mean_bb=6.9219 policy_loss=0.016086 value_loss=0.530582
[iter=18645] rollout_mean_bb=2.3151 policy_loss=-0.009205 value_loss=0.537538
[iter=18650] rollout_mean_bb=2.6849 policy_loss=-0.016540 value_loss=0.547775
[iter=18655] rollout_mean_bb=12.3281 policy_loss=0.005385 value_loss=0.578852
[iter=18660] rollout_mean_bb=10.4766 policy_loss=-0.019235 value_loss=0.497707
[iter=18665] rollout_mean_bb=9.5729 policy_loss=0.017590 value_loss=0.593905
[iter=18670] rollout_mean_bb=13.9974 policy_loss=-0.000403 value_loss=0.410363
[iter=18675] rollout_mean_bb=12.0365 policy_loss=-0.000069 value_loss=0.657547
[iter=18680] rollout_mean_bb=16.5443 policy_loss=-0.006976 value_loss=0.579353
[iter=18685] rollout_mean_bb=11.9531 policy_loss=0.017201 value_loss=0.785760
[iter=18690] rollout_mean_bb=8.3073 policy_loss=-0.000483 value_loss=0.550857
[iter=18695] rollout_mean_bb=7.7161 policy_loss=-0.003665 value_loss=0.526514
[iter=18700] rollout_mean_bb=12.1693 policy_loss=0.056603 value_loss=0.629244
[iter=18705] rollout_mean_bb=14.3971 policy_loss=0.011346 value_loss=0.642107
[iter=18710] rollout_mean_bb=7.4570 policy_loss=-0.013307 value_loss=0.743662
[iter=18715] rollout_mean_bb=12.3802 policy_loss=0.018328 value_loss=0.578888
[iter=18720] rollout_mean_bb=15.0521 policy_loss=-0.004695 value_loss=0.680016
[iter=18725] rollout_mean_bb=6.6224 policy_loss=-0.010927 value_loss=0.609725
[iter=18730] rollout_mean_bb=7.6953 policy_loss=0.037407 value_loss=0.668728
[iter=18735] rollout_mean_bb=11.7526 policy_loss=-0.010295 value_loss=0.714834
[iter=18740] rollout_mean_bb=17.8685 policy_loss=0.015504 value_loss=0.792391
[iter=18745] rollout_mean_bb=8.5781 policy_loss=0.012393 value_loss=0.737530
[iter=18750] rollout_mean_bb=12.6120 policy_loss=-0.005212 value_loss=0.681130
[iter=18755] rollout_mean_bb=9.7083 policy_loss=0.001898 value_loss=0.626107
[iter=18760] rollout_mean_bb=16.0677 policy_loss=0.002953 value_loss=0.610225
[iter=18765] rollout_mean_bb=7.2969 policy_loss=-0.005289 value_loss=0.604756
[iter=18770] rollout_mean_bb=7.7708 policy_loss=0.006542 value_loss=0.651746
[iter=18775] rollout_mean_bb=8.6641 policy_loss=-0.009627 value_loss=0.763275
[iter=18780] rollout_mean_bb=16.2630 policy_loss=0.005418 value_loss=0.544592
[iter=18785] rollout_mean_bb=15.7161 policy_loss=0.001721 value_loss=0.657956
[iter=18790] rollout_mean_bb=2.4271 policy_loss=0.002807 value_loss=0.728830
[iter=18795] rollout_mean_bb=7.1159 policy_loss=-0.002463 value_loss=0.590569
[iter=18800] rollout_mean_bb=8.1901 policy_loss=0.006478 value_loss=0.621153
[iter=18805] rollout_mean_bb=16.0938 policy_loss=-0.046059 value_loss=0.696346
[iter=18810] rollout_mean_bb=8.9896 policy_loss=-0.015338 value_loss=0.562790
[iter=18815] rollout_mean_bb=8.7786 policy_loss=0.026346 value_loss=0.760261
[iter=18820] rollout_mean_bb=16.1745 policy_loss=0.005090 value_loss=0.747792
[iter=18825] rollout_mean_bb=14.4922 policy_loss=0.010236 value_loss=0.527415
[iter=18830] rollout_mean_bb=5.3568 policy_loss=0.016134 value_loss=0.648744
[iter=18835] rollout_mean_bb=12.0703 policy_loss=0.007823 value_loss=0.709720
[iter=18840] rollout_mean_bb=15.8411 policy_loss=-0.010748 value_loss=0.777865
[iter=18845] rollout_mean_bb=16.4193 policy_loss=0.015236 value_loss=0.770863
[iter=18850] rollout_mean_bb=16.4245 policy_loss=-0.035617 value_loss=0.897861
[iter=18855] rollout_mean_bb=6.5417 policy_loss=-0.033161 value_loss=0.943951
[iter=18860] rollout_mean_bb=9.8880 policy_loss=0.010328 value_loss=0.694485
[iter=18865] rollout_mean_bb=7.7682 policy_loss=-0.005721 value_loss=0.761264
[iter=18870] rollout_mean_bb=10.3724 policy_loss=-0.003044 value_loss=0.791518
[iter=18875] rollout_mean_bb=20.2109 policy_loss=0.016462 value_loss=0.679331
[iter=18880] rollout_mean_bb=14.0052 policy_loss=-0.000628 value_loss=0.808312
[iter=18885] rollout_mean_bb=18.9036 policy_loss=-0.006367 value_loss=0.833334
[iter=18890] rollout_mean_bb=17.8255 policy_loss=0.006946 value_loss=0.844481
[iter=18895] rollout_mean_bb=17.5365 policy_loss=-0.055204 value_loss=0.682296
[iter=18900] rollout_mean_bb=9.6341 policy_loss=0.000800 value_loss=0.740846
[iter=18905] rollout_mean_bb=20.1016 policy_loss=0.015112 value_loss=0.879418
[iter=18910] rollout_mean_bb=6.0469 policy_loss=-0.019381 value_loss=0.757048
[iter=18915] rollout_mean_bb=18.9219 policy_loss=0.004896 value_loss=0.715269
[iter=18920] rollout_mean_bb=21.0651 policy_loss=0.015734 value_loss=0.645358
[iter=18925] rollout_mean_bb=12.4922 policy_loss=0.005160 value_loss=0.921563
[iter=18930] rollout_mean_bb=15.3828 policy_loss=-0.011358 value_loss=0.825839
[iter=18935] rollout_mean_bb=9.7318 policy_loss=0.007085 value_loss=0.807857
[iter=18940] rollout_mean_bb=6.4505 policy_loss=0.005379 value_loss=0.747975
[iter=18945] rollout_mean_bb=12.7500 policy_loss=0.014569 value_loss=0.679767
[iter=18950] rollout_mean_bb=15.3880 policy_loss=0.007440 value_loss=0.764397
[iter=18955] rollout_mean_bb=9.7786 policy_loss=0.017286 value_loss=0.643493
[iter=18960] rollout_mean_bb=14.7708 policy_loss=-0.008479 value_loss=0.659684
[iter=18965] rollout_mean_bb=15.1771 policy_loss=-0.008311 value_loss=0.637193
[iter=18970] rollout_mean_bb=12.9271 policy_loss=0.019517 value_loss=0.723419
[iter=18975] rollout_mean_bb=8.7318 policy_loss=-0.025395 value_loss=0.718004
[iter=18980] rollout_mean_bb=8.9922 policy_loss=0.017587 value_loss=0.643610
[iter=18985] rollout_mean_bb=23.2656 policy_loss=0.006190 value_loss=0.843855
[iter=18990] rollout_mean_bb=13.2188 policy_loss=0.010625 value_loss=0.661093
[iter=18995] rollout_mean_bb=16.3125 policy_loss=-0.007962 value_loss=0.529145
[iter=19000] rollout_mean_bb=15.2474 policy_loss=-0.004339 value_loss=0.638568
[iter=19005] rollout_mean_bb=1.2070 policy_loss=-0.010171 value_loss=0.222326
[iter=19010] rollout_mean_bb=1.6693 policy_loss=0.145021 value_loss=0.279353
[iter=19015] rollout_mean_bb=2.2148 policy_loss=0.005074 value_loss=0.232807
[iter=19020] rollout_mean_bb=-1.1250 policy_loss=-0.012097 value_loss=0.167503
[iter=19025] rollout_mean_bb=-0.4961 policy_loss=-0.015042 value_loss=0.133345
[iter=19030] rollout_mean_bb=2.2708 policy_loss=0.025913 value_loss=0.207954
[iter=19035] rollout_mean_bb=-3.6562 policy_loss=0.024592 value_loss=0.248745
[iter=19040] rollout_mean_bb=-1.3438 policy_loss=-0.000216 value_loss=0.183061
[iter=19045] rollout_mean_bb=-0.7044 policy_loss=-0.061973 value_loss=0.222429
[iter=19050] rollout_mean_bb=-1.3958 policy_loss=-0.043127 value_loss=0.124632
[iter=19055] rollout_mean_bb=-1.9505 policy_loss=0.000738 value_loss=0.259893
[iter=19060] rollout_mean_bb=-0.8281 policy_loss=0.006468 value_loss=0.286655
[iter=19065] rollout_mean_bb=-0.0964 policy_loss=0.002531 value_loss=0.376805
[iter=19070] rollout_mean_bb=0.5339 policy_loss=-0.012688 value_loss=0.304027
[iter=19075] rollout_mean_bb=0.8672 policy_loss=-0.009598 value_loss=0.183197
[iter=19080] rollout_mean_bb=-1.3490 policy_loss=0.015516 value_loss=0.269572
[iter=19085] rollout_mean_bb=-1.3411 policy_loss=-0.024824 value_loss=0.256400
[iter=19090] rollout_mean_bb=1.6510 policy_loss=-0.007776 value_loss=0.249648
[iter=19095] rollout_mean_bb=1.6536 policy_loss=-0.040157 value_loss=0.291402
[iter=19100] rollout_mean_bb=-0.6562 policy_loss=-0.016201 value_loss=0.278807
[iter=19105] rollout_mean_bb=5.0951 policy_loss=-0.041495 value_loss=0.205147
[iter=19110] rollout_mean_bb=1.7956 policy_loss=0.005589 value_loss=0.252790
[iter=19115] rollout_mean_bb=4.0781 policy_loss=0.003173 value_loss=0.172361
[iter=19120] rollout_mean_bb=0.7760 policy_loss=-0.014845 value_loss=0.129870
[iter=19125] rollout_mean_bb=5.1615 policy_loss=-0.010077 value_loss=0.226721
[iter=19130] rollout_mean_bb=4.4831 policy_loss=0.025698 value_loss=0.153442
[iter=19135] rollout_mean_bb=2.0130 policy_loss=0.022794 value_loss=0.348237
[iter=19140] rollout_mean_bb=2.4154 policy_loss=-0.024991 value_loss=0.322905
[iter=19145] rollout_mean_bb=2.6901 policy_loss=-0.006260 value_loss=0.249161
[iter=19150] rollout_mean_bb=1.4870 policy_loss=0.002390 value_loss=0.297577
[iter=19155] rollout_mean_bb=2.6745 policy_loss=-0.007634 value_loss=0.299163
[iter=19160] rollout_mean_bb=1.9128 policy_loss=-0.009349 value_loss=0.360225
[iter=19165] rollout_mean_bb=1.8932 policy_loss=0.018547 value_loss=0.419422
[iter=19170] rollout_mean_bb=0.5260 policy_loss=-0.035647 value_loss=0.291085
[iter=19175] rollout_mean_bb=2.4089 policy_loss=-0.010443 value_loss=0.318332
[iter=19180] rollout_mean_bb=-0.1562 policy_loss=-0.006960 value_loss=0.317419
[iter=19185] rollout_mean_bb=1.1523 policy_loss=-0.020728 value_loss=0.361149
[iter=19190] rollout_mean_bb=2.3242 policy_loss=-0.001977 value_loss=0.269417
[iter=19195] rollout_mean_bb=-2.3880 policy_loss=-0.008138 value_loss=0.270812
[iter=19200] rollout_mean_bb=-0.0859 policy_loss=-0.034394 value_loss=0.294838
[iter=19205] rollout_mean_bb=-0.4661 policy_loss=-0.025679 value_loss=0.319116
[iter=19210] rollout_mean_bb=-1.1784 policy_loss=-0.003440 value_loss=0.296747
[iter=19215] rollout_mean_bb=0.9401 policy_loss=-0.015941 value_loss=0.204997
[iter=19220] rollout_mean_bb=0.0625 policy_loss=0.001834 value_loss=0.232724
[iter=19225] rollout_mean_bb=1.7578 policy_loss=0.012624 value_loss=0.276928
[iter=19230] rollout_mean_bb=2.0182 policy_loss=0.032675 value_loss=0.283826
[iter=19235] rollout_mean_bb=1.3099 policy_loss=-0.015586 value_loss=0.305492
[iter=19240] rollout_mean_bb=3.4479 policy_loss=0.003819 value_loss=0.312390
[iter=19245] rollout_mean_bb=2.9661 policy_loss=-0.036681 value_loss=0.235772
[iter=19250] rollout_mean_bb=-0.4089 policy_loss=-0.001707 value_loss=0.327872
[iter=19255] rollout_mean_bb=1.7513 policy_loss=0.004994 value_loss=0.343451
[iter=19260] rollout_mean_bb=4.3984 policy_loss=0.011142 value_loss=0.450817
[iter=19265] rollout_mean_bb=5.5091 policy_loss=0.056656 value_loss=0.512400
[iter=19270] rollout_mean_bb=3.1836 policy_loss=-0.043715 value_loss=0.470979
[iter=19275] rollout_mean_bb=0.7083 policy_loss=-0.028357 value_loss=0.470035
[iter=19280] rollout_mean_bb=-0.2435 policy_loss=-0.005644 value_loss=0.509392
[iter=19285] rollout_mean_bb=5.8086 policy_loss=0.013576 value_loss=0.332919
[iter=19290] rollout_mean_bb=2.7122 policy_loss=-0.027679 value_loss=0.539636
[iter=19295] rollout_mean_bb=4.5391 policy_loss=0.032857 value_loss=0.425504
[iter=19300] rollout_mean_bb=-2.1719 policy_loss=-0.013795 value_loss=0.547392
[iter=19305] rollout_mean_bb=-1.2930 policy_loss=0.004312 value_loss=0.553806
[iter=19310] rollout_mean_bb=1.0794 policy_loss=-0.012462 value_loss=0.441690
[iter=19315] rollout_mean_bb=5.4648 policy_loss=-0.000471 value_loss=0.434896
[iter=19320] rollout_mean_bb=3.2747 policy_loss=0.070851 value_loss=0.490134
[iter=19325] rollout_mean_bb=1.3997 policy_loss=0.005440 value_loss=0.666494
[iter=19330] rollout_mean_bb=4.8047 policy_loss=-0.026334 value_loss=0.471674
[iter=19335] rollout_mean_bb=2.2878 policy_loss=-0.020514 value_loss=0.576038
[iter=19340] rollout_mean_bb=6.1185 policy_loss=-0.011365 value_loss=0.504459
[iter=19345] rollout_mean_bb=0.9635 policy_loss=-0.014237 value_loss=0.543906
[iter=19350] rollout_mean_bb=4.2721 policy_loss=0.037999 value_loss=0.494181
[iter=19355] rollout_mean_bb=5.1198 policy_loss=0.008593 value_loss=0.387506
[iter=19360] rollout_mean_bb=5.4349 policy_loss=-0.013718 value_loss=0.478861
[iter=19365] rollout_mean_bb=4.6419 policy_loss=-0.016190 value_loss=0.364468
[iter=19370] rollout_mean_bb=5.9414 policy_loss=-0.003936 value_loss=0.472296
[iter=19375] rollout_mean_bb=8.7773 policy_loss=0.072003 value_loss=0.495776
[iter=19380] rollout_mean_bb=6.5299 policy_loss=-0.003811 value_loss=0.503423
[iter=19385] rollout_mean_bb=6.4023 policy_loss=-0.027156 value_loss=0.535628
[iter=19390] rollout_mean_bb=1.7904 policy_loss=-0.028478 value_loss=0.419309
[iter=19395] rollout_mean_bb=3.7070 policy_loss=-0.026377 value_loss=0.377553
[iter=19400] rollout_mean_bb=5.0977 policy_loss=-0.008673 value_loss=0.452629
[iter=19405] rollout_mean_bb=6.5677 policy_loss=-0.008879 value_loss=0.405775
[iter=19410] rollout_mean_bb=7.2331 policy_loss=0.019328 value_loss=0.476382
[iter=19415] rollout_mean_bb=3.3021 policy_loss=0.030805 value_loss=0.533608
[iter=19420] rollout_mean_bb=6.1458 policy_loss=0.007135 value_loss=0.357257
[iter=19425] rollout_mean_bb=1.6784 policy_loss=0.020759 value_loss=0.448099
[iter=19430] rollout_mean_bb=0.3529 policy_loss=0.003350 value_loss=0.369060
[iter=19435] rollout_mean_bb=2.6810 policy_loss=0.001645 value_loss=0.374602
[iter=19440] rollout_mean_bb=3.3333 policy_loss=-0.014475 value_loss=0.508956
[iter=19445] rollout_mean_bb=6.8151 policy_loss=-0.002236 value_loss=0.388913
[iter=19450] rollout_mean_bb=1.3503 policy_loss=-0.007740 value_loss=0.479264
[iter=19455] rollout_mean_bb=0.5898 policy_loss=-0.016069 value_loss=0.569787
[iter=19460] rollout_mean_bb=3.0247 policy_loss=0.042377 value_loss=0.489605
[iter=19465] rollout_mean_bb=9.5000 policy_loss=0.004688 value_loss=0.477721
[iter=19470] rollout_mean_bb=2.9167 policy_loss=0.003800 value_loss=0.499062
[iter=19475] rollout_mean_bb=2.3659 policy_loss=-0.021217 value_loss=0.341709
[iter=19480] rollout_mean_bb=3.7135 policy_loss=-0.007589 value_loss=0.432521
[iter=19485] rollout_mean_bb=2.2969 policy_loss=-0.003294 value_loss=0.464766
[iter=19490] rollout_mean_bb=0.9779 policy_loss=-0.018238 value_loss=0.402375
[iter=19495] rollout_mean_bb=3.2487 policy_loss=-0.017996 value_loss=0.290754
[iter=19500] rollout_mean_bb=0.3997 policy_loss=-0.014619 value_loss=0.384279
[iter=19505] rollout_mean_bb=2.7018 policy_loss=-0.005432 value_loss=0.310930
[iter=19510] rollout_mean_bb=5.4753 policy_loss=-0.011575 value_loss=0.342482
[iter=19515] rollout_mean_bb=3.6667 policy_loss=0.006902 value_loss=0.331035
[iter=19520] rollout_mean_bb=3.1445 policy_loss=-0.045734 value_loss=0.244626
[iter=19525] rollout_mean_bb=0.4766 policy_loss=-0.038297 value_loss=0.322637
[iter=19530] rollout_mean_bb=8.5599 policy_loss=-0.019161 value_loss=0.434557
[iter=19535] rollout_mean_bb=2.4141 policy_loss=0.072843 value_loss=0.415685
[iter=19540] rollout_mean_bb=0.8268 policy_loss=-0.003926 value_loss=0.411589
[iter=19545] rollout_mean_bb=5.1172 policy_loss=-0.011829 value_loss=0.293374
[iter=19550] rollout_mean_bb=4.5990 policy_loss=0.042277 value_loss=0.357361
[iter=19555] rollout_mean_bb=4.0273 policy_loss=-0.002196 value_loss=0.343428
[iter=19560] rollout_mean_bb=1.2461 policy_loss=-0.013991 value_loss=0.409293
[iter=19565] rollout_mean_bb=1.6732 policy_loss=-0.007602 value_loss=0.346633
[iter=19570] rollout_mean_bb=5.7930 policy_loss=-0.018593 value_loss=0.468110
[iter=19575] rollout_mean_bb=3.2943 policy_loss=-0.007743 value_loss=0.353523
[iter=19580] rollout_mean_bb=4.7760 policy_loss=-0.003268 value_loss=0.351192
[iter=19585] rollout_mean_bb=3.3216 policy_loss=-0.016802 value_loss=0.431675
[iter=19590] rollout_mean_bb=2.8659 policy_loss=0.042448 value_loss=0.385319
[iter=19595] rollout_mean_bb=3.7318 policy_loss=-0.038725 value_loss=0.402377
[iter=19600] rollout_mean_bb=6.2227 policy_loss=-0.003324 value_loss=0.345044
[iter=19605] rollout_mean_bb=4.6875 policy_loss=0.008685 value_loss=0.594697
[iter=19610] rollout_mean_bb=1.0026 policy_loss=-0.004274 value_loss=0.405572
[iter=19615] rollout_mean_bb=1.5000 policy_loss=-0.011114 value_loss=0.447577
[iter=19620] rollout_mean_bb=7.4714 policy_loss=0.016875 value_loss=0.329004
[iter=19625] rollout_mean_bb=4.7630 policy_loss=0.001505 value_loss=0.257259
[iter=19630] rollout_mean_bb=4.3451 policy_loss=0.037661 value_loss=0.469614
[iter=19635] rollout_mean_bb=2.7174 policy_loss=-0.047626 value_loss=0.368915
[iter=19640] rollout_mean_bb=1.5807 policy_loss=-0.000337 value_loss=0.430560
[iter=19645] rollout_mean_bb=5.3125 policy_loss=-0.008134 value_loss=0.318383
[iter=19650] rollout_mean_bb=2.3490 policy_loss=-0.000594 value_loss=0.406788
[iter=19655] rollout_mean_bb=2.5299 policy_loss=-0.017588 value_loss=0.220395
[iter=19660] rollout_mean_bb=3.3138 policy_loss=-0.008676 value_loss=0.270159
[iter=19665] rollout_mean_bb=0.7057 policy_loss=-0.008410 value_loss=0.219972
[iter=19670] rollout_mean_bb=3.3542 policy_loss=-0.007718 value_loss=0.261475
[iter=19675] rollout_mean_bb=-1.4206 policy_loss=-0.019408 value_loss=0.335394
[iter=19680] rollout_mean_bb=3.4805 policy_loss=-0.007344 value_loss=0.337350
[iter=19685] rollout_mean_bb=3.4948 policy_loss=-0.018146 value_loss=0.255996
[iter=19690] rollout_mean_bb=4.0820 policy_loss=-0.006452 value_loss=0.230487
[iter=19695] rollout_mean_bb=0.6810 policy_loss=-0.014166 value_loss=0.278064
[iter=19700] rollout_mean_bb=4.6107 policy_loss=-0.010086 value_loss=0.319816
[iter=19705] rollout_mean_bb=4.7721 policy_loss=-0.013778 value_loss=0.169974
[iter=19710] rollout_mean_bb=2.9271 policy_loss=0.005522 value_loss=0.334810
[iter=19715] rollout_mean_bb=2.8750 policy_loss=-0.020408 value_loss=0.164779
[iter=19720] rollout_mean_bb=0.8464 policy_loss=0.006655 value_loss=0.363347
[iter=19725] rollout_mean_bb=5.0638 policy_loss=-0.011826 value_loss=0.250323
[iter=19730] rollout_mean_bb=0.9922 policy_loss=0.002095 value_loss=0.405795
[iter=19735] rollout_mean_bb=-1.7891 policy_loss=-0.013747 value_loss=0.308788
[iter=19740] rollout_mean_bb=4.7969 policy_loss=0.000536 value_loss=0.205264
[iter=19745] rollout_mean_bb=1.2539 policy_loss=-0.001306 value_loss=0.440761
[iter=19750] rollout_mean_bb=1.8932 policy_loss=-0.022110 value_loss=0.309377
[iter=19755] rollout_mean_bb=1.5742 policy_loss=-0.017269 value_loss=0.206789
[iter=19760] rollout_mean_bb=6.6940 policy_loss=-0.007591 value_loss=0.389413
[iter=19765] rollout_mean_bb=1.8932 policy_loss=-0.034247 value_loss=0.310510
[iter=19770] rollout_mean_bb=4.3398 policy_loss=-0.029982 value_loss=0.256206
[iter=19775] rollout_mean_bb=3.4922 policy_loss=-0.011811 value_loss=0.315700
[iter=19780] rollout_mean_bb=0.7995 policy_loss=-0.006397 value_loss=0.341436
[iter=19785] rollout_mean_bb=4.3359 policy_loss=-0.021700 value_loss=0.266297
[iter=19790] rollout_mean_bb=2.7734 policy_loss=-0.001985 value_loss=0.293458
[iter=19795] rollout_mean_bb=5.0260 policy_loss=-0.013268 value_loss=0.252551
[iter=19800] rollout_mean_bb=5.8737 policy_loss=-0.018411 value_loss=0.277465
[iter=19805] rollout_mean_bb=6.0846 policy_loss=-0.059343 value_loss=0.204881
[iter=19810] rollout_mean_bb=6.7461 policy_loss=-0.008309 value_loss=0.298078
[iter=19815] rollout_mean_bb=3.9180 policy_loss=-0.017413 value_loss=0.321314
[iter=19820] rollout_mean_bb=0.2734 policy_loss=-0.014779 value_loss=0.211693
[iter=19825] rollout_mean_bb=4.6979 policy_loss=-0.003933 value_loss=0.315215
[iter=19830] rollout_mean_bb=2.6354 policy_loss=-0.014307 value_loss=0.308397
[iter=19835] rollout_mean_bb=2.2188 policy_loss=-0.028427 value_loss=0.226762
[iter=19840] rollout_mean_bb=0.8737 policy_loss=-0.010716 value_loss=0.315235
[iter=19845] rollout_mean_bb=2.9883 policy_loss=-0.008683 value_loss=0.224053
[iter=19850] rollout_mean_bb=2.3086 policy_loss=-0.003948 value_loss=0.321358
[iter=19855] rollout_mean_bb=2.5794 policy_loss=0.003471 value_loss=0.278948
[iter=19860] rollout_mean_bb=6.4844 policy_loss=-0.004510 value_loss=0.321326
[iter=19865] rollout_mean_bb=0.9544 policy_loss=-0.016481 value_loss=0.275780
[iter=19870] rollout_mean_bb=5.1549 policy_loss=-0.012653 value_loss=0.182825
[iter=19875] rollout_mean_bb=2.3047 policy_loss=-0.015060 value_loss=0.203059
[iter=19880] rollout_mean_bb=1.3451 policy_loss=-0.045826 value_loss=0.236247
[iter=19885] rollout_mean_bb=0.6940 policy_loss=0.009527 value_loss=0.318062
[iter=19890] rollout_mean_bb=2.5117 policy_loss=-0.011497 value_loss=0.286717
[iter=19895] rollout_mean_bb=5.1276 policy_loss=-0.010945 value_loss=0.266384
[iter=19900] rollout_mean_bb=2.1836 policy_loss=-0.007252 value_loss=0.239784
[iter=19905] rollout_mean_bb=5.4323 policy_loss=-0.012181 value_loss=0.218509
[iter=19910] rollout_mean_bb=5.4128 policy_loss=-0.000629 value_loss=0.378356
[iter=19915] rollout_mean_bb=3.8216 policy_loss=-0.020382 value_loss=0.252789
[iter=19920] rollout_mean_bb=3.3307 policy_loss=-0.018230 value_loss=0.234944
[iter=19925] rollout_mean_bb=3.8893 policy_loss=-0.028221 value_loss=0.169785
[iter=19930] rollout_mean_bb=2.7188 policy_loss=-0.026741 value_loss=0.264808
[iter=19935] rollout_mean_bb=6.1406 policy_loss=-0.008603 value_loss=0.311421
[iter=19940] rollout_mean_bb=1.4727 policy_loss=-0.000223 value_loss=0.237478
[iter=19945] rollout_mean_bb=1.4362 policy_loss=-0.039047 value_loss=0.117191
[iter=19950] rollout_mean_bb=1.7357 policy_loss=-0.014875 value_loss=0.220449
[iter=19955] rollout_mean_bb=3.3867 policy_loss=-0.024254 value_loss=0.172408
[iter=19960] rollout_mean_bb=2.8802 policy_loss=-0.006952 value_loss=0.270349
[iter=19965] rollout_mean_bb=0.4102 policy_loss=-0.024658 value_loss=0.160406
[iter=19970] rollout_mean_bb=3.7161 policy_loss=-0.011108 value_loss=0.230404
[iter=19975] rollout_mean_bb=4.0039 policy_loss=-0.024949 value_loss=0.194064
[iter=19980] rollout_mean_bb=3.0716 policy_loss=-0.005964 value_loss=0.248100
[iter=19985] rollout_mean_bb=-2.0026 policy_loss=-0.014549 value_loss=0.293108
[iter=19990] rollout_mean_bb=1.3646 policy_loss=-0.012699 value_loss=0.296314
[iter=19995] rollout_mean_bb=0.5729 policy_loss=-0.029707 value_loss=0.182434
[iter=20000] rollout_mean_bb=4.7135 policy_loss=-0.008391 value_loss=0.233916
Training completed successfully at step 20000
